AdjO,AdjH,AdjL,AdjC,AdjVo,Va,sma5,sma25,rsi,ret_lag1,ret_lag2,ret_lag3,EPS,EqAR,sma_dist,volatility_5d,op_margin
640.0,640.0,620.0,640.0,28660.0,18210400.0,636.0,616.8,71.8792427553299,0.0,0.0,0.032258064516129004,0.8,0.619,0.037613488975356754,0.033737796060387786,0.003343685669748569
640.0,640.0,620.0,640.0,31770.0,20196400.0,640.0,619.2,71.8792427553299,0.0,0.0,0.0,0.8,0.619,0.033591731266149796,0.014426245016127656,0.003343685669748569
640.0,660.0,620.0,640.0,52510.0,33594400.0,640.0,620.8,71.8792427553299,0.0,0.0,0.0,0.8,0.619,0.030927835051546466,0.0,0.003343685669748569
640.0,660.0,640.0,640.0,5325.0,3434100.0,640.0,623.2,71.8792427553299,0.0,0.0,0.0,0.8,0.619,0.026957637997432532,0.0,0.003343685669748569
640.0,660.0,620.0,640.0,29350.0,18788600.0,640.0,625.6,71.8792427553299,0.0,0.0,0.0,0.8,0.619,0.023017902813299195,0.0,0.003343685669748569
640.0,640.0,620.0,640.0,21895.0,13824700.0,640.0,627.2,71.8792427553299,0.0,0.0,0.0,0.8,0.619,0.020408163265306048,0.0,0.003343685669748569
640.0,640.0,620.0,620.0,15985.0,9946600.0,636.0,628.0,60.08839375990241,0.0,0.0,0.0,0.8,0.619,-0.012738853503184714,0.013975424859373675,0.003343685669748569
620.0,640.0,620.0,620.0,6800.0,4229100.0,632.0,628.8,60.08839375990241,-0.03125,0.0,0.0,0.8,0.619,-0.013994910941475756,0.013975424859373675,0.003343685669748569
640.0,640.0,620.0,640.0,21150.0,13451900.0,632.0,630.4,66.4677104020735,0.0,-0.03125,0.0,0.8,0.619,0.015228426395939123,0.022455188640451255,0.003343685669748569
640.0,640.0,620.0,640.0,7775.0,4908700.0,632.0,632.0,66.4677104020735,0.032258064516129004,0.0,-0.03125,0.8,0.619,0.012658227848101266,0.022455188640451255,0.003343685669748569
640.0,640.0,620.0,620.0,5780.0,3622200.0,628.0,632.8,56.073288382739776,0.0,0.032258064516129004,0.0,0.8,0.619,-0.02022756005056883,0.026508455226420764,0.003343685669748569
620.0,660.0,620.0,640.0,66220.0,42324500.0,632.0,634.4,62.40479128194517,-0.03125,0.0,0.032258064516129004,0.8,0.619,0.008827238335435092,0.026628935786542962,0.003343685669748569
640.0,660.0,620.0,640.0,32140.0,20578600.0,636.0,635.2,62.40479128194517,0.032258064516129004,-0.03125,0.0,0.8,0.619,0.00755667506297222,0.026628935786542962,0.003343685669748569
640.0,640.0,620.0,640.0,21535.0,13778300.0,636.0,636.0,62.40479128194517,0.0,0.032258064516129004,-0.03125,0.8,0.619,0.006289308176100629,0.02245518864045126,0.003343685669748569
640.0,660.0,620.0,660.0,27255.0,17464900.0,640.0,637.6,68.14032132126417,0.0,0.0,0.032258064516129004,0.8,0.619,0.03513174404015053,0.026389350034916513,0.003343685669748569
660.0,680.0,660.0,660.0,62865.0,41575100.0,648.0,638.4,68.14032132126417,0.03125,0.0,0.0,0.8,0.619,0.03383458646616545,0.01739605109363746,0.003343685669748569
660.0,660.0,640.0,660.0,12830.0,8338500.0,652.0,639.2,68.14032132126417,0.0,0.03125,0.0,0.8,0.619,0.03254067584480593,0.013975424859373685,0.003343685669748569
640.0,680.0,640.0,660.0,35365.0,23310900.0,656.0,640.8,68.14032132126417,0.0,0.0,0.03125,0.8,0.619,0.029962546816479474,0.013975424859373685,0.003343685669748569
640.0,680.0,640.0,660.0,29230.0,19046000.0,660.0,642.4,68.14032132126417,0.0,0.0,0.0,0.8,0.619,0.02739726027397264,0.013975424859373685,0.003343685669748569
660.0,660.0,640.0,660.0,19800.0,12897400.0,660.0,642.4,68.14032132126417,0.0,0.0,0.0,0.8,0.619,0.02739726027397264,0.0,0.003343685669748569
660.0,660.0,640.0,660.0,7060.0,4622700.0,660.0,642.4,68.14032132126417,0.0,0.0,0.0,0.8,0.619,0.02739726027397264,0.0,0.003343685669748569
640.0,660.0,640.0,660.0,4185.0,2705600.0,660.0,644.0,68.14032132126418,0.0,0.0,0.0,0.8,0.619,0.024844720496894408,0.0,0.003343685669748569
660.0,660.0,620.0,640.0,37235.0,23757000.0,656.0,644.0,53.40125457454799,0.0,0.0,0.0,0.8,0.619,-0.006211180124223602,0.013551927136362347,0.003343685669748569
640.0,640.0,620.0,620.0,47710.0,29694400.0,648.0,643.2,43.31200659855372,-0.030303030303030276,0.0,0.0,0.8,0.619,-0.0360696517412936,0.01686031611246671,0.003343685669748569
620.0,640.0,600.0,640.0,38975.0,24192500.0,644.0,643.2,52.8960605460211,-0.03125,-0.030303030303030276,0.0,0.8,0.619,-0.004975124378109523,0.026285832057317344,0.003343685669748569
640.0,640.0,620.0,640.0,20545.0,12785500.0,640.0,643.2,52.8960605460211,0.032258064516129004,-0.03125,-0.030303030303030276,0.8,0.619,-0.004975124378109523,0.026285832057317344,0.003343685669748569
620.0,640.0,620.0,620.0,11565.0,7171700.0,632.0,642.4,44.22461347144948,0.0,0.032258064516129004,-0.03125,0.8,0.619,-0.03486924034869237,0.02819061366592479,0.003343685669748569
620.0,640.0,620.0,620.0,7320.0,4549900.0,628.0,641.6,44.22461347144948,-0.03125,0.0,0.032258064516129004,0.8,0.619,-0.033665835411471355,0.026508455226420764,0.003343685669748569
620.0,640.0,620.0,640.0,10165.0,6459200.0,632.0,641.6,53.13482231524937,0.0,-0.03125,0.0,0.8,0.619,-0.0024937655860349482,0.026628935786542966,0.003343685669748569
640.0,640.0,620.0,640.0,8585.0,5369000.0,632.0,641.6,53.13482231524937,0.032258064516129004,0.0,-0.03125,0.8,0.619,-0.0024937655860349482,0.02245518864045126,0.003343685669748569
620.0,640.0,620.0,640.0,4170.0,2610300.0,632.0,641.6,53.13482231524937,0.0,0.032258064516129004,0.0,0.8,0.619,-0.0024937655860349482,0.02245518864045126,0.003343685669748569
640.0,640.0,620.0,620.0,27130.0,17010100.0,632.0,641.6,44.29651828517348,0.0,0.0,0.032258064516129004,0.8,0.619,-0.033665835411471355,0.02245518864045126,0.003343685669748569
620.0,640.0,620.0,620.0,6815.0,4257200.0,632.0,641.6,44.296518285173484,-0.03125,0.0,0.0,0.8,0.619,-0.033665835411471355,0.02245518864045126,0.003343685669748569
620.0,640.0,620.0,620.0,6035.0,3754100.0,628.0,640.8,44.29651828517348,0.0,-0.03125,0.0,0.8,0.619,-0.03245942571785262,0.013975424859373678,0.003343685669748569
640.0,640.0,620.0,620.0,5130.0,3210200.0,624.0,640.0,44.29651828517348,0.0,0.0,-0.03125,0.8,0.619,-0.03125,0.013975424859373678,0.003343685669748569
640.0,640.0,620.0,620.0,4165.0,2599000.0,620.0,640.0,44.29651828517348,0.0,0.0,0.0,0.8,0.619,-0.03125,0.013975424859373678,0.003343685669748569
620.0,640.0,620.0,620.0,7735.0,4828700.0,620.0,639.2,44.29651828517348,0.0,0.0,0.0,0.76,0.586,-0.030037546933667152,0.0,0.003190984370329999
620.0,620.0,580.0,580.0,116235.0,68831300.0,612.0,636.8,29.162539056790038,0.0,0.0,0.0,0.76,0.586,-0.08919597989949742,0.02885249003225537,0.003190984370329999
580.0,620.0,580.0,600.0,56985.0,34159400.0,608.0,635.2,40.16935949196179,-0.06451612903225812,0.0,0.0,0.76,0.586,-0.055415617128463546,0.03595480106934273,0.003190984370329999
600.0,600.0,580.0,600.0,8245.0,4938500.0,604.0,632.8,40.16935949196179,0.034482758620689724,-0.06451612903225812,0.0,0.76,0.586,-0.051833122629582735,0.03595480106934273,0.003190984370329999
600.0,620.0,600.0,600.0,30145.0,18107900.0,600.0,630.4,40.16935949196179,0.0,0.034482758620689724,-0.06451612903225812,0.76,0.586,-0.04822335025380707,0.03595480106934273,0.003190984370329999
600.0,620.0,580.0,600.0,26965.0,16225500.0,596.0,628.0,40.16935949196179,0.0,0.0,0.034482758620689724,0.76,0.586,-0.044585987261146494,0.03595480106934273,0.003190984370329999
580.0,600.0,580.0,580.0,40375.0,23441200.0,596.0,624.8,33.225391163300486,0.0,0.0,0.0,0.76,0.586,-0.0717029449423815,0.02397867551338907,0.003190984370329999
600.0,600.0,580.0,580.0,4430.0,2589500.0,592.0,621.6,33.225391163300486,-0.033333333333333326,0.0,0.0,0.76,0.586,-0.06692406692406695,0.014907119849998584,0.003190984370329999
580.0,600.0,580.0,580.0,15265.0,8870700.0,588.0,618.4,33.225391163300486,0.0,-0.033333333333333326,0.0,0.76,0.586,-0.06209573091849932,0.014907119849998584,0.003190984370329999
580.0,600.0,580.0,600.0,10585.0,6247400.0,588.0,616.0,45.08247366176648,0.0,0.0,-0.033333333333333326,0.76,0.586,-0.025974025974025976,0.02397867551338907,0.003190984370329999
600.0,600.0,580.0,580.0,5590.0,3338800.0,584.0,612.8,37.84538210729256,0.034482758620689724,0.0,0.0,0.76,0.586,-0.05352480417754562,0.028302482562898048,0.003190984370329999
600.0,600.0,580.0,600.0,10370.0,6198600.0,588.0,611.2,47.006772375597514,-0.033333333333333326,0.034482758620689724,0.0,0.76,0.586,-0.018324607329843003,0.028439857107962273,0.003190984370329999
600.0,600.0,580.0,580.0,1845.0,1087700.0,588.0,609.6,40.567319374899185,0.034482758620689724,-0.033333333333333326,0.034482758620689724,0.76,0.586,-0.04855643044619426,0.03390902005224698,0.003190984370329999
580.0,600.0,580.0,580.0,6275.0,3654200.0,588.0,607.2,40.567319374899185,-0.033333333333333326,0.034482758620689724,-0.033333333333333326,0.76,0.586,-0.04479578392621878,0.03390902005224698,0.003190984370329999
580.0,600.0,580.0,580.0,4480.0,2616300.0,584.0,604.8,40.567319374899185,0.0,-0.033333333333333326,0.034482758620689724,0.76,0.586,-0.041005291005290934,0.028302482562898048,0.003190984370329999
580.0,600.0,580.0,580.0,3630.0,2112200.0,584.0,603.2,40.567319374899185,0.0,0.0,-0.033333333333333326,0.76,0.586,-0.03846153846153853,0.023978675513389072,0.003190984370329999
580.0,600.0,580.0,580.0,8255.0,4798800.0,580.0,601.6,40.567319374899185,0.0,0.0,0.0,0.76,0.586,-0.035904255319148974,0.014907119849998587,0.003190984370329999
580.0,600.0,580.0,580.0,6560.0,3805300.0,580.0,599.2,40.56731937489919,0.0,0.0,0.0,0.76,0.586,-0.03204272363150875,0.0,0.003190984370329999
580.0,600.0,580.0,580.0,2310.0,1350300.0,580.0,596.8,40.56731937489919,0.0,0.0,0.0,0.76,0.586,-0.028150134048257298,0.0,0.003190984370329999
600.0,600.0,580.0,580.0,15850.0,9215400.0,580.0,594.4,40.56731937489919,0.0,0.0,0.0,0.76,0.586,-0.024226110363391617,0.0,0.003190984370329999
580.0,580.0,560.0,580.0,59725.0,34624100.0,580.0,592.8,40.56731937489919,0.0,0.0,0.0,0.76,0.586,-0.02159244264507415,0.0,0.003190984370329999
580.0,580.0,560.0,580.0,14045.0,8135300.0,580.0,591.2,40.56731937489919,0.0,0.0,0.0,0.76,0.586,-0.018944519621109684,0.0,0.003190984370329999
580.0,580.0,560.0,580.0,14510.0,8385200.0,580.0,589.6,40.56731937489919,0.0,0.0,0.0,0.76,0.586,-0.016282225237449155,0.0,0.003190984370329999
560.0,600.0,560.0,580.0,18805.0,10836200.0,580.0,588.0,40.56731937489919,0.0,0.0,0.0,0.76,0.586,-0.013605442176870748,0.0,0.003190984370329999
580.0,600.0,580.0,580.0,8650.0,5021600.0,580.0,586.4,40.567319374899185,0.0,0.0,0.0,0.76,0.586,-0.01091405184174621,0.0,0.003190984370329999
600.0,600.0,580.0,580.0,2210.0,1295400.0,580.0,584.8,40.567319374899185,0.0,0.0,0.0,0.76,0.586,-0.008207934336525231,0.0,0.003190984370329999
600.0,600.0,580.0,600.0,2790.0,1664200.0,584.0,585.6,57.13817054219712,0.0,0.0,0.0,0.76,0.586,0.02459016393442619,0.015421158465515821,0.003190984370329999
600.0,600.0,580.0,600.0,2825.0,1665400.0,588.0,585.6,57.138170542197116,0.034482758620689724,0.0,0.0,0.76,0.586,0.02459016393442619,0.015421158465515821,0.003190984370329999
600.0,600.0,580.0,580.0,3805.0,2257500.0,588.0,584.8,43.17652639977292,0.0,0.034482758620689724,0.0,0.76,0.586,-0.008207934336525231,0.023978675513389072,0.003190984370329999
580.0,600.0,580.0,580.0,6760.0,3952600.0,588.0,584.0,43.17652639977292,-0.033333333333333326,0.0,0.034482758620689724,0.76,0.586,-0.00684931506849315,0.023978675513389072,0.003190984370329999
600.0,600.0,580.0,580.0,5325.0,3110100.0,588.0,583.2,43.17652639977292,0.0,-0.033333333333333326,0.0,0.76,0.586,-0.0054869684499314906,0.023978675513389072,0.003190984370329999
580.0,600.0,580.0,580.0,6055.0,3520500.0,584.0,583.2,43.17652639977292,0.0,0.0,-0.033333333333333326,0.76,0.586,-0.0054869684499314906,0.01490711984999859,0.003190984370329999
580.0,600.0,580.0,600.0,6425.0,3752300.0,584.0,584.0,57.23254623824225,0.0,0.0,0.0,0.76,0.586,0.0273972602739726,0.023978675513389072,0.003190984370329999
600.0,600.0,580.0,580.0,4505.0,2670400.0,584.0,584.0,45.19343082038453,0.034482758620689724,0.0,0.0,0.76,0.586,-0.00684931506849315,0.023978675513389072,0.003190984370329999
580.0,600.0,580.0,600.0,7785.0,4572500.0,588.0,584.0,55.315952173080554,-0.033333333333333326,0.034482758620689724,0.0,0.76,0.586,0.0273972602739726,0.028439857107962277,0.003190984370329999
580.0,600.0,580.0,580.0,6265.0,3642800.0,588.0,584.0,46.13881533148662,0.034482758620689724,-0.033333333333333326,0.034482758620689724,0.76,0.586,-0.00684931506849315,0.03390902005224699,0.003190984370329999
580.0,600.0,580.0,580.0,9210.0,5345900.0,588.0,583.2,46.13881533148662,-0.033333333333333326,0.034482758620689724,-0.033333333333333326,0.76,0.586,-0.0054869684499314906,0.03390902005224699,0.003190984370329999
600.0,600.0,580.0,580.0,5395.0,3211000.0,584.0,583.2,46.13881533148662,0.0,-0.033333333333333326,0.034482758620689724,0.76,0.586,-0.0054869684499314906,0.02830248256289805,0.003190984370329999
600.0,600.0,580.0,600.0,4385.0,2600400.0,588.0,584.0,55.38375147704816,0.0,0.0,-0.033333333333333326,0.76,0.586,0.0273972602739726,0.028439857107962277,0.003190984370329999
600.0,620.0,580.0,600.0,68195.0,40888000.0,588.0,584.8,55.38375147704816,0.034482758620689724,0.0,0.0,0.76,0.586,0.025991792065663554,0.023978675513389076,0.003190984370329999
600.0,620.0,600.0,600.0,8315.0,4995800.0,592.0,585.6,55.38375147704816,0.0,0.034482758620689724,0.0,0.76,0.586,0.02459016393442619,0.015421158465515825,0.003190984370329999
600.0,620.0,600.0,600.0,11085.0,6674800.0,596.0,586.4,55.38375147704816,0.0,0.0,0.034482758620689724,0.76,0.586,0.023192360163710818,0.015421158465515825,0.003190984370329999
600.0,620.0,600.0,600.0,7085.0,4252300.0,600.0,587.2,55.38375147704816,0.0,0.0,0.0,0.76,0.586,0.021798365122615723,0.015421158465515825,0.003190984370329999
600.0,600.0,580.0,600.0,26345.0,15803600.0,600.0,588.0,55.38375147704816,0.0,0.0,0.0,0.76,0.586,0.02040816326530612,0.0,0.003190984370329999
600.0,600.0,580.0,600.0,5955.0,3564200.0,600.0,588.8,55.38375147704816,0.0,0.0,0.0,0.76,0.586,0.01902173913043486,0.0,0.003190984370329999
600.0,600.0,580.0,600.0,2415.0,1439900.0,600.0,589.6,55.38375147704816,0.0,0.0,0.0,0.76,0.586,0.01763907734056984,0.0,0.003190984370329999
580.0,600.0,580.0,600.0,4000.0,2364500.0,600.0,590.4,55.38375147704816,0.0,0.0,0.0,0.76,0.586,0.016260162601626056,0.0,0.003190984370329999
600.0,600.0,580.0,600.0,7760.0,4620300.0,600.0,591.2,55.38375147704816,0.0,0.0,0.0,0.76,0.586,0.014884979702300329,0.0,0.003190984370329999
600.0,600.0,580.0,600.0,5180.0,3089100.0,600.0,592.0,55.383751477048165,0.0,0.0,0.0,0.76,0.586,0.013513513513513514,0.0,0.003190984370329999
580.0,600.0,580.0,580.0,3400.0,1977500.0,596.0,592.0,39.90626036585696,0.0,0.0,0.0,0.76,0.586,-0.02027027027027027,0.01490711984999859,0.003190984370329999
600.0,600.0,580.0,580.0,8405.0,4926400.0,592.0,592.0,39.90626036585696,-0.033333333333333326,0.0,0.0,0.76,0.586,-0.02027027027027027,0.01490711984999859,0.003190984370329999
580.0,600.0,580.0,580.0,10520.0,6103400.0,588.0,591.2,39.90626036585696,0.0,-0.033333333333333326,0.0,0.76,0.586,-0.018944519621109684,0.01490711984999859,0.003190984370329999
580.0,600.0,580.0,580.0,6110.0,3544900.0,584.0,590.4,39.90626036585695,0.0,0.0,-0.033333333333333326,0.76,0.586,-0.017615176151761478,0.01490711984999859,0.003190984370329999
580.0,600.0,580.0,580.0,6490.0,3775200.0,580.0,590.4,39.90626036585695,0.0,0.0,0.0,0.76,0.586,-0.017615176151761478,0.01490711984999859,0.003190984370329999
580.0,600.0,560.0,580.0,60085.0,34856600.0,580.0,590.4,39.90626036585695,0.0,0.0,0.0,0.76,0.586,-0.017615176151761478,0.0,0.003190984370329999
580.0,580.0,560.0,580.0,16895.0,9656600.0,580.0,590.4,39.90626036585695,0.0,0.0,0.0,0.76,0.586,-0.017615176151761478,0.0,0.003190984370329999
580.0,580.0,560.0,580.0,34275.0,19852200.0,580.0,590.4,39.90626036585695,0.0,0.0,0.0,0.76,0.586,-0.017615176151761478,0.0,0.003190984370329999
580.0,580.0,560.0,560.0,103150.0,58071300.0,576.0,588.8,26.505454492443988,0.0,0.0,0.0,0.76,0.586,-0.048913043478260795,0.015421158465515769,0.003190984370329999
540.0,560.0,500.0,500.0,113940.0,60710500.0,560.0,585.6,12.712964819181423,-0.03448275862068961,0.0,0.0,0.76,0.586,-0.14617486338797817,0.04652174080670959,0.003190984370329999
500.0,540.0,500.0,520.0,49630.0,25827600.0,548.0,582.4,26.451612757847627,-0.1071428571428571,-0.03448275862068961,0.0,0.76,0.586,-0.10714285714285711,0.05523381962838399,0.003190984370329999
520.0,540.0,520.0,540.0,27630.0,14752400.0,540.0,580.8,37.111448809874155,0.040000000000000036,-0.1071428571428571,-0.03448275862068961,0.76,0.586,-0.07024793388429745,0.06113510098006919,0.003190984370329999
520.0,540.0,520.0,540.0,7430.0,3930200.0,532.0,579.2,37.11144880987415,0.03846153846153855,0.040000000000000036,-0.1071428571428571,0.76,0.586,-0.0676795580110498,0.06113510098006919,0.003190984370329999
520.0,540.0,520.0,540.0,10825.0,5706400.0,528.0,577.6,37.11144880987415,0.0,0.03846153846153855,0.040000000000000036,0.76,0.586,-0.06509695290858729,0.05998824503455495,0.003190984370329999
540.0,560.0,520.0,560.0,20075.0,10864900.0,540.0,576.0,46.750738088185216,0.0,0.0,0.03846153846153855,0.76,0.586,-0.027777777777777776,0.021113075716669233,0.003190984370329999
560.0,560.0,540.0,560.0,13325.0,7367400.0,548.0,574.4,46.750738088185216,0.03703703703703698,0.0,0.0,1.26,0.62,-0.025069637883008318,0.020682269416389242,0.009904086738949124
600.0,720.0,560.0,600.0,739665.0,472470600.0,560.0,574.4,60.71693479032784,0.0,0.03703703703703698,0.0,1.26,0.62,0.04456824512534823,0.03209682727640867,0.009904086738949124
620.0,620.0,580.0,600.0,44940.0,26852600.0,572.0,574.4,60.71693479032785,0.0714285714285714,0.0,0.03703703703703698,1.26,0.62,0.04456824512534823,0.03209682727640867,0.009904086738949124
580.0,600.0,560.0,580.0,122475.0,70450100.0,580.0,573.6,52.7015028161719,0.0,0.0714285714285714,0.0,1.26,0.62,0.011157601115760071,0.040174377053695906,0.009904086738949124
560.0,580.0,560.0,560.0,28245.0,15882500.0,580.0,572.0,46.14163938395729,-0.033333333333333326,0.0,0.0714285714285714,1.26,0.62,-0.02097902097902098,0.04301047130623999,0.009904086738949124
580.0,580.0,560.0,560.0,21665.0,12180200.0,580.0,570.4,46.14163938395729,-0.03448275862068961,-0.033333333333333326,0.0,1.26,0.62,-0.018232819074333762,0.04301047130623999,0.009904086738949124
560.0,580.0,560.0,560.0,13405.0,7529300.0,572.0,568.8,46.14163938395729,0.0,-0.03448275862068961,-0.033333333333333326,1.26,0.62,-0.015471167369901468,0.01857664721916039,0.009904086738949124
580.0,600.0,560.0,580.0,85065.0,49227400.0,568.0,568.0,53.388052612437924,0.0,0.0,-0.03448275862068961,1.26,0.62,0.02112676056338028,0.029024027824006315,0.009904086738949124
600.0,600.0,580.0,580.0,12245.0,7179900.0,568.0,567.2,53.388052612437924,0.03571428571428581,0.0,0.0,1.26,0.62,0.02256699576868821,0.0248206945630956,0.009904086738949124
580.0,600.0,580.0,580.0,5745.0,3355100.0,572.0,566.4,53.388052612437924,0.0,0.03571428571428581,0.0,1.26,0.62,0.02401129943502829,0.015971914124998567,0.009904086738949124
600.0,600.0,580.0,580.0,13310.0,7763100.0,576.0,566.4,53.388052612437924,0.0,0.0,0.03571428571428581,1.26,0.62,0.02401129943502829,0.015971914124998567,0.009904086738949124
580.0,600.0,560.0,580.0,53715.0,31142800.0,580.0,566.4,53.388052612437924,0.0,0.0,0.0,1.26,0.62,0.02401129943502829,0.015971914124998567,0.009904086738949124
580.0,600.0,560.0,580.0,21110.0,12241700.0,580.0,566.4,53.388052612437924,0.0,0.0,0.0,1.26,0.62,0.02401129943502829,0.0,0.009904086738949124
600.0,600.0,580.0,580.0,8820.0,5174300.0,580.0,566.4,53.388052612437924,0.0,0.0,0.0,1.26,0.62,0.02401129943502829,0.0,0.009904086738949124
580.0,620.0,560.0,580.0,166790.0,98498900.0,580.0,566.4,53.388052612437924,0.0,0.0,0.0,1.26,0.62,0.02401129943502829,0.0,0.009904086738949124
560.0,580.0,560.0,560.0,17895.0,10069700.0,576.0,565.6,42.936630411956735,0.0,0.0,0.0,1.26,0.62,-0.009900990099009941,0.015421158465515792,0.009904086738949124
560.0,580.0,560.0,560.0,14660.0,8240100.0,572.0,564.8,42.936630411956735,-0.03448275862068961,0.0,0.0,1.26,0.62,-0.008498583569405018,0.015421158465515792,0.009904086738949124
580.0,580.0,560.0,580.0,10335.0,5846200.0,572.0,564.8,53.4950687051169,0.0,-0.03448275862068961,0.0,1.26,0.62,0.02691218130311623,0.0248206945630956,0.009904086738949124
560.0,580.0,540.0,560.0,90970.0,50950500.0,568.0,564.8,44.6066148400675,0.03571428571428581,0.0,-0.03448275862068961,1.26,0.62,-0.008498583569405018,0.02929378180029618,0.009904086738949124
560.0,580.0,560.0,560.0,14495.0,8152600.0,564.0,567.2,44.6066148400675,-0.03448275862068961,0.03571428571428581,0.0,1.26,0.62,-0.012693935119887244,0.02929378180029618,0.009904086738949124
560.0,580.0,560.0,560.0,9130.0,5138700.0,564.0,568.8,44.6066148400675,0.0,-0.03448275862068961,0.03571428571428581,1.26,0.62,-0.015471167369901468,0.0248206945630956,0.009904086738949124
560.0,580.0,560.0,560.0,5030.0,2837700.0,564.0,569.6,44.6066148400675,0.0,0.0,-0.03448275862068961,1.26,0.62,-0.0168539325842697,0.0248206945630956,0.009904086738949124
580.0,580.0,540.0,560.0,47315.0,26338200.0,560.0,570.4,44.60661484006749,0.0,0.0,0.0,1.26,0.62,-0.018232819074333762,0.01542115846551579,0.009904086738949124
560.0,560.0,540.0,560.0,6480.0,3623800.0,560.0,571.2,44.6066148400675,0.0,0.0,0.0,1.26,0.62,-0.01960784313725498,0.0,0.009904086738949124
560.0,580.0,540.0,560.0,23645.0,13257800.0,560.0,571.2,44.6066148400675,0.0,0.0,0.0,1.26,0.62,-0.01960784313725498,0.0,0.009904086738949124
560.0,580.0,560.0,560.0,6485.0,3633500.0,560.0,571.2,44.6066148400675,0.0,0.0,0.0,1.26,0.62,-0.01960784313725498,0.0,0.009904086738949124
560.0,580.0,560.0,560.0,11320.0,6341500.0,560.0,569.6,44.6066148400675,0.0,0.0,0.0,1.26,0.62,-0.0168539325842697,0.0,0.009904086738949124
560.0,580.0,560.0,560.0,4225.0,2374700.0,560.0,568.0,44.6066148400675,0.0,0.0,0.0,1.26,0.62,-0.014084507042253521,0.0,0.009904086738949124
560.0,580.0,560.0,560.0,6095.0,3425900.0,560.0,567.2,44.6066148400675,0.0,0.0,0.0,1.26,0.62,-0.012693935119887244,0.0,0.009904086738949124
560.0,580.0,560.0,560.0,5640.0,3180200.0,560.0,567.2,44.6066148400675,0.0,0.0,0.0,1.26,0.62,-0.012693935119887244,0.0,0.009904086738949124
560.0,580.0,560.0,560.0,4415.0,2478100.0,560.0,567.2,44.6066148400675,0.0,0.0,0.0,1.26,0.62,-0.012693935119887244,0.0,0.009904086738949124
560.0,580.0,540.0,560.0,36750.0,20579300.0,560.0,567.2,44.6066148400675,0.0,0.0,0.0,1.26,0.62,-0.012693935119887244,0.0,0.009904086738949124
560.0,580.0,560.0,560.0,3555.0,1992100.0,560.0,566.4,44.6066148400675,0.0,0.0,0.0,1.26,0.62,-0.011299435028248548,0.0,0.009904086738949124
560.0,580.0,560.0,560.0,6975.0,3908300.0,560.0,565.6,44.6066148400675,0.0,0.0,0.0,1.26,0.62,-0.009900990099009941,0.0,0.009904086738949124
560.0,580.0,560.0,560.0,5660.0,3170700.0,560.0,564.8,44.6066148400675,0.0,0.0,0.0,1.26,0.62,-0.008498583569405018,0.0,0.009904086738949124
580.0,580.0,540.0,540.0,22100.0,12394800.0,556.0,563.2,28.131104541857965,0.0,0.0,0.0,1.26,0.62,-0.04119318181818189,0.01597191412499851,0.009904086738949124
560.0,580.0,560.0,560.0,10670.0,5988700.0,556.0,562.4,48.58291447362522,-0.0357142857142857,0.0,0.0,1.26,0.62,-0.004267425320056859,0.02572402759266186,0.009904086738949124
560.0,580.0,560.0,560.0,9320.0,5238500.0,556.0,561.6,48.58291447362522,0.03703703703703698,-0.0357142857142857,0.0,1.26,0.62,-0.0028490028490028895,0.02572402759266186,0.009904086738949124
580.0,580.0,560.0,560.0,12835.0,7294700.0,556.0,560.8,48.58291447362523,0.0,0.03703703703703698,-0.0357142857142857,1.26,0.62,-0.001426533523537722,0.02572402759266186,0.009904086738949124
580.0,580.0,560.0,560.0,7180.0,4121400.0,556.0,560.0,48.58291447362523,0.0,0.0,0.03703703703703698,1.26,0.62,0.0,0.02572402759266186,0.009904086738949124
560.0,580.0,560.0,560.0,4580.0,2572000.0,560.0,560.0,48.58291447362523,0.0,0.0,0.0,1.26,0.62,0.0,0.01656346649999844,0.009904086738949124
560.0,580.0,560.0,580.0,7955.0,4468600.0,564.0,560.8,63.59094248111725,0.0,0.0,0.0,1.26,0.62,0.03423680456490736,0.015971914124998567,0.009904086738949124
560.0,580.0,560.0,560.0,5775.0,3240300.0,564.0,560.0,48.3823821105545,0.03571428571428581,0.0,0.0,1.26,0.62,0.0,0.0248206945630956,0.009904086738949124
580.0,580.0,560.0,560.0,5075.0,2886500.0,564.0,560.0,48.3823821105545,-0.03448275862068961,0.03571428571428581,0.0,1.26,0.62,0.0,0.0248206945630956,0.009904086738949124
560.0,580.0,560.0,560.0,3905.0,2217700.0,564.0,560.0,48.3823821105545,0.0,-0.03448275862068961,0.03571428571428581,1.26,0.62,0.0,0.0248206945630956,0.009904086738949124
560.0,580.0,560.0,560.0,7690.0,4378400.0,564.0,560.0,48.3823821105545,0.0,0.0,-0.03448275862068961,1.26,0.62,0.0,0.0248206945630956,0.009904086738949124
580.0,580.0,560.0,560.0,7635.0,4350700.0,560.0,560.0,48.3823821105545,0.0,0.0,0.0,1.26,0.62,0.0,0.015421158465515793,0.009904086738949124
580.0,580.0,560.0,560.0,14180.0,8026400.0,560.0,560.0,48.3823821105545,0.0,0.0,0.0,1.26,0.62,0.0,0.0,0.009904086738949124
560.0,580.0,560.0,560.0,13185.0,7429600.0,560.0,560.0,48.3823821105545,0.0,0.0,0.0,1.26,0.62,0.0,0.0,0.009904086738949124
560.0,580.0,560.0,560.0,14880.0,8338900.0,560.0,560.0,48.3823821105545,0.0,0.0,0.0,1.26,0.62,0.0,0.0,0.009904086738949124
560.0,580.0,560.0,560.0,14410.0,8069700.0,560.0,560.0,48.3823821105545,0.0,0.0,0.0,1.26,0.62,0.0,0.0,0.009904086738949124
560.0,580.0,560.0,560.0,5865.0,3286600.0,560.0,560.0,48.3823821105545,0.0,0.0,0.0,1.26,0.62,0.0,0.0,0.009904086738949124
580.0,580.0,560.0,560.0,9065.0,5163800.0,560.0,560.0,48.3823821105545,0.0,0.0,0.0,1.26,0.62,0.0,0.0,0.009904086738949124
560.0,580.0,560.0,580.0,13140.0,7551000.0,564.0,560.8,66.49101418822025,0.0,0.0,0.0,1.26,0.62,0.03423680456490736,0.015971914124998567,0.009904086738949124
560.0,580.0,560.0,580.0,7155.0,4079000.0,568.0,561.6,66.49101418822025,0.03571428571428581,0.0,0.0,1.26,0.62,0.03276353276353272,0.015971914124998567,0.009904086738949124
580.0,580.0,560.0,580.0,37010.0,21420500.0,572.0,562.4,66.49101418822025,0.0,0.03571428571428581,0.0,1.26,0.62,0.031294452347083966,0.015971914124998567,0.009904086738949124
580.0,580.0,560.0,560.0,36045.0,20820100.0,572.0,562.4,46.2330992153785,0.0,0.0,0.03571428571428581,1.26,0.62,-0.004267425320056859,0.024820694563095602,0.009904086738949124
580.0,620.0,580.0,600.0,138500.0,83073400.0,580.0,564.0,67.53628878697918,-0.03448275862068961,0.0,0.0,1.26,0.62,0.06382978723404255,0.04034449677171192,0.009904086738949124
620.0,620.0,600.0,620.0,30270.0,18548900.0,588.0,566.4,73.24447132711522,0.0714285714285714,-0.03448275862068961,0.0,1.26,0.62,0.09463276836158196,0.0400449150737729,0.009904086738949124
860.0,860.0,800.0,840.0,183080.0,153084300.0,820.0,726.4,70.08587987492751,-0.045454545454545414,0.10000000000000009,0.08108108108108114,4.47,0.567,0.15638766519823794,0.06115829048163671,0.009979921045466921
900.0,1060.0,880.0,980.0,981755.0,956869000.0,868.0,739.2,80.45413627260265,0.0,-0.045454545454545414,0.10000000000000009,4.47,0.567,0.3257575757575757,0.08387758812549125,0.009979921045466921
960.0,980.0,940.0,960.0,199175.0,191372900.0,900.0,752.0,76.38124451159047,0.16666666666666674,0.0,-0.045454545454545414,4.47,0.567,0.2765957446808511,0.08971613665152339,0.009979921045466921
980.0,1080.0,960.0,1020.0,379670.0,390914600.0,928.0,766.4,79.70119036538539,-0.020408163265306145,0.16666666666666674,0.0,4.47,0.567,0.33089770354906056,0.08490141352165684,0.009979921045466921
1040.0,1040.0,960.0,1020.0,246675.0,245966700.0,964.0,780.8,79.70119036538537,0.0625,-0.020408163265306145,0.16666666666666674,4.47,0.567,0.3063524590163935,0.07645995415439055,0.009979921045466921
1020.0,1040.0,980.0,1000.0,128480.0,129221000.0,996.0,792.8,75.59342054516222,0.0,0.0625,-0.020408163265306145,4.47,0.567,0.26135216952573165,0.0795760547565456,0.009979921045466921
1000.0,1280.0,980.0,1280.0,643325.0,742982100.0,1056.0,816.8,86.26574635043374,-0.019607843137254943,0.0,0.0625,4.47,0.567,0.5670910871694418,0.12728697632105523,0.009979921045466921
1320.0,1460.0,1220.0,1380.0,1022955.0,1367444100.0,1140.0,844.0,88.2430504376081,0.28,-0.019607843137254943,0.0,4.47,0.567,0.6350710900473934,0.11898663907960351,0.009979921045466921
1380.0,1440.0,1240.0,1260.0,420500.0,555831600.0,1188.0,866.4,74.40065938155226,0.078125,0.28,-0.019607843137254943,4.47,0.567,0.4542936288088643,0.1412381580714856,0.009979921045466921
1220.0,1300.0,1160.0,1240.0,335600.0,412815100.0,1232.0,888.0,72.36323267617728,-0.08695652173913049,0.078125,0.28,4.47,0.567,0.3963963963963964,0.14282125338142523,0.009979921045466921
1300.0,1560.0,1300.0,1560.0,798490.0,1157039700.0,1344.0,921.6,81.2231907977044,-0.015873015873015928,-0.08695652173913049,0.078125,4.47,0.567,0.6927083333333333,0.16294669826910652,0.009979921045466921
1560.0,1760.0,1480.0,1740.0,958565.0,1579972300.0,1436.0,962.4,84.27667706638978,0.25806451612903225,-0.015873015873015928,-0.08695652173913049,4.47,0.567,0.8079800498753118,0.13181734571760223,0.009979921045466921
1680.0,1700.0,1500.0,1560.0,853690.0,1361884700.0,1472.0,996.8,71.7169384086864,0.11538461538461542,0.25806451612903225,-0.015873015873015928,4.47,0.567,0.565008025682183,0.15234548657743902,0.009979921045466921
1620.0,1640.0,1360.0,1420.0,578720.0,864792400.0,1504.0,1024.0,63.758114784603016,-0.10344827586206895,0.11538461538461542,0.25806451612903225,4.47,0.567,0.38671875,0.15290019451611284,0.009979921045466921
1340.0,1400.0,1220.0,1360.0,789710.0,1032869900.0,1528.0,1049.6,60.65157363629302,-0.08974358974358976,-0.10344827586206895,0.11538461538461542,4.47,0.567,0.29573170731707327,0.1554370571679649,0.009979921045466921
1400.0,1400.0,1300.0,1320.0,224055.0,301673700.0,1480.0,1073.6,58.60161703201216,-0.04225352112676062,-0.08974358974358976,-0.10344827586206895,4.47,0.567,0.2295081967213116,0.08696417551241402,0.009979921045466921
1240.0,1400.0,1240.0,1360.0,344705.0,450447400.0,1404.0,1099.2,60.05554786462289,-0.02941176470588236,-0.04225352112676062,-0.08974358974358976,4.47,0.567,0.2372634643377001,0.05320013187686366,0.009979921045466921
1360.0,1480.0,1320.0,1420.0,264660.0,373988700.0,1376.0,1127.2,62.20005492254995,0.030303030303030276,-0.02941176470588236,-0.04225352112676062,4.47,0.567,0.2597586941092973,0.054898941138755236,0.009979921045466921
1440.0,1500.0,1380.0,1440.0,218430.0,313589400.0,1380.0,1155.2,62.914773992081884,0.044117647058823595,0.030303030303030276,-0.02941176470588236,4.47,0.567,0.2465373961218836,0.03760554905901839,0.009979921045466921
1480.0,1620.0,1460.0,1540.0,384970.0,589401700.0,1416.0,1188.0,66.34160216008624,0.014084507042253502,0.044117647058823595,0.030303030303030276,4.47,0.567,0.2962962962962963,0.036899187083919774,0.009979921045466921
1580.0,1600.0,1500.0,1520.0,275495.0,424699100.0,1456.0,1219.2,65.047008706269,0.06944444444444442,0.014084507042253502,0.044117647058823595,4.47,0.567,0.24671916010498682,0.03102972420605346,0.009979921045466921
1520.0,1520.0,1440.0,1480.0,217200.0,320636400.0,1480.0,1248.8,62.423339205979026,-0.012987012987012991,0.06944444444444442,0.014084507042253502,4.47,0.567,0.18513773222293406,0.039583863522401605,0.009979921045466921
1440.0,1460.0,1320.0,1360.0,406015.0,563006700.0,1468.0,1271.2,55.22659593871953,-0.02631578947368418,-0.012987012987012991,0.06944444444444442,4.47,0.567,0.06985525487728127,0.05519187438085625,0.009979921045466921
1360.0,1520.0,1340.0,1480.0,285905.0,413087500.0,1476.0,1295.2,60.17159903211653,-0.08108108108108103,-0.02631578947368418,-0.012987012987012991,4.47,0.567,0.14268066707844346,0.07029425087286818,0.009979921045466921
1480.0,1480.0,1400.0,1420.0,143685.0,206645300.0,1452.0,1318.4,56.79403298539651,0.08823529411764697,-0.08108108108108103,-0.02631578947368418,4.47,0.567,0.07706310679611643,0.0628641106347009,0.009979921045466921
1440.0,1560.0,1420.0,1560.0,212435.0,317531500.0,1460.0,1347.2,62.13491196117253,-0.04054054054054057,0.08823529411764697,-0.08108108108108103,4.47,0.567,0.15795724465558192,0.08079833080513346,0.009979921045466921
1600.0,1660.0,1540.0,1540.0,281760.0,448590900.0,1472.0,1369.6,60.975308096750716,0.09859154929577474,-0.04054054054054057,0.08823529411764697,4.47,0.567,0.12441588785046737,0.07959109852763774,0.009979921045466921
1520.0,1580.0,1460.0,1500.0,164670.0,251272500.0,1500.0,1391.2,58.61902620719983,-0.012820512820512775,0.09859154929577474,-0.04054054054054057,4.47,0.567,0.07820586543990796,0.0664782217219173,0.009979921045466921
1520.0,1560.0,1460.0,1480.0,152210.0,226968700.0,1500.0,1409.6,57.424151100697095,-0.025974025974025983,-0.012820512820512775,0.09859154929577474,4.47,0.567,0.049943246311010284,0.055618355024257105,0.009979921045466921
1440.0,1460.0,1380.0,1420.0,177885.0,253819500.0,1500.0,1425.6,53.87612961648817,-0.013333333333333308,-0.025974025974025983,-0.012820512820512775,4.47,0.567,-0.003928170594837198,0.055618355024257105,0.009979921045466921
1440.0,1440.0,1380.0,1400.0,174950.0,245119200.0,1468.0,1441.6,52.70710344040021,-0.04054054054054057,-0.013333333333333308,-0.025974025974025983,4.47,0.567,-0.02885682574916753,0.01203603905620767,0.009979921045466921
1400.0,1400.0,1300.0,1300.0,231415.0,309105600.0,1420.0,1442.4,47.193168122184275,-0.014084507042253502,-0.04054054054054057,-0.013333333333333308,4.47,0.567,-0.09872434830837498,0.02412222396070196,0.009979921045466921
1200.0,1340.0,1200.0,1240.0,298930.0,376363200.0,1368.0,1436.8,44.205033399218,-0.0714285714285714,-0.014084507042253502,-0.04054054054054057,4.47,0.567,-0.13697104677060132,0.024325024631766556,0.009979921045466921
1200.0,1240.0,1160.0,1240.0,341550.0,408441100.0,1320.0,1436.0,44.205033399218,-0.0461538461538461,-0.0714285714285714,-0.014084507042253502,4.47,0.567,-0.13649025069637882,0.028031432737805416,0.009979921045466921
1120.0,1200.0,1060.0,1100.0,246500.0,279656300.0,1256.0,1430.4,37.738750383293805,0.0,-0.0461538461538461,-0.0714285714285714,4.47,0.567,-0.23098434004474278,0.04531781760760593,0.009979921045466921
1200.0,1260.0,1200.0,1220.0,133625.0,163372400.0,1220.0,1416.8,45.14558229214727,-0.11290322580645162,0.0,-0.0461538461538461,4.47,0.567,-0.13890457368718234,0.0850482905058188,0.009979921045466921
1180.0,1200.0,1120.0,1160.0,164620.0,190955800.0,1192.0,1393.6,42.42776946510293,0.10909090909090913,-0.11290322580645162,0.0,4.47,0.567,-0.16762342135476457,0.08250885055968653,0.009979921045466921
1260.0,1320.0,1200.0,1280.0,342030.0,428444400.0,1200.0,1382.4,49.035963440316536,-0.049180327868852514,0.10909090909090913,-0.11290322580645162,4.47,0.567,-0.07407407407407414,0.09651303166720603,0.009979921045466921
1240.0,1300.0,1240.0,1280.0,163670.0,207650000.0,1208.0,1376.8,49.035963440316536,0.10344827586206895,-0.049180327868852514,0.10909090909090913,4.47,0.567,-0.0703079604880883,0.09651303166720603,0.009979921045466921
1300.0,1400.0,1280.0,1300.0,170100.0,228506600.0,1248.0,1374.4,50.142132588671025,0.0,0.10344827586206895,-0.049180327868852514,4.47,0.567,-0.05413271245634465,0.06866253214101092,0.009979921045466921
1320.0,1360.0,1280.0,1300.0,131925.0,172788600.0,1264.0,1373.6,50.142132588671025,0.015625,0.0,0.10344827586206895,4.47,0.567,-0.053581828771112346,0.0556493176447072,0.009979921045466921
1280.0,1300.0,1240.0,1280.0,192150.0,244686800.0,1288.0,1370.4,48.91092034769793,0.0,0.015625,0.0,4.47,0.567,-0.0659661412726212,0.047518694037309024,0.009979921045466921
1280.0,1360.0,1260.0,1280.0,193490.0,251337700.0,1288.0,1364.8,48.91092034769793,-0.01538461538461533,0.0,0.015625,4.47,0.567,-0.062133645955451317,0.010963752306805215,0.009979921045466921
1280.0,1280.0,1240.0,1260.0,70925.0,89841300.0,1284.0,1357.6,47.55663370208806,0.0,-0.01538461538461533,0.0,4.47,0.567,-0.07189157336476128,0.013015667121070489,0.009979921045466921
1280.0,1300.0,1220.0,1220.0,124555.0,155206400.0,1268.0,1344.8,44.88009686075797,-0.015625,0.0,-0.01538461538461533,4.47,0.567,-0.09280190362879236,0.013238044585543672,0.009979921045466921
1220.0,1420.0,1220.0,1380.0,348860.0,466753000.0,1284.0,1339.2,55.63581280265689,-0.031746031746031744,-0.015625,0.0,4.47,0.567,0.030465949820788495,0.06661986344972584,0.009979921045466921
1400.0,1420.0,1320.0,1360.0,189570.0,257671000.0,1300.0,1334.4,54.21178240116393,0.13114754098360648,-0.031746031746031744,-0.015625,4.47,0.567,0.019184652278177387,0.06652371910048786,0.009979921045466921
1320.0,1460.0,1280.0,1320.0,260545.0,352965700.0,1308.0,1332.8,51.37929712042503,-0.01449275362318836,0.13114754098360648,-0.031746031746031744,4.47,0.567,-0.009603841536614612,0.06929784509918378,0.009979921045466921
1340.0,1340.0,1300.0,1320.0,98185.0,129798400.0,1320.0,1326.4,51.37929712042503,-0.02941176470588236,-0.01449275362318836,0.13114754098360648,4.47,0.567,-0.004825090470446389,0.06831287698593824,0.009979921045466921
1320.0,1320.0,1260.0,1300.0,79210.0,101965600.0,1336.0,1321.6,49.86838687429377,0.0,-0.02941176470588236,-0.01449275362318836,4.47,0.567,-0.016343825665859495,0.06607741792268816,0.009979921045466921
1300.0,1340.0,1280.0,1340.0,106230.0,139042500.0,1328.0,1312.8,52.85449467287231,-0.015151515151515138,0.0,-0.02941176470588236,4.47,0.567,0.020719073735527154,0.02286578854253217,0.009979921045466921
1320.0,1340.0,1300.0,1320.0,61855.0,81915600.0,1320.0,1304.0,51.211940425618685,0.03076923076923066,-0.015151515151515138,0.0,4.47,0.567,0.012269938650306749,0.02290835872160591,0.009979921045466921
1320.0,1380.0,1300.0,1380.0,99175.0,133997800.0,1332.0,1299.2,55.66343433975395,-0.014925373134328401,0.03076923076923066,-0.015151515151515138,4.47,0.567,0.06219211822660095,0.027564875230643732,0.009979921045466921
1400.0,1460.0,1380.0,1400.0,207990.0,297114500.0,1348.0,1296.0,57.069550197075166,0.045454545454545414,-0.014925373134328401,0.03076923076923066,4.47,0.567,0.08024691358024691,0.027109975659548466,0.009979921045466921
1420.0,1460.0,1380.0,1440.0,102020.0,145374000.0,1376.0,1296.8,59.81455150289728,0.01449275362318847,0.045454545454545414,-0.014925373134328401,4.47,0.567,0.1104256631708822,0.022823697249615374,0.009979921045466921
1420.0,1440.0,1380.0,1420.0,120560.0,170337800.0,1392.0,1297.6,57.82370525294202,0.02857142857142847,0.01449275362318847,0.045454545454545414,4.47,0.567,0.0943279901356351,0.02643494607193729,0.009979921045466921
1420.0,1460.0,1380.0,1400.0,149630.0,211485500.0,1408.0,1301.6,55.82279712632984,-0.01388888888888884,0.02857142857142847,0.01449275362318847,4.47,0.567,0.07559926244622012,0.026223125649396776,0.009979921045466921
1400.0,1440.0,1340.0,1440.0,146735.0,203529500.0,1420.0,1309.6,58.88698399624969,-0.014084507042253502,-0.01388888888888884,0.02857142857142847,4.47,0.567,0.09957238851557736,0.021521441292001554,0.009979921045466921
1420.0,1420.0,1380.0,1420.0,96955.0,136039000.0,1424.0,1316.8,56.766834911220165,0.02857142857142847,-0.014084507042253502,-0.01388888888888884,4.47,0.567,0.07837181044957477,0.02329232540388014,0.009979921045466921
1380.0,1400.0,1340.0,1360.0,260185.0,354693200.0,1408.0,1327.2,50.851775047115225,-0.01388888888888884,0.02857142857142847,-0.014084507042253502,4.23,0.495,0.024713682941531007,0.025341797560441505,0.008728325479688319
1200.0,1280.0,1160.0,1200.0,411015.0,501794000.0,1364.0,1326.4,39.13966833428861,-0.04225352112676062,-0.01388888888888884,0.02857142857142847,4.23,0.495,-0.0952955367913149,0.054217919743726896,0.008728325479688319
1160.0,1180.0,1040.0,1100.0,451665.0,497444200.0,1304.0,1324.0,33.88651045947178,-0.11764705882352944,-0.04225352112676062,-0.01388888888888884,4.23,0.495,-0.1691842900302115,0.05729903278431665,0.008728325479688319
1120.0,1140.0,1080.0,1080.0,105070.0,115312100.0,1232.0,1316.0,32.93444173867971,-0.08333333333333337,-0.11764705882352944,-0.04225352112676062,4.23,0.495,-0.17933130699088146,0.04454095837304488,0.008728325479688319
1100.0,1100.0,1020.0,1080.0,227555.0,240652400.0,1164.0,1308.0,32.93444173867971,-0.018181818181818188,-0.08333333333333337,-0.11764705882352944,4.23,0.495,-0.1743119266055046,0.048045750391567915,0.008728325479688319
1060.0,1120.0,1040.0,1120.0,200655.0,217125900.0,1116.0,1300.8,37.03763385311925,0.0,-0.018181818181818188,-0.08333333333333337,4.23,0.495,-0.13899138991389912,0.06295569825107224,0.008728325479688319
1120.0,1120.0,1080.0,1120.0,85695.0,94129600.0,1100.0,1293.6,37.03763385311925,0.03703703703703698,0.0,-0.018181818181818188,4.23,0.495,-0.13419913419913415,0.044202035077565836,0.008728325479688319
1100.0,1100.0,1040.0,1080.0,148175.0,157844900.0,1096.0,1285.6,34.583698536564484,0.0,0.03703703703703698,0.0,4.23,0.495,-0.15992532669570622,0.027023069782546413,0.008728325479688319
1060.0,1120.0,1040.0,1100.0,139495.0,151197700.0,1100.0,1278.4,36.83709025159384,-0.0357142857142857,0.0,0.03703703703703698,4.23,0.495,-0.13954943679599505,0.026978939225358697,0.008728325479688319
1120.0,1120.0,1060.0,1080.0,80325.0,87107400.0,1100.0,1271.2,35.519436046986414,0.0185185185185186,-0.0357142857142857,0.0,4.23,0.495,-0.15040906230333545,0.02881065601960451,0.008728325479688319
1060.0,1100.0,1060.0,1080.0,123305.0,132344800.0,1092.0,1265.6,35.519436046986414,-0.018181818181818188,0.0185185185185186,-0.0357142857142857,4.23,0.495,-0.14664981036662447,0.020607702050261394,0.008728325479688319
1060.0,1100.0,1060.0,1080.0,105860.0,114243500.0,1084.0,1253.6,35.519436046986414,0.0,-0.018181818181818188,0.0185185185185186,4.23,0.495,-0.13848117421825137,0.020607702050261394,0.008728325479688319
1100.0,1100.0,1060.0,1080.0,40560.0,43829700.0,1084.0,1242.4,35.519436046986414,0.0,0.0,-0.018181818181818188,4.23,0.495,-0.1307147456535738,0.012975856109464204,0.008728325479688319
1080.0,1080.0,1060.0,1060.0,33170.0,35472800.0,1076.0,1232.0,33.888964707706776,0.0,0.0,0.0,4.23,0.495,-0.1396103896103896,0.010051506077869707,0.008728325479688319
1060.0,1080.0,1040.0,1060.0,71405.0,75366100.0,1072.0,1221.6,33.888964707706776,-0.01851851851851849,0.0,0.0,4.23,0.495,-0.1322855271774721,0.008281733249999436,0.008728325479688319
1040.0,1060.0,1020.0,1040.0,66610.0,69155800.0,1064.0,1211.2,32.17599958021593,0.0,-0.01851851851851849,0.0,4.23,0.495,-0.14134742404227216,0.010239444313386777,0.008728325479688319
1020.0,1040.0,960.0,1020.0,270355.0,268909500.0,1052.0,1198.4,30.514931970868133,-0.018867924528301883,0.0,-0.01851851851851849,4.23,0.495,-0.1488651535380508,0.01033990865670966,0.008728325479688319
1000.0,1040.0,980.0,1020.0,98455.0,99058200.0,1040.0,1186.4,30.514931970868133,-0.019230769230769273,-0.018867924528301883,0.0,4.23,0.495,-0.14025623735670945,0.010339908656709659,0.008728325479688319
1000.0,1040.0,1000.0,1020.0,56295.0,57243900.0,1032.0,1172.0,30.514931970868133,0.0,-0.019230769230769273,-0.018867924528301883,4.23,0.495,-0.1296928327645051,0.010434545605623137,0.008728325479688319
1020.0,1020.0,980.0,1000.0,40620.0,40437700.0,1020.0,1156.0,28.666577917895083,0.0,0.0,-0.019230769230769273,4.23,0.495,-0.13494809688581316,0.010538971648061796,0.008728325479688319
1000.0,1000.0,960.0,980.0,117075.0,115043800.0,1008.0,1137.6,26.9111245865448,-0.019607843137254943,0.0,0.0,4.23,0.495,-0.1385372714486638,0.01074585427762019,0.008728325479688319
980.0,1120.0,960.0,1040.0,336660.0,348537000.0,1012.0,1122.4,38.982895127716354,-0.020000000000000018,-0.019607843137254943,0.0,4.23,0.495,-0.07341411261582331,0.03331459807919281,0.008728325479688319
1060.0,1080.0,1000.0,1000.0,129845.0,133967600.0,1008.0,1106.4,34.85032740795057,0.061224489795918435,-0.020000000000000018,-0.019607843137254943,4.23,0.495,-0.09616775126536523,0.038585766573064284,0.008728325479688319
1000.0,1040.0,1000.0,1020.0,60170.0,61286600.0,1008.0,1089.6,38.368394046999796,-0.038461538461538436,0.061224489795918435,-0.020000000000000018,4.23,0.495,-0.06387665198237878,0.0400318768687749,0.008728325479688319
1020.0,1040.0,1000.0,1000.0,84375.0,85486500.0,1008.0,1072.8,36.25975899930366,0.020000000000000018,-0.038461538461538436,0.061224489795918435,4.23,0.495,-0.06785980611483963,0.0400318768687749,0.008728325479688319
1000.0,1020.0,980.0,980.0,65295.0,65016700.0,1008.0,1057.6,34.23363730152602,-0.019607843137254943,0.020000000000000018,-0.038461538461538436,4.23,0.495,-0.07337367624810885,0.04003187686877489,0.008728325479688319
1000.0,1000.0,980.0,980.0,21720.0,21389100.0,996.0,1048.8,34.23363730152602,-0.020000000000000018,-0.019607843137254943,0.020000000000000018,4.23,0.495,-0.06559877955758958,0.022301047270646045,0.008728325479688319
960.0,1000.0,940.0,980.0,106215.0,102828500.0,992.0,1044.0,34.23363730152602,0.0,-0.020000000000000018,-0.019607843137254943,4.23,0.495,-0.06130268199233716,0.016640117262178268,0.008728325479688319
980.0,1000.0,900.0,940.0,181845.0,170776600.0,976.0,1038.4,30.04056156426931,0.0,0.0,-0.020000000000000018,4.23,0.495,-0.09476117103235755,0.0170061063341642,0.008728325479688319
920.0,940.0,900.0,920.0,142100.0,129731700.0,960.0,1032.0,28.18188273211544,-0.04081632653061229,0.0,0.0,4.23,0.495,-0.10852713178294573,0.01710859769528679,0.008728325479688319
920.0,920.0,880.0,900.0,112725.0,101957900.0,944.0,1023.2,26.421380823659092,-0.021276595744680882,-0.04081632653061229,0.0,4.23,0.495,-0.12040656763096173,0.017216948173817432,0.008728325479688319
900.0,960.0,900.0,920.0,120160.0,111677800.0,932.0,1015.2,31.059336951219223,-0.021739130434782594,-0.021276595744680882,-0.04081632653061229,4.23,0.495,-0.09377462568951934,0.024113941755455788,0.008728325479688319
920.0,980.0,920.0,980.0,94645.0,89889700.0,932.0,1011.2,42.723585477114696,0.022222222222222143,-0.021739130434782594,-0.021276595744680882,4.23,0.495,-0.03085443037974688,0.0428246080543242,0.008728325479688319
980.0,1040.0,940.0,960.0,233465.0,231168200.0,936.0,1005.6,40.27731088681194,0.0652173913043479,0.022222222222222143,-0.021739130434782594,4.23,0.495,-0.045346062052505985,0.03864440688770527,0.008728325479688319
940.0,960.0,920.0,920.0,57445.0,53505700.0,936.0,999.2,35.855429219670555,-0.020408163265306145,0.0652173913043479,0.022222222222222143,4.23,0.495,-0.07926341072858291,0.04292347914576067,0.008728325479688319
920.0,960.0,920.0,920.0,54125.0,50910900.0,940.0,992.8,35.855429219670555,-0.04166666666666663,-0.020408163265306145,0.0652173913043479,4.23,0.495,-0.07332796132151487,0.041143240874573245,0.008728325479688319
940.0,980.0,940.0,980.0,81415.0,79031000.0,952.0,988.8,46.141739044924684,0.0,-0.04166666666666663,-0.020408163265306145,4.23,0.495,-0.008899676375404486,0.04930670306882882,0.008728325479688319
1000.0,1020.0,960.0,980.0,141200.0,139514400.0,952.0,984.8,46.141739044924684,0.0652173913043479,0.0,-0.04166666666666663,4.23,0.495,-0.004874086108854544,0.04001230194928528,0.008728325479688319
980.0,980.0,960.0,960.0,30185.0,29181200.0,952.0,980.8,43.44822147167324,0.0,0.0652173913043479,0.0,4.23,0.495,-0.021207177814029317,0.04001230194928528,0.008728325479688319
980.0,1000.0,960.0,1000.0,61080.0,59866400.0,968.0,978.4,49.76437067931427,-0.020408163265306145,0.0,0.0652173913043479,4.23,0.495,0.02207686017988555,0.03503675318322317,0.008728325479688319
1000.0,1100.0,1000.0,1060.0,376890.0,397710200.0,996.0,979.2,57.44254104905081,0.04166666666666674,-0.020408163265306145,0.0,4.23,0.495,0.082516339869281,0.03779839553986185,0.008728325479688319
1100.0,1280.0,1080.0,1180.0,882030.0,1051009600.0,1036.0,985.6,67.9826656961524,0.06000000000000005,0.04166666666666674,-0.020408163265306145,4.23,0.495,0.19724025974025972,0.052452702528634425,0.008728325479688319
1200.0,1200.0,1040.0,1080.0,412985.0,460720900.0,1056.0,988.0,55.62017806323184,0.1132075471698113,0.06000000000000005,0.04166666666666674,4.23,0.495,0.0931174089068826,0.0763915717851278,0.008728325479688319
1080.0,1140.0,1080.0,1120.0,156770.0,173870500.0,1088.0,992.0,58.84409959325503,-0.0847457627118644,0.1132075471698113,0.06000000000000005,4.23,0.495,0.12903225806451613,0.07265807967967165,0.008728325479688319
1160.0,1300.0,1140.0,1240.0,1037175.0,1280315500.0,1136.0,1001.6,66.66716699144604,0.03703703703703698,-0.0847457627118644,0.1132075471698113,4.23,0.495,0.23801916932907347,0.08003857953379691,0.008728325479688319
1280.0,1300.0,1200.0,1220.0,388700.0,479037100.0,1168.0,1011.2,64.4676846965653,0.1071428571428572,0.03703703703703698,-0.0847457627118644,4.23,0.495,0.20648734177215183,0.08397921017915644,0.008728325479688319
1240.0,1260.0,1140.0,1240.0,358370.0,430884500.0,1180.0,1019.2,65.68682600279567,-0.016129032258064502,0.1071428571428572,0.03703703703703698,4.23,0.495,0.21664050235478802,0.07044374654653805,0.008728325479688319
1260.0,1480.0,1260.0,1440.0,1725340.0,2370806500.0,1252.0,1036.8,74.94475547107163,0.016393442622950838,-0.016129032258064502,0.1071428571428572,4.23,0.495,0.38888888888888895,0.07193757763730858,0.008728325479688319
1400.0,1440.0,1320.0,1420.0,619020.0,854124600.0,1312.0,1052.8,72.82863765004606,0.16129032258064524,0.016393442622950838,-0.016129032258064502,4.23,0.495,0.34878419452887544,0.07942049016263006,0.008728325479688319
1420.0,1420.0,1280.0,1320.0,562975.0,750849800.0,1328.0,1065.6,63.21719637497228,-0.01388888888888884,0.16129032258064524,0.016393442622950838,4.23,0.495,0.23873873873873885,0.08732466396822836,0.008728325479688319
1340.0,1360.0,1300.0,1320.0,279085.0,370749000.0,1348.0,1079.2,63.21719637497228,-0.07042253521126762,-0.01388888888888884,0.16129032258064524,4.23,0.495,0.2231282431430689,0.086156643682776,0.008728325479688319
1320.0,1320.0,1220.0,1240.0,463080.0,585667200.0,1348.0,1089.6,56.32090914993784,0.0,-0.07042253521126762,-0.01388888888888884,4.23,0.495,0.1380323054331866,0.09325540664820962,0.008728325479688319
1240.0,1360.0,1220.0,1320.0,360305.0,465603700.0,1324.0,1103.2,60.912873782229774,-0.06060606060606055,0.0,-0.07042253521126762,4.23,0.495,0.19651921682378531,0.0540712136649449,0.008728325479688319
1300.0,1320.0,1260.0,1280.0,181380.0,231975700.0,1296.0,1116.8,57.6494405694987,0.06451612903225801,-0.06060606060606055,0.0,4.23,0.495,0.14613180515759316,0.0544021702309243,0.008728325479688319
1280.0,1320.0,1280.0,1300.0,102440.0,133311500.0,1292.0,1132.0,58.83692556782884,-0.030303030303030276,0.06451612903225801,-0.06060606060606055,4.23,0.495,0.14840989399293286,0.04736731456775506,0.008728325479688319
1300.0,1320.0,1260.0,1280.0,154870.0,198899400.0,1284.0,1147.2,57.112344353116754,0.015625,-0.030303030303030276,0.06451612903225801,4.23,0.495,0.11576011157601111,0.04769102297363773,0.008728325479688319
1260.0,1300.0,1240.0,1260.0,132515.0,168384000.0,1288.0,1160.8,55.3647068024651,-0.01538461538461533,0.015625,-0.030303030303030276,4.23,0.495,0.08545830461750521,0.03786380142819199,0.008728325479688319
1260.0,1300.0,1260.0,1260.0,78730.0,100979700.0,1276.0,1172.0,55.364706802465115,-0.015625,-0.01538461538461533,0.015625,4.23,0.495,0.07508532423208192,0.017505492655042258,0.008728325479688319
1260.0,1280.0,1240.0,1240.0,119640.0,150721800.0,1268.0,1183.2,53.46722174388363,0.0,-0.015625,-0.01538461538461533,4.23,0.495,0.04800540906017575,0.013977771380570266,0.008728325479688319
1260.0,1320.0,1240.0,1300.0,173075.0,221193500.0,1268.0,1198.4,58.105995327862324,-0.015873015873015928,0.0,-0.015625,4.23,0.495,0.0847797062750333,0.02772020066384183,0.008728325479688319
1280.0,1300.0,1260.0,1280.0,42880.0,54759700.0,1268.0,1212.8,56.09848069081241,0.048387096774193505,-0.015873015873015928,0.0,4.23,0.495,0.05540897097625334,0.02772020066384183,0.008728325479688319
1280.0,1320.0,1260.0,1300.0,129490.0,167247600.0,1276.0,1225.6,57.67332145872308,-0.01538461538461533,0.048387096774193505,-0.015873015873015928,4.23,0.495,0.06070496083550922,0.026737238920733753,0.008728325479688319
1300.0,1360.0,1280.0,1320.0,280470.0,370977700.0,1288.0,1239.2,59.24764675632354,0.015625,-0.01538461538461533,0.048387096774193505,0.55,0.503,0.065203357004519,0.026680062552415663,0.003440882525849846
1160.0,1180.0,1120.0,1140.0,447540.0,513638200.0,1268.0,1246.4,43.54837702252806,0.01538461538461533,0.015625,-0.01538461538461533,0.55,0.503,-0.08536585365853665,0.07177554737935087,0.003440882525849846
1140.0,1140.0,1080.0,1100.0,200235.0,222203500.0,1228.0,1250.4,40.951505927710976,-0.13636363636363635,0.01538461538461533,0.015625,0.55,0.503,-0.12028150991682668,0.06262454021819033,0.003440882525849846
1080.0,1120.0,1060.0,1120.0,143650.0,156382900.0,1196.0,1252.8,42.78853559543431,-0.03508771929824561,-0.13636363636363635,0.01538461538461533,0.55,0.503,-0.10600255427841632,0.06642307051326131,0.003440882525849846
1100.0,1100.0,1060.0,1100.0,86205.0,93333300.0,1156.0,1249.6,41.40143665802821,0.018181818181818077,-0.03508771929824561,-0.13636363636363635,0.55,0.503,-0.11971830985915487,0.06297065519485393,0.003440882525849846
1080.0,1100.0,1060.0,1060.0,54190.0,58075000.0,1104.0,1248.8,38.69935527914378,-0.017857142857142905,0.018181818181818077,-0.03508771929824561,0.55,0.503,-0.1511851377322229,0.05741844907333177,0.003440882525849846
1060.0,1080.0,1040.0,1060.0,108300.0,114919300.0,1088.0,1246.4,38.69935527914378,-0.036363636363636376,-0.017857142857142905,0.018181818181818077,0.55,0.503,-0.1495507060333762,0.023404685574677817,0.003440882525849846
1040.0,1100.0,1040.0,1060.0,128695.0,138376800.0,1080.0,1239.2,38.69935527914378,0.0,-0.036363636363636376,-0.017857142857142905,0.55,0.503,-0.14460942543576505,0.020688213857474123,0.003440882525849846
1060.0,1080.0,1060.0,1080.0,78890.0,84305400.0,1072.0,1233.6,41.09997062886694,0.0,0.0,-0.036363636363636376,0.55,0.503,-0.12451361867704273,0.020899912138759167,0.003440882525849846
1080.0,1120.0,1060.0,1100.0,142520.0,156097300.0,1072.0,1228.0,43.48348404689677,0.018867924528301883,0.0,0.0,0.55,0.503,-0.10423452768729642,0.022477983267026918,0.003440882525849846
1120.0,1140.0,1100.0,1120.0,63790.0,71475000.0,1084.0,1215.2,45.84361676771259,0.0185185185185186,0.018867924528301883,0.0,0.55,0.503,-0.07834101382488483,0.010148229960543256,0.003440882525849846
1120.0,1140.0,1080.0,1100.0,65525.0,72191400.0,1092.0,1202.4,43.870649882452845,0.018181818181818077,0.0185185185185186,0.018867924528301883,0.55,0.503,-0.08516300731869601,0.016309234177129015,0.003440882525849846
1100.0,1100.0,1080.0,1080.0,32695.0,35432900.0,1096.0,1192.8,41.92742186160294,-0.017857142857142905,0.018181818181818077,0.0185185185185186,0.55,0.503,-0.09456740442655932,0.02001680523185775,0.003440882525849846
1080.0,1100.0,1060.0,1060.0,97760.0,105117700.0,1092.0,1182.4,40.01847048925149,-0.018181818181818188,-0.017857142857142905,0.018181818181818077,0.55,0.503,-0.10351826792963471,0.020013308833443516,0.003440882525849846
1080.0,1140.0,1080.0,1120.0,138050.0,153516100.0,1096.0,1177.6,47.71013241743342,-0.01851851851851849,-0.018181818181818188,-0.017857142857142905,0.55,0.503,-0.048913043478260795,0.03333587400712566,0.003440882525849846
1120.0,1260.0,1120.0,1160.0,379450.0,447357500.0,1104.0,1171.2,52.11837008671769,0.05660377358490565,-0.01851851851851849,-0.018181818181818188,0.55,0.503,-0.009562841530054683,0.036009431761639524,0.003440882525849846
1200.0,1240.0,1180.0,1200.0,196185.0,236007800.0,1124.0,1168.0,56.10366449028973,0.03571428571428581,0.05660377358490565,-0.01851851851851849,0.55,0.503,0.0273972602739726,0.034345497257807944,0.003440882525849846
1220.0,1240.0,1140.0,1140.0,142420.0,168782000.0,1136.0,1161.6,49.45441680255251,0.034482758620689724,0.03571428571428581,0.05660377358490565,0.55,0.503,-0.018595041322313974,0.04424965613890227,0.003440882525849846
1160.0,1220.0,1140.0,1180.0,101570.0,120448600.0,1160.0,1157.6,53.41804086747668,-0.050000000000000044,0.034482758620689724,0.03571428571428581,0.55,0.503,0.019350380096751982,0.041520769271581784,0.003440882525849846
1180.0,1220.0,1160.0,1160.0,121340.0,144203800.0,1168.0,1153.6,51.25387454763712,0.03508771929824572,-0.050000000000000044,0.034482758620689724,0.55,0.503,0.005547850208044462,0.03933531761690046,0.003440882525849846
1160.0,1240.0,1160.0,1220.0,135035.0,162707000.0,1180.0,1152.0,56.89580989915662,-0.016949152542372836,0.03508771929824572,-0.050000000000000044,0.55,0.503,0.059027777777777776,0.04269713991544129,0.003440882525849846
1200.0,1220.0,1160.0,1180.0,91775.0,109451700.0,1176.0,1149.6,52.53070525536767,0.051724137931034475,-0.016949152542372836,0.03508771929824572,0.55,0.503,0.026443980514961808,0.04397550800635915,0.003440882525849846
1180.0,1200.0,1160.0,1160.0,42885.0,50306000.0,1180.0,1144.0,50.44668610474926,-0.032786885245901676,0.051724137931034475,-0.016949152542372836,0.55,0.503,0.013986013986013986,0.03699677463681342,0.003440882525849846
1160.0,1180.0,1160.0,1180.0,26850.0,31345500.0,1180.0,1140.0,52.47706195808852,-0.016949152542372836,-0.032786885245901676,0.051724137931034475,0.55,0.503,0.03508771929824561,0.03398948004532095,0.003440882525849846
1160.0,1200.0,1160.0,1180.0,47640.0,56202900.0,1184.0,1135.2,52.47706195808852,0.01724137931034475,-0.016949152542372836,-0.032786885245901676,0.55,0.503,0.03946441155743477,0.032637978817847114,0.003440882525849846
1180.0,1180.0,1120.0,1120.0,82335.0,94742700.0,1164.0,1127.2,45.92941477435087,0.0,0.01724137931034475,-0.016949152542372836,0.55,0.503,-0.00638750887154014,0.026719847774285196,0.003440882525849846
1120.0,1120.0,1080.0,1100.0,139425.0,153185400.0,1148.0,1125.6,43.96043538019929,-0.05084745762711862,0.0,0.01724137931034475,0.55,0.503,-0.022743425728500275,0.025262768331530877,0.003440882525849846
1100.0,1120.0,1080.0,1100.0,73505.0,81313800.0,1136.0,1125.6,43.96043538019929,-0.017857142857142905,-0.05084745762711862,0.0,0.55,0.503,-0.022743425728500275,0.025845280187909228,0.003440882525849846
1100.0,1120.0,1060.0,1080.0,80550.0,87436700.0,1116.0,1124.0,41.878301342789186,0.0,-0.017857142857142905,-0.05084745762711862,0.55,0.503,-0.03914590747330961,0.02076698136968444,0.003440882525849846
1080.0,1080.0,1040.0,1060.0,81345.0,86106600.0,1092.0,1122.4,39.845875288965836,-0.018181818181818188,0.0,-0.017857142857142905,0.55,0.503,-0.055595153243050685,0.01841069921337613,0.003440882525849846
1040.0,1100.0,1040.0,1080.0,75290.0,80304800.0,1084.0,1123.2,42.83366958898392,-0.01851851851851849,-0.018181818181818188,0.0,0.55,0.503,-0.0384615384615385,0.016535123978272604,0.003440882525849846
1036.0,1100.0,985.0,1006.0,234800.0,243284400.0,1065.2,1121.04,35.75694768865202,0.018867924528301883,-0.01851851851851849,-0.018181818181818188,0.55,0.503,-0.10261899664597157,0.032530767552698216,0.003440882525849846
975.0,1099.0,888.0,1075.0,320200.0,304868800.0,1060.2,1121.64,44.89836232123383,-0.06851851851851853,0.018867924528301883,-0.01851851851851849,0.55,0.503,-0.04158196925929897,0.05090573910148623,0.003440882525849846
1060.0,1160.0,1000.0,1018.0,254100.0,275665100.0,1047.8,1119.16,39.85334699576341,0.06858846918489059,-0.06851851851851853,0.018867924528301883,0.55,0.503,-0.09038922048679374,0.05557906801449108,0.003440882525849846
1008.0,1010.0,951.0,971.0,117900.0,115718000.0,1030.0,1114.0,36.23759191508141,-0.05302325581395351,0.06858846918489059,-0.06851851851851853,0.55,0.503,-0.12836624775583483,0.0579008865914686,0.003440882525849846
970.0,979.0,931.0,931.0,116300.0,110147300.0,1000.2,1106.44,33.45563559704674,-0.046168958742632604,-0.05302325581395351,0.06858846918489059,0.55,0.503,-0.1585625971584542,0.05500326280818802,0.003440882525849846
936.0,970.0,922.0,931.0,116200.0,108938400.0,985.2,1099.68,33.45563559704674,-0.0411946446961895,-0.046168958742632604,-0.05302325581395351,0.55,0.503,-0.1533900771133421,0.050777488865625345,0.003440882525849846
937.0,974.0,934.0,962.0,109900.0,104760400.0,962.6,1094.96,37.75094829252773,0.0,-0.0411946446961895,-0.046168958742632604,0.55,0.503,-0.12142909330021191,0.03692945208682532,0.003440882525849846
977.0,980.0,943.0,943.0,76400.0,73161400.0,947.6,1090.28,36.208295547238805,0.03329752953813103,0.0,-0.0411946446961895,0.55,0.503,-0.13508456543273287,0.032548433553433107,0.003440882525849846
953.0,958.0,945.0,945.0,48500.0,46029700.0,942.4,1083.28,36.502438492314596,-0.01975051975051978,0.03329752953813103,0.0,0.55,0.503,-0.12764936119932055,0.02770371139332366,0.003440882525849846
941.0,951.0,914.0,916.0,67000.0,62232700.0,939.4,1073.52,34.05070624221091,0.0021208907741250282,-0.01975051975051978,0.03329752953813103,0.55,0.503,-0.1467322453237946,0.024494540073047754,0.003440882525849846
923.0,993.0,918.0,938.0,221200.0,212358300.0,940.8,1063.04,37.48130879154045,-0.030687830687830653,0.0021208907741250282,-0.01975051975051978,0.55,0.503,-0.11762492474413001,0.027412119728124892,0.003440882525849846
950.0,1010.0,942.0,990.0,163400.0,161117000.0,946.4,1057.04,44.79154182828074,0.024017467248908186,-0.030687830687830653,0.0021208907741250282,0.55,0.503,-0.06342238704306362,0.034614054505055135,0.003440882525849846
981.0,988.0,918.0,922.0,207600.0,195174500.0,942.2,1046.72,38.45860540575478,0.05543710021321968,0.024017467248908186,-0.030687830687830653,0.55,0.503,-0.11915316416997862,0.04809073527221721,0.003440882525849846
936.0,941.0,911.0,937.0,102100.0,94791700.0,940.6,1037.8,40.45845014873393,-0.06868686868686869,0.05543710021321968,0.024017467248908186,0.55,0.503,-0.0971285411447292,0.04891766868893732,0.003440882525849846
947.0,964.0,933.0,937.0,80600.0,76038900.0,944.8,1026.48,40.45845014873393,0.01626898047722336,-0.06868686868686869,0.05543710021321968,0.55,0.503,-0.08717169355467229,0.04606104662260195,0.003440882525849846
936.0,954.0,923.0,940.0,74900.0,70132800.0,945.2,1016.88,40.903888101800206,0.0,0.01626898047722336,-0.06868686868686869,0.55,0.503,-0.075603807725592,0.04488415282466207,0.003440882525849846
933.0,950.0,921.0,933.0,70800.0,66175200.0,933.8,1007.8,40.14913527638258,0.0032017075773747017,0.0,0.01626898047722336,0.55,0.503,-0.07422107561024009,0.03318935324941825,0.003440882525849846
921.0,921.0,893.0,893.0,138000.0,124834800.0,928.0,996.32,36.055083792655374,-0.007446808510638281,0.0032017075773747017,0.0,0.55,0.503,-0.1037016219688454,0.022237952074373186,0.003440882525849846
895.0,914.0,895.0,897.0,71100.0,64371600.0,920.0,985.0,36.749667512725075,-0.04287245444801713,-0.007446808510638281,0.0032017075773747017,0.55,0.503,-0.08934010152284264,0.019749764358406,0.003440882525849846
900.0,921.0,895.0,901.0,73700.0,66803000.0,912.8,976.24,37.481000694749554,0.004479283314669624,-0.04287245444801713,-0.007446808510638281,0.55,0.503,-0.07707121199704992,0.02032348398859821,0.003440882525849846
897.0,909.0,886.0,897.0,66600.0,59626000.0,904.2,968.12,37.02002937235245,0.004459308807134965,0.004479283314669624,-0.04287245444801713,0.55,0.503,-0.07346196752468703,0.019578452189023963,0.003440882525849846
890.0,895.0,865.0,870.0,94300.0,83153100.0,891.6,958.92,33.98194764004883,-0.004439511653718142,0.004459308807134965,0.004479283314669624,0.55,0.503,-0.0927293204855462,0.02159864818040328,0.003440882525849846
861.0,886.0,861.0,874.0,50700.0,44250400.0,887.8,950.68,34.835159612111056,-0.030100334448160515,-0.004439511653718142,0.004459308807134965,0.55,0.503,-0.08065805528674207,0.014988310622136125,0.003440882525849846
871.0,888.0,862.0,867.0,48000.0,41715300.0,881.8,942.96,34.00686737203969,0.0045977011494253706,-0.030100334448160515,-0.004439511653718142,0.55,0.503,-0.08055484856197509,0.01420006649404041,0.003440882525849846
867.0,867.0,847.0,847.0,66300.0,56795300.0,871.0,933.64,31.688490783323175,-0.008009153318077833,0.0045977011494253706,-0.030100334448160515,0.55,0.503,-0.09279808063064991,0.014128761134357857,0.003440882525849846
837.0,847.0,817.0,844.0,110300.0,91487200.0,860.4,927.16,31.343316646457737,-0.023068050749711633,-0.008009153318077833,0.0045977011494253706,0.55,0.503,-0.08969325682730055,0.014257197064255534,0.003440882525849846
852.0,855.0,830.0,835.0,91900.0,77061600.0,853.4,917.56,30.277784104475046,-0.0035419126328217754,-0.023068050749711633,-0.008009153318077833,0.55,0.503,-0.08997776712149609,0.01015656561924829,0.003440882525849846
826.0,858.0,823.0,837.0,124700.0,104358400.0,846.0,910.32,30.84044422170473,-0.010663507109004766,-0.0035419126328217754,-0.023068050749711633,0.55,0.503,-0.08054310572106517,0.009492207334388632,0.003440882525849846
836.0,841.0,820.0,830.0,49100.0,40759400.0,838.6,904.68,29.930038549329765,0.0023952095808383866,-0.010663507109004766,-0.0035419126328217754,0.55,0.503,-0.08254852544546133,0.00948822754919865,0.003440882525849846
802.6,812.0,791.0,807.2,9272300.0,7426381550.0,797.26,807.444,64.65375121616518,-0.0026230327254559427,0.0108585858585859,0.0050761421319796,73.53,0.48,-0.0003021881393631193,0.008565501964916651,0.1573334825300025
777.7,820.0,775.1,820.0,14538900.0,11638365070.0,803.6600000000001,805.6439999999999,66.22110344429123,0.010895428929242446,-0.0026230327254559427,0.0108585858585859,73.53,0.48,0.017819284944715172,0.007065565794593948,0.1573334825300025
825.1,828.0,800.3,811.3,10635600.0,8616910080.0,807.5200000000001,804.336,64.1392919438828,0.015857284440039532,0.010895428929242446,-0.0026230327254559427,73.53,0.48,0.008658073243022743,0.011052800543634115,0.1573334825300025
814.0,817.8,790.7,798.8,5677200.0,4539055100.0,807.16,804.368,61.16408671036841,-0.010609756097560985,0.015857284440039532,0.010895428929242446,73.53,0.48,-0.0069222047619996036,0.01347484372248614,0.1573334825300025
796.4,812.0,792.3,812.0,5344500.0,4299066660.0,809.8599999999999,810.768,63.11011296364334,-0.015407370886232008,-0.010609756097560985,0.015857284440039532,73.53,0.48,0.0015195468987428842,0.015277453450105359,0.1573334825300025
806.0,812.8,791.0,804.4,6050500.0,4858281050.0,809.3,812.8639999999999,61.20837631613968,0.016524787180771217,-0.015407370886232008,-0.010609756097560985,73.53,0.48,-0.010412565939689717,0.015494230271649305,0.1573334825300025
796.0,808.3,794.5,801.0,2784000.0,2231208210.0,805.5,815.184,60.3324801906979,-0.009359605911330116,0.016524787180771217,-0.015407370886232008,73.53,0.48,-0.017399752693870302,0.012469612969372313,0.1573334825300025
807.0,809.0,793.3,795.0,4325600.0,3452783820.0,802.24,813.784,58.73514232001842,-0.004226752859273986,-0.009359605911330116,0.016524787180771217,73.53,0.48,-0.02308229210699644,0.012169182486588524,0.1573334825300025
795.0,795.0,781.1,787.0,5269900.0,4146924280.0,799.88,811.424,56.58403087302123,-0.0074906367041198685,-0.004226752859273986,-0.009359605911330116,73.53,0.48,-0.030100169578420134,0.011103912279937081,0.1573334825300025
785.1,812.0,783.1,807.2,6480800.0,5207413340.0,798.9200000000001,809.992,60.51618111162109,-0.010062893081761004,-0.0074906367041198685,-0.004226752859273986,73.53,0.48,-0.0034469476241739626,0.015129840826811097,0.1573334825300025
806.0,807.1,798.0,800.0,2770700.0,2221526030.0,798.04,808.7919999999999,58.4830000471359,0.025667090216010324,-0.010062893081761004,-0.0074906367041198685,73.53,0.48,-0.010870532844043854,0.015070930779146058,0.1573334825300025
804.9,809.9,797.5,798.1,3296700.0,2645989640.0,797.46,807.7560000000001,57.9298881244426,-0.008919722497522375,0.025667090216010324,-0.010062893081761004,73.53,0.48,-0.011954104952485728,0.01499457478204931,0.1573334825300025
800.0,803.9,793.7,800.2,2954600.0,2362659130.0,798.5,806.564,58.39821141548084,-0.002375000000000016,-0.008919722497522375,0.025667090216010324,73.53,0.48,-0.007890260413308701,0.014513374475664883,0.1573334825300025
802.0,821.0,794.2,796.4,6307600.0,5090331920.0,800.38,804.82,57.15827283704672,0.0026312492168900636,-0.002375000000000016,-0.008919722497522375,73.53,0.48,-0.010461966650928248,0.013633050329209946,0.1573334825300025
796.4,800.8,790.6,792.3,5231400.0,4155043980.0,797.4,803.832,55.78207696596937,-0.004748812796800839,0.0026312492168900636,-0.002375000000000016,73.53,0.48,-0.014346281312513112,0.0042509501557964555,0.1573334825300025
789.6,792.2,784.6,784.8,7165000.0,5636922560.0,794.3599999999999,802.3439999999999,53.25608213696877,-0.00514816675037677,-0.004748812796800839,0.0026312492168900636,73.53,0.48,-0.02186593281684662,0.004421875317088711,0.1573334825300025
780.0,781.2,770.1,770.6,4508500.0,3489271200.0,788.8599999999999,800.128,48.75450883364603,-0.009466111321469128,-0.00514816675037677,-0.004748812796800839,73.53,0.48,-0.03690409534474486,0.007589560447673932,0.1573334825300025
774.0,774.4,765.0,765.0,3563100.0,2738475360.0,781.8199999999999,798.008,47.064935874955545,-0.01809378185524968,-0.009466111321469128,-0.00514816675037677,73.53,0.48,-0.04136299385469824,0.005450026676792163,0.1573334825300025
765.0,770.0,760.2,763.8,3986600.0,3050301800.0,775.3,795.96,46.69153253712875,-0.007267064624967623,-0.01809378185524968,-0.009466111321469128,73.53,0.48,-0.040404040404040505,0.006196571239621957,0.1573334825300025
760.2,769.6,760.2,764.5,3263200.0,2500320730.0,769.74,794.14,46.95590683478299,-0.0015686274509804088,-0.007267064624967623,-0.01809378185524968,73.53,0.48,-0.037323393860024666,0.007438908247307987,0.1573334825300025
764.4,766.2,743.0,747.0,5936700.0,4458987470.0,762.1800000000001,792.2280000000001,41.42484383176324,0.00091647028017805,-0.0015686274509804088,-0.007267064624967623,73.53,0.48,-0.05708962571380974,0.010358178326151721,0.1573334825300025
746.8,752.1,737.3,747.9,4350500.0,3236771100.0,757.64,790.6240000000001,41.8045056115533,-0.022890778286461688,0.00091647028017805,-0.0015686274509804088,73.53,0.48,-0.05403832921844031,0.01007790543798045,0.1573334825300025
750.0,778.8,749.9,772.2,6323000.0,4854435530.0,759.08,789.832,51.0330807570073,0.00120481927710836,-0.022890778286461688,0.00091647028017805,73.53,0.48,-0.022323734667625456,0.019772374423785963,0.1573334825300025
779.8,783.0,769.1,782.0,3882800.0,3018648620.0,762.72,789.0879999999999,54.18827717893356,0.032490974729241895,0.00120481927710836,-0.022890778286461688,73.53,0.48,-0.00898252159454947,0.020148265814556955,0.1573334825300025
781.5,793.6,768.3,780.9,4818700.0,3766789660.0,766.0,788.3839999999999,53.769473300658795,0.012691012691012693,0.032490974729241895,0.00120481927710836,73.53,0.48,-0.009492835978406366,0.020288883003184738,0.1573334825300025
785.6,785.6,761.2,763.0,3766200.0,2897601640.0,769.2,786.6160000000001,47.35558247677544,-0.0014066496163682718,0.012691012691012693,0.032490974729241895,73.53,0.48,-0.03002227262094859,0.02029948173634523,0.1573334825300025
770.9,772.4,754.6,766.3,3158400.0,2407597410.0,772.88,784.4680000000001,48.573501265581136,-0.022922269176591126,-0.0014066496163682718,0.012691012691012693,73.53,0.48,-0.023159644497927408,0.020224075255747945,0.1573334825300025
765.2,789.0,764.0,789.0,4258000.0,3312766280.0,776.24,783.5759999999999,56.09754649890736,0.004325032765399639,-0.022922269176591126,-0.0014066496163682718,73.53,0.48,0.0069221109375479754,0.019268781025986677,0.1573334825300025
785.3,804.8,784.1,794.2,5837900.0,4651921010.0,778.6800000000001,783.3919999999999,57.62693047611988,0.029622863108443198,0.004325032765399639,-0.022922269176591126,73.53,0.48,0.013796413545198455,0.018805019848106393,0.1573334825300025
790.3,793.1,781.2,788.2,2792900.0,2195265230.0,780.14,782.44,55.23591763883033,0.006590621039290312,0.029622863108443198,0.004325032765399639,73.53,0.48,0.007361586830939101,0.019377271222318207,0.1573334825300025
787.0,792.7,781.2,781.2,5279700.0,4140594120.0,783.78,781.5120000000002,52.49913658611393,-0.007554772097708384,0.006590621039290312,0.029622863108443198,73.53,0.48,-0.0003992261155300564,0.015487207202620982,0.1573334825300025
777.0,777.9,762.1,765.1,2806100.0,2151833610.0,783.5400000000001,780.076,46.76048324021365,-0.008880994671403242,-0.007554772097708384,0.006590621039290312,73.53,0.48,-0.019198129413031548,0.019245146592535928,0.1573334825300025
772.0,796.3,765.1,796.3,4345800.0,3399334080.0,785.0,780.128,56.649726748646884,-0.020609318996415826,-0.008880994671403242,-0.007554772097708384,73.53,0.48,0.02072993149842066,0.02369458425873218,0.1573334825300025
796.0,800.9,779.9,786.5,4007800.0,3150156850.0,783.46,780.1080000000001,53.300704153752434,0.04077898313945871,-0.020609318996415826,-0.008880994671403242,73.53,0.48,0.008193737277402538,0.02429185598687322,0.1573334825300025
780.2,792.0,780.2,788.2,3530600.0,2779651400.0,783.46,779.3480000000001,53.810819099493386,-0.012306919502699909,0.04077898313945871,-0.020609318996415826,73.53,0.48,0.011358212249213413,0.024095707140813237,0.1573334825300025
793.7,813.0,789.2,810.0,8493900.0,6831687600.0,789.22,779.748,59.86521616281786,0.0021614748887477386,-0.012306919502699909,0.04077898313945871,73.53,0.48,0.0387971498484125,0.02609968845297922,0.1573334825300025
810.0,822.5,804.4,807.0,7449900.0,6077227250.0,797.6,780.1039999999999,58.72444378837773,0.027657954833798515,0.0021614748887477386,-0.012306919502699909,73.53,0.48,0.03447745428814629,0.022370584693103743,0.1573334825300025
810.0,826.0,800.1,823.0,6010200.0,4896651620.0,802.9399999999999,781.0160000000001,62.7963131161538,-0.0037037037037036535,0.027657954833798515,0.0021614748887477386,73.53,0.48,0.053755620883566946,0.016595450672947147,0.1573334825300025
816.0,825.8,807.0,814.2,6127000.0,4994688410.0,808.4799999999999,781.7280000000001,59.32958651788545,0.019826517967781898,-0.0037037037037036535,0.027657954833798515,73.53,0.48,0.04153874493429937,0.01614207597487286,0.1573334825300025
825.0,844.0,823.3,843.0,13604700.0,11385007630.0,819.4399999999999,783.7560000000001,65.9539822221299,-0.010692588092345079,0.019826517967781898,-0.0037037037037036535,73.53,0.48,0.07558985194371706,0.01999954694269901,0.1573334825300025
838.0,842.1,815.9,818.9,5805500.0,4798538420.0,821.22,785.12,57.512153320014974,0.03537214443625647,-0.010692588092345079,0.019826517967781898,73.53,0.48,0.04302527002241692,0.025297169387992705,0.1573334825300025
814.2,818.7,805.4,806.8,3202500.0,2599710950.0,821.18,786.568,53.78955252830347,-0.028588374851720055,0.03537214443625647,-0.010692588092345079,73.53,0.48,0.0257218702006692,0.0264290232545578,0.1573334825300025
800.3,829.8,798.9,823.9,4619100.0,3781613350.0,821.36,788.924,57.93353820412177,-0.01477591891561858,-0.028588374851720055,0.03537214443625647,73.53,0.48,0.044333801481511524,0.026688500691468782,0.1573334825300025
845.1,847.9,826.8,826.8,7972500.0,6661708120.0,823.8799999999999,791.444,58.61140648201308,0.021194843827466503,-0.01477591891561858,-0.028588374851720055,73.53,0.48,0.04467277533217764,0.02594462182519772,0.1573334825300025
821.7,847.0,813.2,841.9,8879200.0,7431652980.0,823.6600000000001,794.54,62.04132644748406,0.003519844641340031,0.021194843827466503,-0.01477591891561858,73.53,0.48,0.05960681652276791,0.02139361861397265,0.1573334825300025
840.0,850.0,835.0,847.1,9464300.0,8006030800.0,829.3,798.544,63.173150615543406,0.018263183357523083,0.003519844641340031,0.021194843827466503,73.53,0.48,0.06080566631268915,0.014276343167465608,0.1573334825300025
845.0,848.2,836.0,842.3,4061600.0,3423068130.0,836.4,802.32,61.354550187140426,0.006176505523221243,0.018263183357523083,0.003519844641340031,73.53,0.48,0.04983049157443402,0.011035972995759744,0.1573334825300025
839.9,843.0,834.0,840.0,4068400.0,3413176260.0,839.6200000000001,805.0320000000002,60.45646245187959,-0.005666391217093669,0.006176505523221243,0.018263183357523083,73.53,0.48,0.04343678263721174,0.009315419918236641,0.1573334825300025
839.0,849.9,835.0,845.2,5030800.0,4254132430.0,843.3,807.56,61.817277403287875,-0.0027306185444615494,-0.005666391217093669,0.006176505523221243,73.53,0.48,0.04660953984843244,0.009363716013815195,0.1573334825300025
835.2,836.5,824.2,832.0,4326600.0,3593274180.0,841.32,809.6039999999999,56.50181306664973,0.006190476190476302,-0.0027306185444615494,-0.005666391217093669,73.53,0.48,0.02766290680382023,0.009121562445696283,0.1573334825300025
830.0,846.7,826.7,835.9,4616700.0,3868484710.0,839.0799999999999,812.52,57.66020479366941,-0.015617605300520587,0.006190476190476302,-0.0027306185444615494,73.53,0.48,0.028774676315659917,0.008792813229132793,0.1573334825300025
843.0,850.0,840.3,849.6,4514800.0,3825733000.0,840.54,815.852,61.53533978429172,0.004687499999999956,-0.015617605300520587,0.006190476190476302,73.53,0.48,0.041365345675441194,0.011878196567411924,0.1573334825300025
849.7,872.6,849.6,862.3,12245900.0,10568194160.0,845.0,818.7840000000001,64.75563447930416,0.016389520277545255,0.004687499999999956,-0.015617605300520587,73.53,0.48,0.05314710595224118,0.01279431343211531,0.1573334825300025
861.0,879.4,856.1,878.9,9601000.0,8399297830.0,851.74,822.172,68.4712404425719,0.014948210922787197,0.016389520277545255,0.004687499999999956,73.53,0.48,0.06899772796932996,0.014265199884952553,0.1573334825300025
880.0,895.0,879.5,886.0,9427500.0,8367917160.0,862.54,826.084,69.9313608527078,0.019250840774672318,0.014948210922787197,0.016389520277545255,73.53,0.48,0.0725301543184471,0.006064996691620163,0.1573334825300025
880.0,884.7,869.6,877.0,4628800.0,4056697100.0,870.76,829.9159999999999,65.77321515060159,0.00807827966776653,0.019250840774672318,0.014948210922787197,73.53,0.48,0.05673345254218507,0.011837257094285809,0.1573334825300025
871.0,871.0,860.9,863.5,4077800.0,3526667770.0,873.54,833.852,60.00924372268467,-0.010158013544018019,0.00807827966776653,0.019250840774672318,73.53,0.48,0.035555470275300684,0.015358163267371988,0.1573334825300025
864.5,887.9,858.3,887.5,6675300.0,5879062870.0,878.5799999999999,837.5,65.75482864242912,-0.015393386545039855,-0.010158013544018019,0.00807827966776653,73.53,0.48,0.05970149253731343,0.01853104245561108,0.1573334825300025
884.9,894.0,871.4,892.7,9028000.0,7983232080.0,881.3399999999999,841.748,66.86561448740622,0.02779386218876656,-0.015393386545039855,-0.010158013544018019,73.53,0.48,0.060531180353264866,0.01702843835549517,0.1573334825300025
886.0,895.0,881.5,884.6,6361300.0,5649207480.0,881.0600000000001,845.6039999999999,63.41505344660923,0.005859154929577448,0.02779386218876656,-0.015393386545039855,73.53,0.48,0.046116148930232234,0.017529341637769855,0.1573334825300025
867.0,875.5,864.5,869.6,4466600.0,3888926770.0,879.5800000000002,847.988,57.497690612670866,-0.009073596953063756,0.005859154929577448,0.02779386218876656,73.53,0.48,0.02548620971051473,0.018718784680582613,0.1573334825300025
876.4,889.8,875.3,885.0,7039800.0,6222860660.0,883.8800000000001,851.1080000000001,61.47253736954356,-0.016956816640289363,-0.009073596953063756,0.005859154929577448,20.35,0.475,0.03982103328837226,0.018452440838962008,0.1545306259018382
957.1,987.3,950.0,975.0,53586500.0,51904569670.0,901.3800000000001,857.188,75.74741448017083,0.01770929162833479,-0.016956816640289363,-0.009073596953063756,20.35,0.475,0.13744009482167274,0.04767135587759402,0.1545306259018382
962.8,984.0,962.1,982.0,16432900.0,16052908720.0,919.24,863.9,76.47742162135276,0.10169491525423724,0.01770929162833479,-0.016956816640289363,20.35,0.475,0.13670563722653087,0.04757807053764294,0.1545306259018382
980.0,1000.0,979.4,996.1,18475000.0,18361864170.0,941.54,870.0239999999999,77.91917231334008,0.007179487179487243,0.10169491525423724,0.01770929162833479,20.35,0.475,0.14491094498542587,0.04507284721386233,0.1545306259018382
995.0,999.9,985.3,996.0,11874000.0,11805499300.0,966.82,877.1080000000001,77.88271271458393,0.014358452138492961,0.007179487179487243,0.10169491525423724,20.35,0.475,0.13555001208517073,0.041671078366982715,0.1545306259018382
1000.0,1005.0,990.2,1005.0,13533600.0,13529382370.0,990.82,885.036,78.8422550157789,-0.00010039152695517917,0.014358452138492961,0.007179487179487243,20.35,0.475,0.13554702859544704,0.04238962075676144,0.1545306259018382
1005.0,1040.0,998.3,1008.0,15800200.0,16044690080.0,997.4200000000001,892.4,79.16670934087566,0.009036144578313143,-0.00010039152695517917,0.014358452138492961,20.35,0.475,0.12953832362169435,0.005576401707628762,0.1545306259018382
1008.0,1120.0,1004.5,1084.0,30374400.0,32380844100.0,1017.82,902.688,85.31181489892352,0.0029850746268655914,0.009036144578313143,-0.00010039152695517917,20.35,0.475,0.20085788223616577,0.03128023741630061,0.1545306259018382
1109.5,1139.0,1101.0,1116.0,16514600.0,18438933350.0,1041.8,913.6519999999999,87.04459530226853,0.07539682539682535,0.0029850746268655914,0.009036144578313143,20.35,0.475,0.2214716325252942,0.03129089538129683,0.1545306259018382
1100.0,1156.5,1098.0,1130.5,15486500.0,17539899000.0,1068.7,924.988,87.7498093362136,0.029520295202952074,0.07539682539682535,0.0029850746268655914,20.35,0.475,0.22217801744455057,0.029321849797282622,0.1545306259018382
1127.0,1134.0,1076.5,1093.0,12530600.0,13800007650.0,1086.3,935.016,76.19773503770026,0.012992831541218663,0.029520295202952074,0.07539682539682535,20.35,0.475,0.16896395355801402,0.03967078355407495,0.1545306259018382
1095.0,1169.5,1095.0,1138.0,14325900.0,16354405950.0,1112.3,946.9359999999999,79.65843592568848,-0.03317116320212299,0.012992831541218663,0.029520295202952074,20.35,0.475,0.20177076381085954,0.03984240183916636,0.1545306259018382
1175.0,1219.0,1167.0,1208.5,22603100.0,27041507150.0,1137.2,961.4680000000001,83.6654008960574,0.04117108874656905,-0.03317116320212299,0.012992831541218663,20.35,0.475,0.25693210798487304,0.035860575156455986,0.1545306259018382
1245.0,1283.5,1244.0,1269.5,18663800.0,23543962150.0,1167.9,978.9680000000001,86.19865136066959,0.06195079086115984,0.04117108874656905,-0.03317116320212299,20.35,0.475,0.2967737454135374,0.03804523791343889,0.1545306259018382
1259.5,1269.0,1231.0,1244.0,30837600.0,38402004500.0,1190.6,995.2919999999999,80.573225210752,0.05047579644187006,0.06195079086115984,0.04117108874656905,20.35,0.475,0.24988445601893727,0.04350559414289383,0.1545306259018382
1257.5,1317.0,1225.0,1313.0,22369900.0,28829413250.0,1234.6,1013.828,83.67735027981067,-0.020086648286727016,0.05047579644187006,0.06195079086115984,20.35,0.475,0.2950914750825584,0.03323499911058268,0.1545306259018382
1300.0,1374.0,1288.0,1368.5,24421800.0,32872920900.0,1280.7,1034.076,85.66188676352954,0.05546623794212224,-0.020086648286727016,0.05047579644187006,20.35,0.475,0.32340369566646937,0.03326650902561344,0.1545306259018382
1358.0,1377.0,1340.5,1364.0,19111000.0,26008069700.0,1311.8,1053.48,84.76202876058144,0.04226961157654219,0.05546623794212224,-0.020086648286727016,20.35,0.475,0.29475642632038573,0.03430916126887197,0.1545306259018382
1367.0,1401.5,1357.5,1387.5,17414400.0,23996566300.0,1335.4,1073.54,85.61204172418472,-0.003288271830471312,0.04226961157654219,0.05546623794212224,20.35,0.475,0.29245300594295515,0.03121139920467857,0.1545306259018382
1400.0,1434.0,1391.0,1414.0,22164300.0,31287333050.0,1369.4,1095.02,86.52487979156261,0.017228739002932647,-0.003288271830471312,0.04226961157654219,20.35,0.475,0.29130061551387193,0.022995649071737886,0.1545306259018382
1406.0,1481.0,1390.0,1435.5,35870400.0,51805522100.0,1393.9,1117.9,87.23261962551986,0.019099099099099126,0.017228739002932647,-0.003288271830471312,20.35,0.475,0.28410412380356015,0.0162154713341404,0.1545306259018382
1444.5,1518.0,1441.5,1468.5,39719000.0,58615636950.0,1413.9,1141.14,88.25249432581893,0.015205091937765314,0.019099099099099126,0.017228739002932647,20.35,0.475,0.28687102371312884,0.010213364449725289,0.1545306259018382
1508.5,1544.5,1433.0,1474.5,39810400.0,59167145750.0,1436.0,1164.412,88.4334084256373,0.02298850574712641,0.015205091937765314,0.019099099099099126,20.35,0.475,0.26630436649570766,0.007108893489687613,0.1545306259018382
1522.5,1574.5,1520.0,1570.0,32088200.0,49925733300.0,1472.5,1191.828,90.84903787066197,0.004085801838610736,0.02298850574712641,0.015205091937765314,20.35,0.475,0.3173041747634726,0.02320247439082822,0.1545306259018382
1600.0,1601.0,1495.0,1498.0,45821800.0,70189238350.0,1489.3,1216.964,77.67756542104644,0.06476771787046465,0.004085801838610736,0.02298850574712641,20.35,0.475,0.23093205715206044,0.03976672416499467,0.1545306259018382
1490.0,1526.0,1463.0,1471.0,36219400.0,54025068350.0,1496.4,1240.404,73.38107342607144,-0.04585987261146496,0.06476771787046465,0.004085801838610736,20.35,0.475,0.18590394742358135,0.04186790177020784,0.1545306259018382
1541.0,1629.5,1525.5,1593.5,55873100.0,88711417300.0,1521.4,1265.144,79.04444007536902,-0.018024032042723626,-0.04585987261146496,0.06476771787046465,20.35,0.475,0.2595404159526504,0.054811195816635655,0.1545306259018382
1588.0,1683.0,1576.0,1640.0,46751700.0,76838905250.0,1554.5,1291.464,80.72118153220819,0.08327668252889198,-0.018024032042723626,-0.04585987261146496,20.35,0.475,0.26987666710028313,0.05440617895274329,0.1545306259018382
1638.0,1639.0,1553.5,1605.0,40763000.0,65053520700.0,1561.5,1315.82,75.80461145531618,0.02918104800753052,0.08327668252889198,-0.018024032042723626,20.35,0.475,0.21977170129652998,0.05128759794145511,0.1545306259018382
1592.5,1624.0,1577.0,1577.0,22545200.0,36088554400.0,1577.3,1339.06,72.025119863039,-0.021341463414634165,0.02918104800753052,0.08327668252889198,20.35,0.475,0.17769181366032893,0.04541997323218307,0.1545306259018382
1577.0,1659.0,1577.0,1639.0,27568400.0,44968854150.0,1610.9,1364.42,74.99771522897645,-0.017445482866043638,-0.021341463414634165,0.02918104800753052,20.35,0.475,0.2012430190117412,0.04341330233838464,0.1545306259018382
1650.0,1668.0,1582.0,1638.5,61126100.0,99934527950.0,1619.9,1389.64,74.92856748904576,0.03931515535827512,-0.017445482866043638,-0.021341463414634165,20.35,0.475,0.1790823522638956,0.027313868672353657,0.1545306259018382
1660.0,1662.0,1615.0,1628.0,17837200.0,29177269550.0,1617.5,1411.4,73.39811848805675,-0.0003050640634533197,0.03931515535827512,-0.017445482866043638,20.35,0.475,0.1534646450333002,0.024181565919757897,0.1545306259018382
1639.0,1696.0,1636.0,1689.5,22219800.0,36994676350.0,1634.4,1434.34,76.43426622183813,-0.006408300274641454,-0.0003050640634533197,0.03931515535827512,20.35,0.475,0.17789366537919887,0.02625770583561685,0.1545306259018382
1723.5,1855.0,1699.5,1844.0,47959100.0,86310756050.0,1687.8,1462.88,81.99411587112796,0.03777641277641286,-0.006408300274641454,-0.0003050640634533197,20.35,0.475,0.2605271792628239,0.03917586374061996,0.1545306259018382
1823.5,1849.0,1780.0,1792.5,29580500.0,53694813700.0,1718.5,1490.86,75.59202969757183,0.09144717372003552,0.03777641277641286,-0.006408300274641454,20.35,0.475,0.20232617415451493,0.04696183337212947,0.1545306259018382
1801.0,1911.0,1795.5,1898.0,50230600.0,93721405800.0,1770.4,1521.26,79.17859522055177,-0.027928416485900165,0.09144717372003552,0.03777641277641286,20.35,0.475,0.2476499743633567,0.04834092439262838,0.1545306259018382
1925.0,1974.0,1909.0,1960.5,44726400.0,87167930350.0,1836.9,1551.34,80.96324222811542,0.0588563458856346,-0.027928416485900165,0.09144717372003552,20.35,0.475,0.26374618072118305,0.04376644324406755,0.1545306259018382
1940.0,2012.5,1891.5,1991.0,53163100.0,104342463700.0,1897.2,1580.2,81.78379173572087,0.03292939936775552,0.0588563458856346,-0.027928416485900165,20.35,0.475,0.2599670927730667,0.0449840998060722,0.1545306259018382
2030.0,2098.0,1992.0,2096.5,53685600.0,110263877800.0,1947.7,1614.3,84.30400833851671,0.01555725580209133,0.03292939936775552,0.0588563458856346,20.35,0.475,0.2987053211918479,0.03490022372710761,0.1545306259018382
2065.0,2123.5,2031.0,2117.5,45574100.0,94461568850.0,2012.7,1646.48,84.75610100915652,0.052988448016072276,0.01555725580209133,0.03292939936775552,20.35,0.475,0.28607696419027256,0.021764964911913993,0.1545306259018382
2202.5,2266.0,2141.0,2212.5,49432600.0,109296767450.0,2075.6,1680.24,86.63194200086149,0.01001669449081799,0.052988448016072276,0.01555725580209133,20.35,0.475,0.3167761748321668,0.018424446447710435,0.1545306259018382
2259.0,2339.0,1908.5,2087.0,86486800.0,190356314150.0,2100.9,1709.16,73.72509645512415,0.044864226682408415,0.01001669449081799,0.052988448016072276,20.35,0.475,0.22106765896697786,0.043274079441203664,0.1545306259018382
2000.0,2197.0,1967.5,2187.5,77730300.0,163232390150.0,2140.2,1741.16,76.71663637808271,-0.056723163841807867,0.044864226682408415,0.01001669449081799,20.35,0.475,0.2563463438167658,0.04605756739238634,0.1545306259018382
2225.0,2229.0,2043.5,2136.5,81158400.0,172385376800.0,2148.2,1770.06,72.22280451733249,0.04815524676569227,-0.056723163841807867,0.044864226682408415,20.35,0.475,0.20702123091872596,0.044964835762346146,0.1545306259018382
2091.0,2167.0,2080.5,2102.0,48613100.0,103456145150.0,2145.1,1796.72,69.26692468377168,-0.023314285714285732,0.04815524676569227,-0.056723163841807867,20.35,0.475,0.16990961307271024,0.04569340803324286,0.1545306259018382
2100.0,2187.0,1996.5,2010.0,70949000.0,147449238100.0,2104.6,1818.38,61.98190451983832,-0.016147905452843392,-0.023314285714285732,0.04815524676569227,20.35,0.475,0.10537951363301394,0.04053087416352635,0.1545306259018382
2014.0,2108.0,2001.5,2041.0,38362600.0,79405522300.0,2095.4,1841.04,63.37951916918416,-0.043767840152236004,-0.016147905452843392,-0.023314285714285732,20.35,0.475,0.10861252335636382,0.036053738932990485,0.1545306259018382
2053.0,2080.0,2015.5,2059.0,35049900.0,71724895650.0,2069.7,1860.6,64.20241768331681,0.015422885572139222,-0.043767840152236004,-0.016147905452843392,20.35,0.475,0.10663226916048592,0.024185031519426074,0.1545306259018382
2016.0,2063.5,1947.0,1963.0,37137200.0,74014509850.0,2035.0,1879.2,56.863391968274094,0.00881920627143562,0.015422885572139222,-0.043767840152236004,20.35,0.475,0.04459344401873135,0.028771834254210597,0.1545306259018382
1997.0,2010.0,1886.0,1923.0,48673300.0,93962254300.0,1999.2,1897.28,54.08899026463897,-0.046624575036425475,0.00881920627143562,0.015422885572139222,20.35,0.475,0.01355624894585935,0.028822495814445744,0.1545306259018382
1943.0,2040.0,1915.0,1933.5,60181400.0,119003972100.0,1983.9,1910.88,54.71361364829072,-0.02037697401935812,-0.046624575036425475,0.00881920627143562,20.35,0.475,0.011837478020597782,0.025769571242793846,0.1545306259018382
1859.0,1881.5,1806.0,1850.5,45213100.0,83282288000.0,1945.8,1919.3,49.034546146512675,0.00546021840873645,-0.02037697401935812,-0.046624575036425475,20.35,0.475,-0.03584640233418432,0.026027181328209987,0.1545306259018382
1836.0,1858.0,1759.0,1797.5,39363800.0,71169011800.0,1893.5,1927.0,45.767738627269075,-0.04292733385053016,0.00546021840873645,-0.02037697401935812,20.35,0.475,-0.0672029060716139,0.0208465344632597,0.1545306259018382
1834.0,1974.5,1795.0,1951.0,69535200.0,132567647400.0,1891.1,1941.96,55.09818598410643,-0.028640907862739762,-0.04292733385053016,0.00546021840873645,20.35,0.475,0.004655090733073783,0.05099117083278491,0.1545306259018382
2008.0,2093.0,1984.5,2090.0,55587800.0,113877217650.0,1924.5,1960.0,61.549368557878935,0.0853963838664813,-0.028640907862739762,-0.04292733385053016,20.35,0.475,0.0663265306122449,0.057926809106023075,0.1545306259018382
2004.0,2026.5,1966.0,1978.0,39774400.0,79394647150.0,1933.4,1973.58,54.72658351372815,0.07124551512045096,0.0853963838664813,-0.028640907862739762,20.35,0.475,0.0022395849167503082,0.06653004905537598,0.1545306259018382
2015.5,2034.0,1983.0,1995.0,30789900.0,61722808200.0,1962.3,1988.26,55.5323293126482,-0.05358851674641152,0.07124551512045096,0.0853963838664813,20.35,0.475,0.0033898987054007067,0.060737817223153266,0.1545306259018382
2015.0,2062.0,1991.0,2057.0,32863700.0,66664728600.0,2014.2,2002.96,58.43757653824148,0.008594539939332568,-0.05358851674641152,0.07124551512045096,20.35,0.475,0.026980069497144207,0.05523984931384726,0.1545306259018382
2054.5,2088.0,1995.0,2054.0,26356000.0,53967712950.0,2034.8,2011.36,58.23930100941557,0.031077694235589037,0.008594539939332568,-0.05358851674641152,20.35,0.475,0.021199586349534692,0.045730623128166496,0.1545306259018382
2072.0,2146.0,2030.0,2095.0,29802400.0,62650696400.0,2035.8,2023.46,60.22552690756322,-0.001458434613514803,0.031077694235589037,0.008594539939332568,20.35,0.475,0.03535528253585441,0.03281684797070208,0.1545306259018382
2012.5,2045.0,1884.5,2018.0,36936000.0,72728240450.0,2043.8,2028.26,54.940524005510454,0.019961051606621316,-0.001458434613514803,0.031077694235589037,20.35,0.475,-0.005058523069034537,0.02597768391903348,0.1545306259018382
2058.5,2075.0,1986.0,2021.0,20443200.0,41309723200.0,2049.0,2030.68,55.10582286251685,-0.03675417661097857,0.019961051606621316,-0.001458434613514803,20.35,0.475,-0.004766876120314408,0.025877124256017115,0.1545306259018382
1985.5,2004.0,1897.0,1923.5,29405400.0,57066246600.0,2022.3,2027.98,48.83553207604637,0.0014866204162538033,-0.03675417661097857,0.019961051606621316,20.35,0.475,-0.0515192457519305,0.028442319049968884,0.1545306259018382
1974.5,2007.5,1957.5,1962.0,20832700.0,41376878350.0,2003.9,2022.6,51.19697643202909,-0.048243443839683375,0.0014866204162538033,-0.03675417661097857,20.35,0.475,-0.02996143577573416,0.032017687069078975,0.1545306259018382
1682.0,1711.0,1675.0,1707.0,465100.0,790155000.0,1671.6,1677.96,37.83129534054397,0.000597728631201333,0.0005980861244019309,0.02450980392156854,200.33,0.662,0.01730672960022883,0.013395874680127456,0.1090164408519745
1715.0,1718.0,1699.0,1713.0,286000.0,489086200.0,1687.8,1677.56,39.18483048021835,0.019713261648745428,0.000597728631201333,0.0005980861244019309,200.33,0.662,0.021125920980471672,0.011440162012171542,0.1090164408519745
1725.0,1727.0,1702.0,1716.0,300500.0,514554500.0,1696.6,1678.92,39.88952767840325,0.0035149384885764245,0.019713261648745428,0.000597728631201333,200.33,0.662,0.02208562647416192,0.008181075719650809,0.1090164408519745
1708.0,1708.0,1689.0,1692.0,257100.0,436530100.0,1700.4,1679.72,36.268780153562744,0.0017513134851139256,0.0035149384885764245,0.019713261648745428,200.33,0.662,0.007310742266568221,0.011970057732908202,0.1090164408519745
1700.0,1714.0,1691.0,1697.0,326100.0,554704400.0,1705.0,1679.44,37.5407578749168,-0.013986013986013957,0.0017513134851139256,0.0035149384885764245,200.33,0.662,0.010455866241127963,0.011931712864140047,0.1090164408519745
1697.0,1715.0,1689.0,1692.0,350700.0,595047000.0,1702.0,1678.32,36.75084483345179,0.002955082742316817,-0.013986013986013957,0.0017513134851139256,200.33,0.662,0.00815100815100819,0.007301842702022342,0.1090164408519745
1665.0,1676.0,1648.0,1654.0,413200.0,685122400.0,1690.2,1676.88,31.351587146077307,-0.0029463759575721893,0.002955082742316817,-0.013986013986013957,200.33,0.662,-0.013644387195267466,0.01095302164345082,0.1090164408519745
1657.0,1687.0,1650.0,1664.0,364600.0,608134100.0,1679.8,1677.2,34.09557624652099,-0.022458628841607542,-0.0029463759575721893,0.002955082742316817,200.33,0.662,-0.007870259957071336,0.011929537752637482,0.1090164408519745
1669.0,1669.0,1622.0,1627.0,491500.0,805156500.0,1666.8,1675.2,29.411206858303572,0.006045949214026569,-0.022458628841607542,-0.0029463759575721893,200.33,0.662,-0.02877268385864377,0.013731124102932583,0.1090164408519745
1623.0,1626.0,1605.0,1617.0,537900.0,869410600.0,1650.8,1673.48,28.280316943394325,-0.022235576923076872,0.006045949214026569,-0.022458628841607542,200.33,0.662,-0.03375002987785932,0.012509829394721908,0.1090164408519745
1615.0,1626.0,1593.0,1607.0,417500.0,672390200.0,1633.8,1671.32,27.15582792914138,-0.006146281499692652,-0.022235576923076872,0.006045949214026569,200.33,0.662,-0.03848455113323597,0.012161603660842537,0.1090164408519745
1626.0,1636.0,1610.0,1621.0,601000.0,975157800.0,1627.2,1668.84,31.275791807716985,-0.00618429189857761,-0.006146281499692652,-0.022235576923076872,200.33,0.662,-0.028666618729177105,0.0122924743350338,0.1090164408519745
1618.0,1659.0,1617.0,1650.0,519000.0,853170100.0,1624.4,1668.12,38.97523561486835,0.00871188550093338,-0.00618429189857761,-0.006146281499692652,200.33,0.662,-0.010862527875692331,0.015441127886651309,0.1090164408519745
1645.0,1654.0,1634.0,1651.0,329200.0,541979100.0,1629.2,1667.12,39.22807184725286,0.017890191239975373,0.00871188550093338,-0.00618429189857761,200.33,0.662,-0.0096693699313786,0.01034501162146803,0.1090164408519745
1654.0,1678.0,1651.0,1661.0,347200.0,577378800.0,1638.0,1666.76,41.823823029594166,0.0006060606060604989,0.017890191239975373,0.00871188550093338,200.33,0.662,-0.003455806474837404,0.00900807131451061,0.1090164408519745
1655.0,1671.0,1655.0,1663.0,162700.0,270877400.0,1649.2,1666.0,42.354148858860945,0.006056935190793533,0.0006060606060604989,0.017890191239975373,200.33,0.662,-0.001800720288115246,0.007014891657488719,0.1090164408519745
1655.0,1675.0,1646.0,1666.0,255200.0,424661500.0,1658.2,1665.12,43.19070092226575,0.0012040939193256328,0.006056935190793533,0.0006060606060604989,200.33,0.662,0.0005284904391275759,0.0072438312454542655,0.1090164408519745
1676.0,1692.0,1664.0,1671.0,359900.0,602117200.0,1662.4,1664.36,44.632851178775404,0.0018039687312085828,0.0012040939193256328,0.006056935190793533,200.33,0.662,0.00398952149775295,0.0021591603559140736,0.1090164408519745
1675.0,1698.0,1670.0,1694.0,688300.0,1161693700.0,1671.0,1664.16,50.81786877992774,0.0030012004801920344,0.0018039687312085828,0.0012040939193256328,200.33,0.662,0.01793096817613686,0.0051577452455387465,0.1090164408519745
1690.0,1692.0,1622.0,1628.0,653400.0,1075535600.0,1664.4,1663.36,37.77676552308328,0.01376421304608022,0.0030012004801920344,0.0018039687312085828,200.33,0.662,-0.021258176221623643,0.020294672664604305,0.1090164408519745
1625.0,1632.0,1565.0,1567.0,649300.0,1029076200.0,1645.2,1660.36,30.09074683975149,-0.038961038961038974,0.01376421304608022,0.0030012004801920344,200.33,0.662,-0.05622876966441007,0.024769171143522527,0.1090164408519745
1571.0,1611.0,1566.0,1594.0,352400.0,560985000.0,1630.8,1658.84,36.27133880232912,-0.03746928746928746,-0.038961038961038974,0.01376421304608022,200.33,0.662,-0.03908755515902674,0.027645608713909788,0.1090164408519745
1582.0,1616.0,1557.0,1610.0,684900.0,1089499000.0,1618.6,1656.36,39.674905925359795,0.01723037651563497,-0.03746928746928746,-0.038961038961038974,200.33,0.662,-0.027989084498538905,0.028541192599170172,0.1090164408519745
1610.0,1662.0,1608.0,1653.0,702900.0,1153884500.0,1610.4,1655.56,47.75114970768752,0.010037641154328814,0.01723037651563497,-0.03746928746928746,200.33,0.662,-0.001546304573678964,0.0313529619556854,0.1090164408519745
1666.0,1685.0,1652.0,1653.0,472600.0,787273100.0,1615.4,1654.72,47.75114970768752,0.026708074534161463,0.010037641154328814,0.01723037651563497,200.33,0.662,-0.001039450783214095,0.024801279922018308,0.1090164408519745
1651.0,1668.0,1635.0,1657.0,610300.0,1008672400.0,1633.4,1652.72,48.49506106803986,0.0,0.026708074534161463,0.010037641154328814,200.33,0.662,0.002589670361585733,0.010962626326586488,0.1090164408519745
1646.0,1661.0,1636.0,1645.0,390400.0,642219200.0,1643.6,1650.0,46.36242601209093,0.002419842710223774,0.0,0.026708074534161463,200.33,0.662,-0.0030303030303030303,0.012928215949282272,0.1090164408519745
1635.0,1680.0,1619.0,1680.0,489400.0,813131100.0,1657.6,1648.56,52.87222332414805,-0.007242003621001802,0.002419842710223774,0.0,253.51,0.656,0.019071189401659663,0.014592091899416541,0.10365372152422653
1666.0,1780.0,1643.0,1677.0,1747000.0,3003817900.0,1662.4,1647.96,52.28645560230054,0.02127659574468077,-0.007242003621001802,0.002419842710223774,253.51,0.656,0.01762178693657611,0.010852998257134157,0.10365372152422653
1665.0,1670.0,1620.0,1658.0,998600.0,1642330800.0,1663.4,1646.4,48.6130588179791,-0.0017857142857142794,0.02127659574468077,-0.007242003621001802,253.51,0.656,0.007045675413022296,0.012652254539527185,0.10365372152422653
1664.0,1680.0,1624.0,1624.0,434300.0,711824800.0,1656.8,1643.68,42.816152561551284,-0.011329755515802065,-0.0017857142857142794,0.02127659574468077,253.51,0.656,-0.011973133456633932,0.01565631031182327,0.10365372152422653
1640.0,1654.0,1610.0,1622.0,486400.0,789175900.0,1652.2,1642.4,42.49514269379642,-0.020506634499396825,-0.011329755515802065,-0.0017857142857142794,253.51,0.656,-0.012420847540185149,0.0155677326552985,0.10365372152422653
1619.0,1647.0,1612.0,1626.0,467700.0,762456600.0,1641.4,1640.88,43.40898840870996,-0.0012315270935960854,-0.020506634499396825,-0.011329755515802065,253.51,0.656,-0.009068304812052135,0.009352565258798524,0.10365372152422653
1635.0,1638.0,1614.0,1630.0,313900.0,510768600.0,1632.0,1641.0,44.36119423114291,0.002466091245376001,-0.0012315270935960854,-0.020506634499396825,253.51,0.656,-0.006703229737964655,0.010051656690803639,0.10365372152422653
1649.0,1658.0,1633.0,1655.0,727500.0,1199177300.0,1631.4,1642.52,50.02139933354609,0.002460024600245969,0.002466091245376001,-0.0012315270935960854,253.51,0.656,0.00759808099749167,0.012932262912500722,0.10365372152422653
1645.0,1655.0,1615.0,1653.0,689600.0,1130259700.0,1637.2,1644.36,49.58679398255418,0.015337423312883347,0.002460024600245969,0.002466091245376001,253.51,0.656,0.005254323870685313,0.006833942975252861,0.10365372152422653
1654.0,1665.0,1637.0,1659.0,411600.0,680586400.0,1644.6,1645.88,50.96326390543402,-0.0012084592145015227,0.015337423312883347,0.002460024600245969,253.51,0.656,0.007971419544559682,0.006306445358528345,0.10365372152422653
1659.0,1686.0,1655.0,1665.0,361100.0,603190100.0,1652.4,1646.48,52.363956321146524,0.003629764065335772,-0.0012084592145015227,0.015337423312883347,253.51,0.656,0.01124823866673144,0.0062325504207991645,0.10365372152422653
1670.0,1671.0,1633.0,1656.0,483700.0,798493400.0,1657.6,1646.68,50.054344761813034,0.003616636528029016,0.003629764065335772,-0.0012084592145015227,253.51,0.656,0.005659873199407253,0.007764706404186717,0.10365372152422653
1653.0,1655.0,1640.0,1640.0,244200.0,402078200.0,1654.6,1645.84,46.156690515647156,-0.00540540540540535,0.003616636528029016,0.003629764065335772,253.51,0.656,-0.0035483400573566803,0.005787474565081156,0.10365372152422653
1657.0,1676.0,1643.0,1665.0,290500.0,483798200.0,1657.0,1645.92,52.3943890657773,-0.009661835748792313,-0.00540540540540535,0.003616636528029016,253.51,0.656,0.011592300962379658,0.009620043095281607,0.10365372152422653
1661.0,1670.0,1650.0,1650.0,284300.0,471260000.0,1655.2,1645.28,48.74548092784883,0.015243902439024293,-0.009661835748792313,-0.00540540540540535,253.51,0.656,0.002868812603325894,0.010532658895642878,0.10365372152422653
1650.0,1652.0,1624.0,1624.0,341600.0,558207600.0,1647.0,1643.4,43.13757580883661,-0.009009009009009028,0.015243902439024293,-0.009661835748792313,253.51,0.656,-0.011804794937325112,0.01186883112311736,0.10365372152422653
1664.0,1668.0,1617.0,1617.0,541500.0,881655600.0,1639.2,1640.32,41.74512010681692,-0.015757575757575748,-0.009009009009009028,0.015243902439024293,253.51,0.656,-0.014216738197424854,0.01186769169473362,0.10365372152422653
1600.0,1626.0,1595.0,1612.0,333600.0,538396000.0,1633.6,1639.68,40.73368959763918,-0.004310344827586188,-0.015757575757575748,-0.009009009009009028,253.51,0.656,-0.01688134270101487,0.011540018856483899,0.10365372152422653
1620.0,1621.0,1603.0,1614.0,267000.0,430366300.0,1623.4,1641.56,41.3458618871106,-0.0030921459492888603,-0.004310344827586188,-0.015757575757575748,253.51,0.656,-0.016788908111796064,0.006477465795483745,0.10365372152422653
1580.0,1594.0,1543.0,1548.0,1410000.0,2195175000.0,1603.0,1639.72,30.24385399446885,0.001240694789081953,-0.0030921459492888603,-0.004310344827586188,253.51,0.656,-0.055936379381845695,0.017037413896327496,0.10365372152422653
1558.0,1590.0,1548.0,1577.0,1093300.0,1722638500.0,1593.6,1638.4,38.10785824330855,-0.040892193308550207,0.001240694789081953,-0.0030921459492888603,253.51,0.656,-0.037475585937500056,0.02175087538710739,0.10365372152422653
1564.0,1573.0,1536.0,1538.0,698200.0,1082892200.0,1577.8,1633.8,32.75918949511954,0.018733850129198926,-0.040892193308550207,0.001240694789081953,253.51,0.656,-0.058636307993634444,0.023295405687972687,0.10365372152422653
1540.0,1566.0,1540.0,1566.0,828700.0,1289902100.0,1568.6,1630.32,39.34180860068016,-0.02473050095117313,0.018733850129198926,-0.040892193308550207,253.51,0.656,-0.039452377447372254,0.026538105748625876,0.10365372152422653
1582.0,1600.0,1579.0,1591.0,431500.0,685658600.0,1564.0,1627.68,44.56039166371373,0.01820546163849146,-0.02473050095117313,0.018733850129198926,253.51,0.656,-0.022535142042661986,0.028234140550168763,0.10365372152422653
1602.0,1626.0,1594.0,1623.0,509500.0,820762300.0,1579.0,1626.8,50.43807231385469,0.015964240102171123,0.01820546163849146,-0.02473050095117313,253.51,0.656,-0.0023358741086795887,0.019281323165154827,0.10365372152422653
1587.0,1647.0,1586.0,1639.0,786100.0,1274077600.0,1591.4,1625.16,53.1146373460397,0.020113136392206243,0.015964240102171123,0.01820546163849146,253.51,0.656,0.008516084570134582,0.01863449819366368,0.10365372152422653
1650.0,1659.0,1624.0,1649.0,536400.0,880506600.0,1613.6,1624.04,54.75910559683122,0.009858287122612497,0.020113136392206243,0.015964240102171123,253.51,0.656,0.01536907957932073,0.00588316186854497,0.10365372152422653
1642.0,1673.0,1637.0,1653.0,644600.0,1068282800.0,1631.0,1623.84,55.43247198512795,0.006101281269066394,0.009858287122612497,0.020113136392206243,253.51,0.656,0.017957434229973448,0.007184263114810612,0.10365372152422653
1628.0,1691.0,1624.0,1691.0,591200.0,985033300.0,1651.0,1626.52,61.32214191174701,0.0024257125530624535,0.006101281269066394,0.009858287122612497,253.51,0.656,0.03964291862381036,0.00890472977487246,0.10365372152422653
1695.0,1708.0,1646.0,1667.0,676200.0,1131420700.0,1659.8,1628.32,56.264808524114386,0.02298850574712641,0.0024257125530624535,0.006101281269066394,253.51,0.656,0.02375454456126564,0.013439128734504912,0.10365372152422653
1645.0,1674.0,1623.0,1661.0,656800.0,1085849100.0,1664.2,1629.72,55.04264792529459,-0.014192785334121827,0.02298850574712641,0.0024257125530624535,253.51,0.656,0.019193481088775968,0.013677577960336784,0.10365372152422653
1676.0,1676.0,1622.0,1636.0,510500.0,836416800.0,1661.6,1629.96,50.154187804173965,-0.003599280143971151,-0.014192785334121827,0.02298850574712641,253.51,0.656,0.0037056124076664232,0.015526149058831736,0.10365372152422653
1645.0,1655.0,1622.0,1648.0,435100.0,714486500.0,1660.6,1629.68,52.34211778196952,-0.015051173991571298,-0.003599280143971151,-0.014192785334121827,253.51,0.656,0.011241470718177762,0.015983828128112585,0.10365372152422653
1648.0,1667.0,1609.0,1661.0,712700.0,1169844300.0,1654.6,1630.0,54.66376883653188,0.007334963325183352,-0.015051173991571298,-0.003599280143971151,253.51,0.656,0.01901840490797546,0.011122760378799385,0.10365372152422653
1672.0,1687.0,1638.0,1655.0,384700.0,637645700.0,1652.2,1629.84,53.371467098291895,0.007888349514563187,0.007334963325183352,-0.015051173991571298,253.51,0.656,0.015437098120060916,0.009469137833483666,0.10365372152422653
1660.0,1661.0,1635.0,1640.0,201200.0,331448100.0,1648.0,1628.84,50.177723801171325,-0.0036122817579771205,0.007888349514563187,0.007334963325183352,253.51,0.656,0.006851501682178779,0.010080826411010964,0.10365372152422653
1635.0,1649.0,1627.0,1636.0,225300.0,368569000.0,1648.0,1628.04,49.32999804410039,-0.009063444108761365,-0.0036122817579771205,0.007888349514563187,253.51,0.656,0.004889314758851156,0.007368324546100666,0.10365372152422653
1645.0,1657.0,1615.0,1615.0,475700.0,773403600.0,1641.4,1627.04,45.02889634476615,-0.0024390243902439046,-0.009063444108761365,-0.0036122817579771205,253.51,0.656,-0.007399940997148173,0.007868222275807106,0.10365372152422653
1631.0,1648.0,1626.0,1629.0,341200.0,558201800.0,1635.0,1625.6,48.26727334810139,-0.012836185819070867,-0.0024390243902439046,-0.009063444108761365,253.51,0.656,0.0020915354330709223,0.00816543487570009,0.10365372152422653
1645.0,1664.0,1644.0,1663.0,283500.0,469413700.0,1636.6,1626.12,55.17381030094019,0.008668730650154721,-0.012836185819070867,-0.0024390243902439046,253.51,0.656,0.022679753031756643,0.013767948277495903,0.10365372152422653
1653.0,1656.0,1640.0,1654.0,316700.0,522168000.0,1639.4,1627.32,53.15100211000107,0.020871700429711426,0.008668730650154721,-0.012836185819070867,253.51,0.656,0.016395054445345763,0.013182410333142255,0.10365372152422653
1657.0,1663.0,1640.0,1645.0,256000.0,422058900.0,1641.2,1628.44,51.132168076817116,-0.0054119061936259705,0.020871700429711426,0.008668730650154721,253.51,0.656,0.010169241728279791,0.013486963121050782,0.10365372152422653
1642.0,1648.0,1628.0,1631.0,380600.0,622028300.0,1644.4,1629.2,48.07328306000805,-0.0054413542926239344,-0.0054119061936259705,0.020871700429711426,253.51,0.656,0.0011048367296832523,0.01246385210742409,0.10365372152422653
1647.0,1651.0,1630.0,1646.0,245200.0,402041300.0,1647.8,1630.48,51.426172097777034,-0.008510638297872353,-0.0054413542926239344,-0.0054119061936259705,253.51,0.656,0.009518669348903379,0.012536142801274044,0.10365372152422653
1638.0,1642.0,1613.0,1620.0,359600.0,583479300.0,1639.2,1633.36,45.894507930921705,0.009196811771919,-0.008510638297872353,-0.0054413542926239344,253.51,0.656,-0.008179458294558396,0.009091257226865318,0.10365372152422653
1617.0,1623.0,1611.0,1616.0,232700.0,376424300.0,1631.6,1634.92,45.09092250041876,-0.015795868772782495,0.009196811771919,-0.008510638297872353,253.51,0.656,-0.011572431678614287,0.009168437194090462,0.10365372152422653
1620.0,1627.0,1616.0,1622.0,190200.0,308201000.0,1627.0,1638.28,46.601274484517305,-0.0024691358024691024,-0.015795868772782495,0.009196811771919,253.51,0.656,-0.00993725126352026,0.009848234077551506,0.10365372152422653
1622.0,1625.0,1587.0,1587.0,292600.0,468008800.0,1618.2,1639.12,39.73516773815747,0.003712871287128605,-0.0024691358024691024,-0.015795868772782495,253.51,0.656,-0.031797549904826916,0.012985682955147137,0.10365372152422653
1586.0,1594.0,1562.0,1575.0,350500.0,551519800.0,1604.0,1638.48,37.685045816575574,-0.02157829839704073,0.003712871287128605,-0.0024691358024691024,253.51,0.656,-0.03874322542844589,0.010129090892559875,0.10365372152422653
1582.0,1593.0,1561.0,1563.0,330400.0,518450100.0,1592.6,1636.08,35.70135483157554,-0.007561436672967825,-0.02157829839704073,0.003712871287128605,253.51,0.656,-0.04466774240868413,0.009333628743849605,0.10365372152422653
1566.0,1576.0,1553.0,1570.0,348500.0,545844000.0,1583.4,1633.32,37.75951613998763,-0.007619047619047636,-0.007561436672967825,-0.02157829839704073,253.51,0.656,-0.03876766340949718,0.010623941268930636,0.10365372152422653
1576.0,1599.0,1561.0,1588.0,366500.0,581205900.0,1576.6,1630.88,42.827378831381594,0.004478566858605149,-0.007619047619047636,-0.007561436672967825,253.51,0.656,-0.026292553713332743,0.012705277659005943,0.10365372152422653
1592.0,1607.0,1589.0,1599.0,291300.0,466129600.0,1579.0,1628.72,45.735246109907585,0.01146496815286624,0.004478566858605149,-0.007619047619047636,253.51,0.656,-0.01824745812662706,0.008701777177672051,0.10365372152422653
1610.0,1610.0,1581.0,1581.0,225800.0,359116200.0,1580.2,1624.32,41.97320837362913,0.006926952141057985,0.01146496815286624,0.004478566858605149,253.51,0.656,-0.026669621749408946,0.009760448344235489,0.10365372152422653
1581.0,1589.0,1565.0,1565.0,345700.0,543347400.0,1580.6,1620.24,38.9094181602002,-0.011257035647279534,0.006926952141057985,0.01146496815286624,253.51,0.656,-0.03409371451143041,0.010346238257114698,0.10365372152422653
1571.0,1581.0,1563.0,1564.0,287400.0,451360300.0,1579.4,1616.36,38.71918868641084,-0.010120177103099315,-0.011257035647279534,0.006926952141057985,253.51,0.656,-0.03239377366428265,0.010079040412555348,0.10365372152422653
1564.0,1566.0,1525.0,1530.0,364300.0,560616900.0,1567.8,1612.12,32.84031665822005,-0.0006389776357828003,-0.010120177103099315,-0.011257035647279534,253.51,0.656,-0.05093913604446313,0.010941364616467197,0.10365372152422653
1525.0,1526.0,1503.0,1505.0,423500.0,639522400.0,1549.0,1606.4,29.31568614693832,-0.021739130434782594,-0.0006389776357828003,-0.010120177103099315,253.51,0.656,-0.06312250996015942,0.007855601092286621,0.10365372152422653
1506.0,1520.0,1493.0,1497.0,456600.0,685914100.0,1532.2,1599.84,28.270080390587793,-0.016339869281045805,-0.021739130434782594,-0.0006389776357828003,253.51,0.656,-0.06428142814281423,0.008428182114355162,0.10365372152422653
1497.0,1498.0,1476.0,1479.0,567300.0,843412000.0,1515.0,1592.8,26.021218747651474,-0.0053156146179401675,-0.016339869281045805,-0.021739130434782594,253.51,0.656,-0.07144650929181313,0.008431060165232733,0.10365372152422653
1454.0,1475.0,1448.0,1457.0,546200.0,797780400.0,1493.6,1585.48,23.55488656583009,-0.012024048096192397,-0.0053156146179401675,-0.016339869281045805,253.51,0.656,-0.0810353962207029,0.0060299316545497144,0.10365372152422653
1466.0,1488.0,1461.0,1467.0,615300.0,907543700.0,1481.0,1578.72,26.94441559702699,-0.01487491548343478,-0.012024048096192397,-0.0053156146179401675,60.21,0.67,-0.07076619033140774,0.009494288394211863,0.1031953846808873
1658.0,1767.0,1651.0,1767.0,4297600.0,7483918700.0,1533.4,1584.8,69.96690989514306,0.006863417982155173,-0.01487491548343478,-0.012024048096192397,60.21,0.67,0.1149671882887431,0.09466024353064864,0.1031953846808873
1807.0,1850.0,1784.0,1835.0,2915000.0,5315483200.0,1601.0,1593.04,73.74161113235004,0.20449897750511248,0.006863417982155173,-0.01487491548343478,60.21,0.67,0.1518857028072114,0.091886743350189,0.1031953846808873
1850.0,1915.0,1831.0,1915.0,1837100.0,3459514400.0,1688.2,1603.12,77.34858975080266,0.03848330503678543,0.20449897750511248,0.006863417982155173,60.21,0.67,0.194545636009781,0.08653015219823221,0.1031953846808873
1939.0,1960.0,1895.0,1913.0,1222100.0,2345627200.0,1779.4,1613.48,77.06358676961881,0.043596730245231585,0.03848330503678543,0.20449897750511248,60.21,0.67,0.18563601656047796,0.08389032339482817,0.1031953846808873
1840.0,1880.0,1835.0,1840.0,1136500.0,2102632200.0,1854.0,1621.28,67.31412274448408,-0.001044386422976551,0.043596730245231585,0.03848330503678543,60.21,0.67,0.13490575347873288,0.09276300355593581,0.1031953846808873
1806.0,1837.0,1703.0,1719.0,2035200.0,3617499800.0,1844.4,1624.8,54.91316583594344,-0.038159958180867704,-0.001044386422976551,0.043596730245231585,60.21,0.67,0.05797636632200889,0.04758849254134601,0.1031953846808873
1798.0,1911.0,1788.0,1862.0,1336300.0,2489788800.0,1849.8,1633.44,63.476721315796155,-0.06576086956521743,-0.038159958180867704,-0.001044386422976551,60.21,0.67,0.13992555588206482,0.060223436715022345,0.1031953846808873
1834.0,1935.0,1823.0,1827.0,1018700.0,1901150800.0,1832.2,1641.72,60.4503654500341,0.08318789994182674,-0.06576086956521743,-0.038159958180867704,60.21,0.67,0.1128572472772458,0.056404928568865594,0.1031953846808873
1805.0,1879.0,1799.0,1844.0,529500.0,975323500.0,1818.4,1650.84,61.41267704479276,-0.018796992481203034,0.08318789994182674,-0.06576086956521743,60.21,0.67,0.11700709941605492,0.056916820695534574,0.1031953846808873
1877.0,1902.0,1850.0,1883.0,470600.0,883476700.0,1827.0,1661.28,63.60077019688714,0.009304871373836843,-0.018796992481203034,0.08318789994182674,60.21,0.67,0.13346335355870173,0.054687183948501,0.1031953846808873
1891.0,1905.0,1860.0,1904.0,351000.0,663755200.0,1864.0,1673.96,64.75955272928043,0.021149674620390524,0.009304871373836843,-0.018796992481203034,60.21,0.67,0.13742263853377618,0.037698506935202845,0.1031953846808873
1900.0,1911.0,1867.0,1907.0,626000.0,1185897400.0,1873.0,1687.24,64.9313103155307,0.011152416356877248,0.021149674620390524,0.009304871373836843,60.21,0.67,0.13024821602143144,0.014959476902593298,0.1031953846808873
1890.0,1952.0,1874.0,1945.0,572700.0,1102168500.0,1896.6,1702.52,67.11749306009648,0.0015756302521008347,0.011152416356877248,0.021149674620390524,60.21,0.67,0.14242417122853185,0.008081824016842286,0.1031953846808873
1950.0,1969.0,1925.0,1940.0,877500.0,1703185200.0,1915.8,1717.32,66.52979507755711,0.019926586261143076,0.0015756302521008347,0.011152416356877248,60.21,0.67,0.12966715580089913,0.010640352643155668,0.1031953846808873
1940.0,1981.0,1920.0,1973.0,560600.0,1097685700.0,1933.8,1732.72,68.49082459212089,-0.0025706940874036244,0.019926586261143076,0.0015756302521008347,60.21,0.67,0.13867214552841772,0.009699398061992421,0.1031953846808873
1952.0,1962.0,1928.0,1944.0,506300.0,985818300.0,1941.8,1746.52,64.89258894926974,0.017010309278350455,-0.0025706940874036244,0.019926586261143076,60.21,0.67,0.11307056317706068,0.014329147880445967,0.1031953846808873
1941.0,1966.0,1930.0,1953.0,284300.0,554969300.0,1951.0,1761.4,65.49838416111974,-0.014698428788646689,0.017010309278350455,-0.0025706940874036244,60.21,0.67,0.10877710911774718,0.014251600415243813,0.1031953846808873
1950.0,1955.0,1904.0,1929.0,636400.0,1225307500.0,1947.8,1775.96,62.40590939837747,0.004629629629629539,-0.014698428788646689,0.017010309278350455,60.21,0.67,0.08617311200702717,0.012960630686779264,0.1031953846808873
1939.0,1988.0,1938.0,1987.0,344000.0,677422900.0,1957.2,1792.88,66.51990391842628,-0.01228878648233489,0.004629629629629539,-0.014698428788646689,60.21,0.67,0.10827272321627765,0.019102836400966536,0.1031953846808873
1992.0,2013.0,1986.0,2013.0,495300.0,991925700.0,1965.2,1812.2,68.19987935031753,0.030067392431311513,-0.01228878648233489,0.004629629629629539,60.21,0.67,0.11080454695949672,0.018555814524504163,0.1031953846808873
2006.0,2033.0,1989.0,2032.0,477800.0,963101900.0,1982.8,1833.28,69.40794309196944,0.013085052843482714,0.030067392431311513,-0.01228878648233489,60.21,0.67,0.10839588060743587,0.015272743154878315,0.1031953846808873
2006.0,2008.0,1972.0,1984.0,549400.0,1091010900.0,1989.0,1852.76,62.90624004930955,0.009438648782911008,0.013085052843482714,0.030067392431311513,60.21,0.67,0.07083486258338911,0.02131738702707956,0.1031953846808873
2018.0,2024.0,1993.0,2017.0,543900.0,1093154200.0,2006.6,1874.28,65.31201197193141,-0.023622047244094446,0.009438648782911008,0.013085052843482714,60.21,0.67,0.0761465736176025,0.019894121154478795,0.1031953846808873
2033.0,2034.0,1991.0,1999.0,424700.0,851596500.0,2009.0,1895.96,62.915101860317456,0.016633064516129004,-0.023622047244094446,0.009438648782911008,60.21,0.67,0.05434713812527688,0.017072397838083453,0.1031953846808873
1999.0,2006.0,1972.0,1972.0,408300.0,810201500.0,2000.8,1916.16,59.39401061447663,-0.008924144769459574,0.016633064516129004,-0.023622047244094446,60.21,0.67,0.029141616566466223,0.01662807010386017,0.1031953846808873
1960.0,2003.0,1958.0,2000.0,370400.0,735619300.0,1994.4,1925.48,61.78270853015857,-0.013506753376688385,-0.008924144769459574,0.016633064516129004,60.21,0.67,0.038702037933398416,0.017691818526498714,0.1031953846808873
1956.0,1968.0,1921.0,1938.0,395100.0,766025900.0,1985.2,1929.6,54.18214690171742,0.014198782961460488,-0.013506753376688385,-0.008924144769459574,60.21,0.67,0.004353233830845818,0.019994959372335086,0.1031953846808873
1925.0,1947.0,1914.0,1936.0,324300.0,626695500.0,1969.0,1930.44,53.951575276709335,-0.031000000000000028,0.014198782961460488,-0.013506753376688385,60.21,0.67,0.0028801723959304333,0.01659445336428281,0.1031953846808873
1921.0,1928.0,1897.0,1907.0,313200.0,597555000.0,1950.6,1930.2,50.5898245328803,-0.0010319917440660964,-0.031000000000000028,0.014198782961460488,60.21,0.67,-0.01201947984664804,0.01689221636161222,0.1031953846808873
1874.0,1901.0,1860.0,1872.0,638300.0,1196885700.0,1930.6,1931.48,46.79965399051541,-0.014979338842975198,-0.0010319917440660964,-0.031000000000000028,60.21,0.67,-0.030795038001946703,0.01732994556229753,0.1031953846808873
1872.0,1907.0,1857.0,1891.0,465200.0,877879900.0,1908.8,1938.36,49.03200935918831,-0.018353434714210803,-0.014979338842975198,-0.0010319917440660964,60.21,0.67,-0.024433025856909915,0.01594180424228883,0.1031953846808873
1894.0,1919.0,1865.0,1911.0,640600.0,1218866100.0,1903.4,1940.32,51.346340319970984,0.010149572649572614,-0.018353434714210803,-0.014979338842975198,60.21,0.67,-0.015110909540694287,0.013601151442357124,0.1031953846808873
1929.0,1969.0,1925.0,1969.0,491000.0,956778000.0,1910.0,1946.0,57.389051484678724,0.01057641459545211,0.010149572649572614,-0.018353434714210803,60.21,0.67,0.011819116135662899,0.020213200881712166,0.1031953846808873
1973.0,1993.0,1954.0,1990.0,528200.0,1045241200.0,1926.6,1951.84,59.35727806860528,0.03035060177917326,0.01057641459545211,0.010149572649572614,60.21,0.67,0.019550782851053407,0.01739338268205815,0.1031953846808873
2010.0,2037.0,1965.0,1981.0,590200.0,1178264500.0,1948.4,1955.76,58.11826906871399,0.01066531234129009,0.03035060177917326,0.01057641459545211,60.21,0.67,0.012905468973698209,0.012403899836163905,0.1031953846808873
1987.0,1990.0,1941.0,1977.0,690200.0,1359365000.0,1965.6,1958.68,57.54336169521991,-0.004522613065326642,0.01066531234129009,0.03035060177917326,60.21,0.67,0.009353237894908783,0.013832836612000566,0.1031953846808873
1986.0,2006.0,1966.0,2000.0,706100.0,1405310900.0,1983.4,1962.4,59.99391305986836,-0.002019182231196348,-0.004522613065326642,0.01066531234129009,60.21,0.67,0.019160211985324044,0.013870798941945043,0.1031953846808873
2001.0,2030.0,2001.0,2012.0,705000.0,1419609300.0,1992.0,1965.08,61.250583687701905,0.01163378856853825,-0.002019182231196348,-0.004522613065326642,60.21,0.67,0.02387689050827451,0.007330569215723012,0.1031953846808873
2026.0,2028.0,1988.0,2009.0,527000.0,1056337800.0,1995.8,1967.84,60.736927058577116,0.006000000000000005,0.01163378856853825,-0.002019182231196348,60.21,0.67,0.020916334661354626,0.006701936196569118,0.1031953846808873
2009.0,2054.0,1999.0,2038.0,557600.0,1135389600.0,2007.2,1970.44,63.88944959807764,-0.0014910536779324524,0.006000000000000005,0.01163378856853825,60.21,0.67,0.03428675828748906,0.007464870252890993,0.1031953846808873
2053.0,2063.0,2023.0,2063.0,486800.0,997764400.0,2024.4,1975.2,66.39447048028606,0.014435042309606683,-0.0014910536779324524,0.006000000000000005,60.21,0.67,0.04445119481571484,0.006428112018656826,0.1031953846808873
2085.0,2085.0,2002.0,2023.0,657600.0,1334645700.0,2029.0,1978.0,59.30559167338258,0.012266928361138296,0.014435042309606683,-0.0014910536779324524,60.21,0.67,0.02275025278058645,0.013647924683370383,0.1031953846808873
1999.0,2019.0,1981.0,1984.0,368200.0,733818000.0,2023.4,1980.2,53.32720797248786,-0.019389238972370326,0.012266928361138296,0.014435042309606683,60.21,0.67,0.001918998081001896,0.01637414507697201,0.1031953846808873
1984.0,1995.0,1972.0,1972.0,341100.0,675271100.0,2016.0,1979.6,51.60348105459384,-0.019278299555116174,-0.019389238972370326,0.012266928361138296,60.21,0.67,-0.0038391594261466505,0.016417413555588522,0.1031953846808873
1989.0,1995.0,1938.0,1938.0,428100.0,837992500.0,1996.0,1976.6,46.97082400610751,-0.006048387096774244,-0.019278299555116174,-0.019389238972370326,60.21,0.67,-0.019528483254072606,0.013583946363951107,0.1031953846808873
1938.0,1946.0,1916.0,1919.0,561700.0,1083617400.0,1967.2,1972.08,44.563209344784326,-0.017241379310344862,-0.006048387096774244,-0.019278299555116174,60.21,0.67,-0.02691574378321363,0.0060750662740055,0.1031953846808873
1945.0,2013.0,1944.0,1984.0,705300.0,1402412300.0,1959.4,1972.08,53.3691639336772,-0.009803921568627416,-0.017241379310344862,-0.006048387096774244,60.21,0.67,0.006044379538355479,0.02168216966226456,0.1031953846808873
1995.0,2007.0,1972.0,1975.0,352200.0,698131600.0,1957.6,1970.4,52.1343093389455,0.033871808233454814,-0.009803921568627416,-0.017241379310344862,60.21,0.67,0.0023345513601298767,0.019968835591783987,0.1031953846808873
1975.0,1999.0,1973.0,1980.0,315400.0,625853700.0,1959.2,1969.64,52.78787785497574,-0.004536290322580627,0.033871808233454814,-0.009803921568627416,60.21,0.67,0.005259844438577557,0.0197675145063957,0.1031953846808873
1991.0,2038.0,1980.0,2023.0,533200.0,1073263100.0,1976.2,1971.68,58.088026380076755,0.0025316455696202667,-0.004536290322580627,0.033871808233454814,60.21,0.67,0.026028564472936753,0.018430233681344364,0.1031953846808873
2050.0,2059.0,2006.0,2006.0,373300.0,756019900.0,1993.6,1971.92,55.438250261165386,0.0217171717171718,0.0025316455696202667,-0.004536290322580627,60.21,0.67,0.017282648383301517,0.018085038718519828,0.1031953846808873
2018.0,2029.0,2009.0,2009.0,211400.0,426275100.0,1998.6,1974.76,55.82124521171882,-0.008403361344537785,0.0217171717171718,0.0025316455696202667,60.21,0.67,0.01733881585610404,0.011604781209743752,0.1031953846808873
2009.0,2031.0,2000.0,2024.0,325800.0,658511400.0,2008.4,1978.28,57.775365955319735,0.0014955134596210673,-0.008403361344537785,0.0217171717171718,60.21,0.67,0.023110985300361944,0.010995042504405845,0.1031953846808873
2020.0,2032.0,2003.0,2003.0,190000.0,382052800.0,2013.0,1982.12,54.16329931334841,0.0074664011946241615,0.0014955134596210673,-0.008403361344537785,60.21,0.67,0.010534175529231384,0.0130342195244617,0.1031953846808873
2003.0,2009.0,1986.0,2002.0,314100.0,627974700.0,2008.8,1987.32,53.99020078303002,-0.01037549407114624,0.0074664011946241615,0.0014955134596210673,60.21,0.67,0.007386832518165199,0.007335113412514224,0.1031953846808873
2007.0,2007.0,1965.0,1977.0,273000.0,540890700.0,2003.0,1990.76,49.71278873990613,-0.0004992511233150587,-0.01037549407114624,0.0074664011946241615,60.21,0.67,-0.006911933131065518,0.008371795334246626,0.1031953846808873
1977.0,1980.0,1940.0,1944.0,280300.0,547510700.0,1990.0,1992.08,44.68073710336102,-0.012487512487512453,-0.0004992511233150587,-0.01037549407114624,60.21,0.67,-0.024135576884462436,0.009821068744642438,0.1031953846808873
1938.0,1938.0,1845.0,1853.0,617900.0,1161139200.0,1955.8,1987.44,34.35393987400816,-0.01669195751138086,-0.012487512487512453,-0.0004992511233150587,60.21,0.67,-0.06764480940305119,0.017497131583089177,0.1031953846808873
1840.0,1849.0,1805.0,1805.0,481400.0,876331100.0,1916.2,1980.04,30.36706449555018,-0.04681069958847739,-0.01669195751138086,-0.012487512487512453,60.21,0.67,-0.08840225449990907,0.017321838099135026,0.1031953846808873
1800.0,1814.0,1778.0,1797.0,464800.0,836974800.0,1875.2,1972.68,29.747425238967594,-0.025903939557474387,-0.04681069958847739,-0.01669195751138086,60.21,0.67,-0.08905651195328186,0.016243498273622425,0.1031953846808873
1793.0,1825.0,1766.0,1813.0,763100.0,1375057300.0,1842.4,1966.12,32.7049860232207,-0.004432132963988922,-0.025903939557474387,-0.04681069958847739,90.62,0.682,-0.07787927491709555,0.021195556276839944,0.07985883973145119
1592.0,1613.0,1537.0,1608.0,3511300.0,5555130200.0,1775.2,1950.44,20.687773393938528,0.008903728436282732,-0.004432132963988922,-0.025903939557474387,90.62,0.682,-0.17557064047086812,0.047883878681064806,0.07985883973145119
1578.0,1580.0,1537.0,1539.0,3208000.0,4974931900.0,1712.4,1931.52,18.2562361030771,-0.11307225592939874,0.008903728436282732,-0.004432132963988922,90.62,0.682,-0.20321819085487078,0.04770051367608233,0.07985883973145119
1503.0,1543.0,1486.0,1525.0,2247400.0,3410297700.0,1656.4,1912.16,17.799117103414048,-0.042910447761194015,-0.11307225592939874,0.008903728436282732,90.62,0.682,-0.20247259643544477,0.04911550865672835,0.07985883973145119
1500.0,1525.0,1484.0,1522.0,1704300.0,2572933100.0,1601.4,1891.52,17.6968603136949,-0.009096816114359974,-0.042910447761194015,-0.11307225592939874,90.62,0.682,-0.19535611571646083,0.04947397797212483,0.07985883973145119
1514.0,1514.0,1490.0,1492.0,1035000.0,1551001800.0,1537.2,1868.68,16.665754227856567,-0.0019672131147541183,-0.009096816114359974,-0.042910447761194015,90.62,0.682,-0.2015754436286577,0.0450724423303695,0.07985883973145119
1508.0,1527.0,1493.0,1506.0,817500.0,1233259200.0,1516.8,1848.0,19.036515279829587,-0.019710906701708275,-0.0019672131147541183,-0.009096816114359974,90.62,0.682,-0.18506493506493507,0.019859170155939503,0.07985883973145119
1510.0,1546.0,1508.0,1517.0,873900.0,1332525700.0,1512.4,1829.32,20.939662014601964,0.009383378016085686,-0.019710906701708275,-0.0019672131147541183,90.62,0.682,-0.17073010736229852,0.012008835715659322,0.07985883973145119
1523.0,1578.0,1513.0,1572.0,1159500.0,1793701200.0,1521.8,1813.32,29.822208091704866,0.007304116865869847,0.009383378016085686,-0.019710906701708275,90.62,0.682,-0.13308186089603596,0.020327115840048066,0.07985883973145119
1570.0,1577.0,1536.0,1543.0,606800.0,941212700.0,1526.0,1797.52,28.033745268402328,0.03625576796308505,0.007304116865869847,0.009383378016085686,90.62,0.682,-0.14159508656371,0.023135496293169765,0.07985883973145119
1525.0,1532.0,1498.0,1512.0,786100.0,1189017700.0,1530.0,1781.24,26.223337266393713,-0.01844783715012721,0.03625576796308505,0.007304116865869847,90.62,0.682,-0.1511531292807258,0.02322896790702815,0.07985883973145119
1514.0,1525.0,1507.0,1513.0,343100.0,520031500.0,1531.4,1762.4,26.388481761834313,-0.02009073233959824,-0.01844783715012721,0.03625576796308505,90.62,0.682,-0.1415115751248298,0.02294433414596148,0.07985883973145119
1504.0,1513.0,1488.0,1491.0,397100.0,595559000.0,1526.2,1743.04,25.059483026048994,0.000661375661375585,-0.02009073233959824,-0.01844783715012721,90.62,0.682,-0.14459794382228747,0.023548175414531487,0.07985883973145119
1491.0,1499.0,1456.0,1456.0,677100.0,993333000.0,1503.0,1722.08,23.0689556932209,-0.014540647719762045,0.000661375661375585,-0.02009073233959824,90.62,0.682,-0.1545108241196692,0.009419997194679822,0.07985883973145119
1461.0,1479.0,1453.0,1453.0,545900.0,797991300.0,1485.0,1699.28,22.90104082504628,-0.023474178403755874,-0.014540647719762045,0.000661375661375585,90.62,0.682,-0.14493197118779716,0.01075439243097348,0.07985883973145119
1450.0,1470.0,1449.0,1452.0,474900.0,691639000.0,1473.0,1677.12,22.84135838443295,-0.002060439560439553,-0.023474178403755874,-0.014540647719762045,90.62,0.682,-0.1342301087578706,0.010559213429437527,0.07985883973145119
1464.0,1479.0,1449.0,1454.0,443300.0,647529200.0,1461.2,1654.92,23.272043304315247,-0.0006882312456985007,-0.002060439560439553,-0.023474178403755874,90.62,0.682,-0.12140768133807076,0.010710171094824191,0.07985883973145119
1441.0,1455.0,1435.0,1454.0,495600.0,715905300.0,1453.8,1632.12,23.272043304315247,0.0013774104683195176,-0.0006882312456985007,-0.002060439560439553,90.62,0.682,-0.109134132294194,0.010418663775973353,0.07985883973145119
1462.0,1468.0,1450.0,1459.0,338900.0,494040400.0,1454.4,1610.36,24.4940280099555,0.0,0.0013774104683195176,-0.0006882312456985007,90.62,0.682,-0.09399140564842638,0.002096823261796697,0.07985883973145119
1465.0,1477.0,1464.0,1470.0,290300.0,427003300.0,1457.8,1589.08,27.239488785905422,0.003438789546079679,0.0,0.0013774104683195176,90.62,0.682,-0.07493644121126686,0.0033095830118787424,0.07985883973145119
1471.0,1477.0,1448.0,1449.0,518700.0,755377000.0,1457.2,1567.96,25.344815353874196,0.007539410555174708,0.003438789546079679,0.0,90.62,0.682,-0.07586928237965257,0.00827498968642858,0.07985883973145119
1455.0,1460.0,1433.0,1446.0,421000.0,606487500.0,1455.6,1548.04,25.07647343778524,-0.014285714285714235,0.007539410555174708,0.003438789546079679,90.62,0.682,-0.06591560941577734,0.008234861390726064,0.07985883973145119
1448.0,1482.0,1441.0,1478.0,685800.0,1005109300.0,1460.4,1533.04,33.20074465121404,-0.0020703933747412417,-0.014285714285714235,0.007539410555174708,90.62,0.682,-0.03590252048217918,0.013328982010102821,0.07985883973145119
1478.0,1499.0,1476.0,1489.0,405600.0,604661200.0,1466.4,1520.4,35.778684557055286,0.022130013831258566,-0.0020703933747412417,-0.014285714285714235,90.62,0.682,-0.020652459878979276,0.013455280923502276,0.07985883973145119
1492.0,1500.0,1482.0,1484.0,229600.0,341664800.0,1469.2,1507.88,35.1153087005156,0.007442489851150258,0.022130013831258566,-0.0020703933747412417,90.62,0.682,-0.015836803989707476,0.013650407086145906,0.07985883973145119
1485.0,1491.0,1473.0,1477.0,388100.0,574874600.0,1474.8,1494.44,34.160380517532815,-0.00335795836131636,0.007442489851150258,0.022130013831258566,90.62,0.682,-0.011669923181927715,0.011263408656681488,0.07985883973145119
1478.0,1490.0,1458.0,1473.0,622600.0,916329500.0,1480.2,1489.04,33.59812223617914,-0.004716981132075526,-0.00335795836131636,0.007442489851150258,90.62,0.682,-0.010772041046580322,0.011350993005158301,0.07985883973145119
1465.0,1473.0,1459.0,1467.0,558300.0,818568600.0,1478.0,1486.16,32.72794476157921,-0.0027081922816519777,-0.004716981132075526,-0.00335795836131636,90.62,0.682,-0.01289228616030581,0.005046021310149637,0.07985883973145119
1459.0,1461.0,1432.0,1444.0,504800.0,728272900.0,1469.0,1482.92,29.5667076793638,-0.004073319755600768,-0.0027081922816519777,-0.004716981132075526,90.62,0.682,-0.026245515604348225,0.005403379793606565,0.07985883973145119
1440.0,1450.0,1425.0,1431.0,543200.0,777230100.0,1458.4,1479.28,27.92487187245463,-0.015678254942058656,-0.004073319755600768,-0.0027081922816519777,90.62,0.682,-0.03263749932399544,0.005273570661952992,0.07985883973145119
1434.0,1465.0,1434.0,1462.0,464500.0,675759500.0,1455.4,1478.08,36.92025579796243,-0.009002770083102463,-0.015678254942058656,-0.004073319755600768,90.62,0.682,-0.010878978133795144,0.014149835026401035,0.07985883973145119
1471.0,1479.0,1459.0,1461.0,315400.0,462525300.0,1453.0,1476.28,36.76087240064659,0.021663172606568804,-0.009002770083102463,-0.015678254942058656,90.62,0.682,-0.010350340043894094,0.014152029302149904,0.07985883973145119
1471.0,1478.0,1464.0,1473.0,271400.0,399628900.0,1454.2,1474.52,40.102463231808464,-0.0006839945280437965,0.021663172606568804,-0.009002770083102463,90.62,0.682,-0.001030843935653624,0.014662961743260351,0.07985883973145119
1478.0,1488.0,1466.0,1484.0,384100.0,568776700.0,1462.2,1471.0,43.072004824708976,0.008213552361396204,-0.0006839945280437965,0.021663172606568804,90.62,0.682,0.008837525492861998,0.011413267720706928,0.07985883973145119
1479.0,1501.0,1477.0,1498.0,392100.0,584642600.0,1475.6,1469.2,46.6942242216315,0.007467752885268242,0.008213552361396204,-0.0006839945280437965,90.62,0.682,0.019602504764497656,0.008016400885199535,0.07985883973145119
1494.0,1496.0,1477.0,1488.0,265800.0,395248400.0,1480.8,1468.24,44.51543063133603,0.009433962264151052,0.007467752885268242,0.008213552361396204,90.62,0.682,0.013458290197787822,0.006967916699117022,0.07985883973145119
1488.0,1500.0,1475.0,1482.0,401900.0,596228900.0,1485.0,1467.0,43.212567107647956,-0.006675567423230944,0.009433962264151052,0.007467752885268242,90.62,0.682,0.010224948875255624,0.0076081674525079095,0.07985883973145119
1484.0,1490.0,1460.0,1460.0,184800.0,271420400.0,1482.4,1465.76,38.73586941243791,-0.0040322580645161255,-0.006675567423230944,0.009433962264151052,90.62,0.682,-0.003929701997598509,0.010136442090942648,0.07985883973145119
1455.0,1470.0,1452.0,1468.0,241800.0,354031600.0,1479.2,1466.24,41.12442235437964,-0.014844804318488558,-0.0040322580645161255,-0.006675567423230944,90.62,0.682,0.0012003491924923552,0.009715657187761411,0.07985883973145119
1478.0,1479.0,1447.0,1452.0,357800.0,520763500.0,1470.0,1466.2,37.93857955285374,0.005479452054794498,-0.014844804318488558,-0.0040322580645161255,90.62,0.682,-0.009684899740826657,0.0077160494333587265,0.07985883973145119
1457.0,1460.0,1441.0,1459.0,227400.0,330167800.0,1464.2,1466.48,40.12402451872217,-0.010899182561307952,0.005479452054794498,-0.014844804318488558,90.62,0.682,-0.005100649173531189,0.009121725856707981,0.07985883973145119
1455.0,1473.0,1452.0,1469.0,209700.0,306839300.0,1461.6,1467.08,43.20114423706765,0.004820936639118534,-0.010899182561307952,0.005479452054794498,90.62,0.682,0.001308722087411779,0.010303488023054008,0.07985883973145119
1474.0,1474.0,1461.0,1470.0,138500.0,203081500.0,1463.6,1467.72,43.513765919610904,0.006854009595613331,0.004820936639118534,-0.010899182561307952,90.62,0.682,0.0015534298095004311,0.007243572500947379,0.07985883973145119
1466.0,1476.0,1465.0,1474.0,196400.0,289020600.0,1464.8,1468.32,44.82201377219946,0.000680735194009463,0.006854009595613331,0.004820936639118534,90.62,0.682,0.0038683665685954453,0.006953206700200537,0.07985883973145119
1478.0,1491.0,1477.0,1489.0,180200.0,267709200.0,1472.2,1469.08,49.54152954497072,0.0027210884353741083,0.000680735194009463,0.006854009595613331,90.62,0.682,0.013559506629999779,0.0036776726685777777,0.07985883973145119
1493.0,1499.0,1483.0,1491.0,277100.0,412980400.0,1478.6,1470.76,50.153721690628096,0.010176390773405597,0.0027210884353741083,0.000680735194009463,90.62,0.682,0.013761592645978956,0.004042727046630309,0.07985883973145119
1497.0,1508.0,1486.0,1497.0,341000.0,511234500.0,1484.2,1472.8,52.033879087765065,0.001343183344526544,0.010176390773405597,0.0027210884353741083,90.62,0.682,0.016431287343834904,0.0037959787364076577,0.07985883973145119
1490.0,1499.0,1464.0,1483.0,525900.0,777615800.0,1486.8,1473.0,47.52901443554556,0.004024144869215318,0.001343183344526544,0.010176390773405597,90.62,0.682,0.006788866259334691,0.0070805057144466095,0.07985883973145119
1494.0,1515.0,1492.0,1512.0,433800.0,654125100.0,1494.4,1473.92,56.022414333829055,-0.009352037408149605,0.004024144869215318,0.001343183344526544,90.62,0.682,0.025835866261398124,0.010710227075263064,0.07985883973145119
1500.0,1507.0,1487.0,1498.0,363900.0,545247500.0,1496.2,1474.48,51.67383159494422,0.019554956169925752,-0.009352037408149605,0.004024144869215318,90.62,0.682,0.01595138625142422,0.0118914146210178,0.07985883973145119
1500.0,1510.0,1495.0,1500.0,315600.0,474354700.0,1498.0,1475.4,52.244126319996326,-0.0092592592592593,0.019554956169925752,-0.009352037408149605,90.62,0.682,0.016673444489629867,0.011891401428824496,0.07985883973145119
1490.0,1504.0,1484.0,1490.0,368700.0,549899800.0,1496.6,1476.08,49.12269445302904,0.001335113484646211,-0.0092592592592593,0.019554956169925752,90.62,0.682,0.009430383177063623,0.012226682366796561,0.07985883973145119
1484.0,1502.0,1478.0,1491.0,393800.0,587269700.0,1498.2,1477.04,49.44796126082551,-0.00666666666666671,0.001335113484646211,-0.0092592592592593,90.62,0.682,0.009451335102637733,0.011274487890826874,0.07985883973145119
1491.0,1503.0,1484.0,1499.0,432900.0,646892900.0,1495.6,1479.24,52.08698798463016,0.0006711409395974144,-0.00666666666666671,0.001335113484646211,90.62,0.682,0.01335821097320245,0.006053211540649347,0.07985883973145119
1485.0,1495.0,1464.0,1492.0,387100.0,574365100.0,1494.4,1481.68,49.644840065935526,0.005365526492287165,0.0006711409395974144,-0.00666666666666671,90.62,0.682,0.006965066681064694,0.004851015521773437,0.07985883973145119
1487.0,1515.0,1486.0,1509.0,330900.0,498716400.0,1496.2,1483.56,55.14515600474943,-0.004669779853235467,0.005365526492287165,0.0006711409395974144,90.62,0.682,0.017147941438162295,0.0073805148287224235,0.07985883973145119
1506.0,1515.0,1500.0,1512.0,280300.0,422660600.0,1500.6,1485.6,56.05734939914827,0.011394101876675666,-0.004669779853235467,0.005365526492287165,90.62,0.682,0.017770597738287625,0.005943845020156878,0.07985883973145119
1495.0,1514.0,1495.0,1509.0,516700.0,777303300.0,1504.2,1487.04,54.85595382768254,0.001988071570576455,0.011394101876675666,-0.004669779853235467,90.62,0.682,0.014767591994835403,0.006305919800719238,0.07985883973145119
1520.0,1521.0,1502.0,1519.0,558100.0,844493600.0,1508.2,1488.44,58.080943965316905,-0.001984126984126977,0.001988071570576455,0.011394101876675666,90.62,0.682,0.020531563247426797,0.0064762130119965025,0.07985883973145119
1520.0,1619.0,1500.0,1527.0,1981700.0,3047137100.0,1515.2,1489.6,60.51132907989127,0.0066269052352552205,-0.001984126984126977,0.001988071570576455,156.39,0.68,0.02510741138560694,0.005021664221156304,0.09230817550802475
1596.0,1605.0,1534.0,1560.0,1162300.0,1815861500.0,1525.4,1492.48,68.59888516878128,0.005266622778143493,0.0066269052352552205,-0.001984126984126977,156.39,0.68,0.04524013722126929,0.00897237718404342,0.09230817550802475
1600.0,1624.0,1554.0,1559.0,843200.0,1330650000.0,1534.8,1495.56,68.14343636803615,0.0216110019646365,0.005266622778143493,0.0066269052352552205,156.39,0.68,0.042418893257375204,0.009385215487950843,0.09230817550802475
1545.0,1630.0,1540.0,1629.0,814600.0,1309734900.0,1558.8,1502.32,78.76938648554083,-0.0006410256410256387,0.0216110019646365,0.005266622778143493,156.39,0.68,0.0843229138931786,0.018341966028572392,0.09230817550802475
1618.0,1620.0,1587.0,1605.0,621000.0,994577700.0,1576.0,1507.8,70.13198933009251,0.04490057729313657,-0.0006410256410256387,0.0216110019646365,156.39,0.68,0.0644647831277358,0.022869295584290298,0.09230817550802475
1609.0,1618.0,1564.0,1566.0,669900.0,1056574800.0,1583.8,1512.36,58.84074864741213,-0.014732965009208066,0.04490057729313657,-0.0006410256410256387,156.39,0.68,0.03546774577481559,0.028048849058154555,0.09230817550802475
1566.0,1566.0,1528.0,1547.0,722700.0,1113701800.0,1581.2,1515.88,54.257640671269414,-0.024299065420560706,-0.014732965009208066,0.04490057729313657,156.39,0.68,0.020529329498377106,0.027210505037547017,0.09230817550802475
1567.0,1588.0,1508.0,1510.0,668200.0,1023694700.0,1571.4,1517.52,46.639204395989815,-0.012132822477650018,-0.024299065420560706,-0.014732965009208066,156.39,0.68,-0.0049554536348779465,0.028985437464803098,0.09230817550802475
1521.0,1544.0,1517.0,1543.0,469000.0,719662800.0,1554.2,1520.44,52.9805236907667,-0.023917259211376884,-0.012132822477650018,-0.024299065420560706,156.39,0.68,0.014837810107600395,0.0189586144071507,0.09230817550802475
1545.0,1562.0,1544.0,1550.0,287300.0,446031700.0,1543.2,1523.48,54.22323766321761,0.021854304635761546,-0.023917259211376884,-0.012132822477650018,156.39,0.68,0.017407514374983578,0.01985726919019196,0.09230817550802475
1546.0,1570.0,1546.0,1562.0,314000.0,489794500.0,1542.4,1526.4,56.35292770857048,0.004536616979909258,0.021854304635761546,-0.023917259211376884,156.39,0.68,0.02332285115303977,0.017865011959165834,0.09230817550802475
1553.0,1557.0,1545.0,1550.0,234800.0,363999600.0,1543.0,1528.76,53.66423626981662,0.007741935483871032,0.004536616979909258,0.021854304635761546,156.39,0.68,0.013893613124362235,0.017232971201101847,0.09230817550802475
1590.0,1592.0,1553.0,1556.0,384000.0,601126700.0,1552.2,1531.12,54.824826726514935,-0.007682458386683688,0.007741935483871032,0.004536616979909258,156.39,0.68,0.01624954281832914,0.01058603555582246,0.09230817550802475
1555.0,1587.0,1555.0,1572.0,365700.0,576289000.0,1558.0,1534.68,57.85626746162094,0.003870967741935516,-0.007682458386683688,0.007741935483871032,156.39,0.68,0.02431777308624595,0.006891067043048602,0.09230817550802475
1594.0,1599.0,1563.0,1563.0,296900.0,467644400.0,1560.6,1536.72,55.5962991564481,0.010282776349614497,0.003870967741935516,-0.007682458386683688,156.39,0.68,0.0171013587380915,0.008031906543973847,0.09230817550802475
1555.0,1565.0,1546.0,1547.0,204900.0,317757200.0,1557.6,1538.68,51.727836511406046,-0.005725190839694694,0.010282776349614497,0.003870967741935516,156.39,0.68,0.005407232173031388,0.008650057396435505,0.09230817550802475
1547.0,1580.0,1546.0,1558.0,259800.0,406177900.0,1559.2,1541.0,54.09283249584288,-0.010236724248240514,-0.005725190839694694,0.010282776349614497,156.39,0.68,0.011031797534068787,0.00870667743461356,0.09230817550802475
1560.0,1578.0,1553.0,1558.0,319300.0,498639600.0,1559.6,1543.72,54.09283249584288,0.007110536522301203,-0.010236724248240514,-0.005725190839694694,156.39,0.68,0.009250382193662044,0.008565246240672512,0.09230817550802475
1560.0,1568.0,1552.0,1562.0,279100.0,435264300.0,1557.6,1546.56,55.022160254652825,0.0,0.007110536522301203,-0.010236724248240514,156.39,0.68,0.009983447134285159,0.006834140095761532,0.09230817550802475
1559.0,1599.0,1556.0,1581.0,396800.0,628125600.0,1561.2,1549.84,59.24273625445388,0.0025673940949935137,0.0,0.007110536522301203,156.39,0.68,0.020105301192381204,0.00841080229729473,0.09230817550802475
1584.0,1610.0,1581.0,1589.0,351500.0,560658600.0,1569.6,1553.72,60.90615866300004,0.012163892445582691,0.0025673940949935137,0.0,156.39,0.68,0.022706794016939973,0.004636093397169894,0.09230817550802475
1589.0,1602.0,1581.0,1594.0,310400.0,494331600.0,1576.8,1557.12,61.95136330299372,0.005060088551549713,0.012163892445582691,0.0025673940949935137,156.39,0.68,0.023684751335799496,0.0046050826244056755,0.09230817550802475
1594.0,1633.0,1588.0,1616.0,355000.0,572610700.0,1588.4,1561.28,66.22961520465063,0.003146633102580232,0.005060088551549713,0.012163892445582691,156.39,0.68,0.035048165607706516,0.0052579465940821015,0.09230817550802475
1620.0,1630.0,1601.0,1609.0,546400.0,881061600.0,1597.8,1565.28,63.77252605479228,0.013801756587201952,0.003146633102580232,0.005060088551549713,156.39,0.68,0.02793110497802312,0.007325037766216929,0.09230817550802475
1619.0,1639.0,1617.0,1637.0,504700.0,823323500.0,1609.0,1570.0,68.7643960329003,-0.00433168316831678,0.013801756587201952,0.003146633102580232,156.39,0.68,0.04267515923566879,0.008681666615678922,0.09230817550802475
1645.0,1656.0,1630.0,1648.0,401600.0,660045700.0,1620.8,1574.84,70.4850240226256,0.017402113113735185,-0.00433168316831678,0.013801756587201952,156.39,0.68,0.046455512940997236,0.008619708840982765,0.09230817550802475
1630.0,1636.0,1616.0,1627.0,358200.0,582767200.0,1627.4,1577.52,63.314490286552626,0.006719609040928498,0.017402113113735185,-0.00433168316831678,156.39,0.68,0.0313656879152087,0.012576552791300861,0.09230817550802475
1644.0,1670.0,1644.0,1670.0,376800.0,625094800.0,1638.2,1581.96,70.03627094733093,-0.012742718446601908,0.006719609040928498,0.017402113113735185,156.39,0.68,0.055652481731522895,0.015838928980310495,0.09230817550802475
1670.0,1682.0,1654.0,1668.0,321000.0,536104400.0,1650.0,1583.52,69.39934146490867,0.026429010448678625,-0.012742718446601908,0.006719609040928498,156.39,0.68,0.05334949984843893,0.015347849976723197,0.09230817550802475
1685.0,1686.0,1657.0,1668.0,317300.0,529839400.0,1656.2,1586.04,69.39934146490867,-0.0011976047904191933,0.026429010448678625,-0.012742718446601908,156.39,0.68,0.05167587198305215,0.01443662997913015,0.09230817550802475
1658.0,1670.0,1623.0,1651.0,511200.0,841079200.0,1656.8,1589.44,63.68949493601581,0.0,-0.0011976047904191933,0.026429010448678625,156.39,0.68,0.0387306221058989,0.015533209295358907,0.09230817550802475
1651.0,1665.0,1647.0,1663.0,275700.0,457035700.0,1664.0,1594.08,65.82682421196017,-0.010191846522781822,0.0,-0.0011976047904191933,156.39,0.68,0.04323496938673095,0.013757732188703275,0.09230817550802475
1658.0,1676.0,1655.0,1673.0,276400.0,461421000.0,1664.6,1600.6,67.54145879655113,0.00726832222895224,-0.010191846522781822,0.0,156.39,0.68,0.045233037610895976,0.006956641009898944,0.09230817550802475
1672.0,1682.0,1649.0,1658.0,306200.0,510235500.0,1662.6,1605.2,62.47754680053241,0.006013229104028905,0.00726832222895224,-0.010191846522781822,156.39,0.68,0.03289309743334161,0.00816001004602728,0.09230817550802475
1662.0,1666.0,1648.0,1655.0,407600.0,675018500.0,1660.0,1609.4,61.484665780532886,-0.00896592946802155,0.006013229104028905,0.00726832222895224,156.39,0.68,0.02833354044985703,0.008134943561507738,0.09230817550802475
1660.0,1664.0,1637.0,1645.0,660600.0,1088792700.0,1658.8,1612.72,58.16641672592533,-0.001809408926417344,-0.00896592946802155,0.006013229104028905,156.39,0.68,0.020015873803264035,0.007187799545266614,0.09230817550802475
1646.0,1674.0,1646.0,1666.0,328100.0,545491900.0,1659.4,1617.36,62.71690592160667,-0.0060422960725075026,-0.001809408926417344,-0.00896592946802155,156.39,0.68,0.030073700351189656,0.008923707892351711,0.09230817550802475
1650.0,1689.0,1648.0,1672.0,403400.0,673572600.0,1659.2,1622.0,63.92434139023348,0.012765957446808418,-0.0060422960725075026,-0.001809408926417344,156.39,0.68,0.030826140567200986,0.008603352470158648,0.09230817550802475
1675.0,1683.0,1639.0,1650.0,404700.0,667586000.0,1657.6,1625.12,56.67646391937019,0.0036014405762305746,0.012765957446808418,-0.0060422960725075026,156.39,0.68,0.015309638672836535,0.009804890779684576,0.09230817550802475
1656.0,1680.0,1653.0,1670.0,268500.0,446895400.0,1660.6,1629.4,61.00504002437856,-0.013157894736842146,0.0036014405762305746,0.012765957446808418,156.39,0.68,0.024917147416226776,0.011349542017530188,0.09230817550802475
1677.0,1686.0,1675.0,1677.0,383900.0,644480100.0,1667.0,1634.6,62.42027165049614,0.0121212121212122,-0.013157894736842146,0.0036014405762305746,156.39,0.68,0.025939067661813343,0.010456330395585531,0.09230817550802475
1673.0,1687.0,1659.0,1681.0,385200.0,645321200.0,1670.0,1639.52,63.241240220776696,0.004191616766467066,0.0121212121212122,-0.013157894736842146,156.39,0.68,0.025300087830584572,0.009213706052581648,0.09230817550802475
1655.0,1667.0,1632.0,1640.0,376600.0,618534700.0,1663.6,1642.8,50.95387742554973,0.0023852116875373586,0.004191616766467066,0.0121212121212122,156.39,0.68,-0.0017044071098124877,0.01472354934552156,0.09230817550802475
1620.0,1625.0,1586.0,1589.0,420800.0,671546500.0,1651.4,1643.88,40.43082163305871,-0.024390243902439046,0.0023852116875373586,0.004191616766467066,156.39,0.68,-0.03338443195367065,0.01911431148354137,0.09230817550802475
1594.0,1609.0,1587.0,1601.0,364500.0,582654400.0,1637.6,1644.68,43.39312523538125,-0.031097560975609784,-0.024390243902439046,0.0023852116875373586,156.39,0.68,-0.02655835785684757,0.018028576972863645,0.09230817550802475
1603.0,1606.0,1574.0,1585.0,390700.0,619475700.0,1619.2,1644.52,40.501124132731526,0.007551919446192601,-0.031097560975609784,-0.024390243902439046,156.39,0.68,-0.03619293167611217,0.01663957216176742,0.09230817550802475
1553.0,1592.0,1535.0,1592.0,594600.0,934585300.0,1601.4,1644.44,42.31255421349239,-0.009993753903810076,0.007551919446192601,-0.031097560975609784,156.39,0.68,-0.031889275376419966,0.017070590552545867,0.09230817550802475
1565.0,1571.0,1525.0,1551.0,603800.0,934008700.0,1583.6,1641.84,35.49602847311364,0.00441640378548902,-0.009993753903810076,0.007551919446192601,156.39,0.68,-0.055328168396433224,0.017352480850754155,0.09230817550802475
1467.0,1512.0,1446.0,1499.0,990800.0,1476713500.0,1565.6,1637.44,29.094195251088166,-0.025753768844221092,0.00441640378548902,-0.009993753903810076,156.39,0.68,-0.08454660934141102,0.018075651702854013,0.09230817550802475
1559.0,1590.0,1551.0,1566.0,805400.0,1263377000.0,1558.6,1634.6,43.28687263211293,-0.03352675693101226,-0.025753768844221092,0.00441640378548902,156.39,0.68,-0.041967453811329936,0.030915842208490425,0.09230817550802475
1555.0,1567.0,1528.0,1554.0,596000.0,923054100.0,1552.4,1630.84,41.6777899932539,0.044696464309539774,-0.03352675693101226,-0.025753768844221092,156.39,0.68,-0.04711682323219931,0.030820903347392254,0.09230817550802475
1586.0,1599.0,1567.0,1580.0,456700.0,722854300.0,1550.0,1628.96,46.332674173126094,-0.007662835249042099,0.044696464309539774,-0.03352675693101226,156.39,0.68,-0.030055986641783737,0.03208440018246905,0.09230817550802475
1560.0,1579.0,1538.0,1573.0,380200.0,593219800.0,1554.4,1625.08,45.28473490985631,0.016731016731016624,-0.007662835249042099,0.044696464309539774,156.39,0.68,-0.032047653038619596,0.02928359657221985,0.09230817550802475
1577.0,1586.0,1557.0,1585.0,389000.0,612192100.0,1571.6,1621.76,47.47783888655383,-0.004430379746835467,0.016731016731016624,-0.007662835249042099,156.39,0.68,-0.022666732438831882,0.02100767152864299,0.09230817550802475
1595.0,1596.0,1569.0,1586.0,359700.0,568528500.0,1575.6,1618.48,47.666089905689255,0.0076287349014620975,-0.004430379746835467,0.016731016731016624,156.39,0.68,-0.02006821214967131,0.009792867665744966,0.09230817550802475
1586.0,1592.0,1571.0,1582.0,186600.0,295093700.0,1581.2,1615.72,46.94132892559307,0.0006309148264984632,0.0076287349014620975,-0.004430379746835467,156.39,0.68,-0.020869952714579275,0.008652112409405437,0.09230817550802475
1582.0,1589.0,1576.0,1582.0,247100.0,391079100.0,1581.6,1612.48,46.941328925593076,-0.0025220680958385477,0.0006309148264984632,0.0076287349014620975,156.39,0.68,-0.018902560031752343,0.0045891989100093206,0.09230817550802475
1592.0,1620.0,1590.0,1620.0,256300.0,412948200.0,1591.0,1610.36,54.55455322649346,0.0,-0.0025220680958385477,0.0006309148264984632,156.39,0.68,0.005986239101815806,0.010779869753946372,0.09230817550802475
1620.0,1632.0,1555.0,1569.0,559000.0,884642800.0,1587.8,1606.8,45.18394705195992,0.02402022756005051,0.0,-0.0025220680958385477,156.39,0.68,-0.02352501867064971,0.019731449422504543,0.09230817550802475
1569.0,1582.0,1563.0,1577.0,423700.0,667395000.0,1586.0,1603.68,46.72965239213956,-0.031481481481481444,0.02402022756005051,0.0,156.39,0.68,-0.016636735508330877,0.01997274238149094,0.09230817550802475
1574.0,1581.0,1562.0,1578.0,707300.0,1113105700.0,1585.2,1601.0,46.93109612494407,0.005098789037603524,-0.031481481481481444,0.02402022756005051,156.39,0.68,-0.014366021236727046,0.01996157134299535,0.09230817550802475
1585.0,1595.0,1577.0,1577.0,322900.0,511199900.0,1584.2,1597.44,46.7407480138823,0.0006341154090043766,0.005098789037603524,-0.031481481481481444,156.39,0.68,-0.01279547275641029,0.019960839691931194,0.09230817550802475
1580.0,1609.0,1526.0,1600.0,877300.0,1385282800.0,1580.2,1594.56,51.602810492750095,-0.0006337135614702394,0.0006341154090043766,0.005098789037603524,197.96,0.717,0.0034115994380895386,0.017340417536730744,0.09212761074133578
1600.0,1604.0,1571.0,1587.0,614400.0,975407100.0,1583.8,1592.04,48.8862913832317,0.014584654407101993,-0.0006337135614702394,0.0006341154090043766,197.96,0.717,-0.0031657496042812767,0.008348768369593994,0.09212761074133578
1570.0,1618.0,1569.0,1615.0,569200.0,908529200.0,1591.4,1589.84,54.44843357719909,-0.008125000000000049,0.014584654407101993,-0.0006337135614702394,197.96,0.717,0.015825491873396116,0.010892939024644903,0.09212761074133578
1610.0,1636.0,1601.0,1616.0,443600.0,718160800.0,1599.0,1587.4,54.638288028094685,0.017643352236925036,-0.008125000000000049,0.014584654407101993,197.96,0.717,0.01801688295325684,0.010894374587902909,0.09212761074133578
1616.0,1623.0,1579.0,1601.0,387700.0,620411500.0,1603.8,1584.2,51.191673333479294,0.0006191950464395912,0.017643352236925036,-0.008125000000000049,197.96,0.717,0.010604721626057287,0.012538730172315963,0.09212761074133578
1596.0,1598.0,1569.0,1582.0,453700.0,717176400.0,1600.2,1581.88,47.13572109053783,-0.009282178217821735,0.0006191950464395912,0.017643352236925036,197.96,0.717,7.585910435677223e-05,0.012046072893469222,0.09212761074133578
1567.0,1571.0,1547.0,1553.0,449200.0,700193100.0,1593.4,1580.44,41.704411216618695,-0.011867582760774487,-0.009282178217821735,0.0006191950464395912,197.96,0.717,-0.017362253549644435,0.014005883157543149,0.09212761074133578
1579.0,1597.0,1571.0,1572.0,311800.0,492220500.0,1584.8,1579.28,46.08753654912683,-0.018331226295828063,-0.011867582760774487,-0.009282178217821735,197.96,0.717,-0.004609695557469209,0.011950858006909128,0.09212761074133578
1579.0,1580.0,1556.0,1578.0,266000.0,418000600.0,1577.2,1579.0,47.43170718044045,0.012234385061171915,-0.018331226295828063,-0.011867582760774487,197.96,0.717,-0.0006333122229259025,0.012424664184840386,0.09212761074133578
1585.0,1607.0,1576.0,1594.0,292900.0,466250800.0,1575.8,1579.08,50.94415138500621,0.003816793893129722,0.012234385061171915,-0.018331226295828063,197.96,0.717,0.009448539656002276,0.01360804995053487,0.09212761074133578
1594.0,1602.0,1563.0,1590.0,228400.0,361723700.0,1577.4,1580.64,50.04390488238728,0.010139416983523386,0.003816793893129722,0.012234385061171915,197.96,0.717,0.005921651989067656,0.012284771616742496,0.09212761074133578
1590.0,1590.0,1549.0,1549.0,289200.0,450850400.0,1576.6,1582.64,41.87552504411726,-0.0025094102885822034,0.010139416983523386,0.003816793893129722,197.96,0.717,-0.02125562351513932,0.015308437649094618,0.09212761074133578
1549.0,1550.0,1529.0,1543.0,255100.0,392787700.0,1570.8,1581.72,40.82533813063847,-0.025786163522012573,-0.0025094102885822034,0.010139416983523386,197.96,0.717,-0.024479680347975638,0.013576278698654723,0.09212761074133578
1535.0,1535.0,1517.0,1530.0,343200.0,524070500.0,1561.2,1580.76,38.56842410145907,-0.003873466752743693,-0.025786163522012573,-0.0025094102885822034,197.96,0.717,-0.03211113641539512,0.012985755435082394,0.09212761074133578
1541.0,1541.0,1512.0,1520.0,202600.0,308358300.0,1546.4,1578.36,36.87949461561555,-0.008425145819831448,-0.003873466752743693,-0.025786163522012573,197.96,0.717,-0.036975088066093856,0.009429725612077696,0.09212761074133578
1532.0,1535.0,1517.0,1520.0,164000.0,250050000.0,1532.4,1576.24,36.87949461561555,-0.006535947712418277,-0.008425145819831448,-0.003873466752743693,197.96,0.717,-0.03567984570877532,0.009942709261580274,0.09212761074133578
1510.0,1511.0,1495.0,1495.0,260300.0,390547000.0,1521.6,1572.64,32.724571704586396,0.0,-0.006535947712418277,-0.008425145819831448,197.96,0.717,-0.04936921355173472,0.006128998054405852,0.09212761074133578
1500.0,1508.0,1493.0,1497.0,179400.0,269069700.0,1512.4,1569.08,33.371288433217074,-0.016447368421052655,0.0,-0.006535947712418277,197.96,0.717,-0.045937746960001996,0.0071616737071694735,0.09212761074133578
1514.0,1528.0,1510.0,1518.0,201800.0,306589700.0,1510.0,1566.52,39.9037787046086,0.0013377926421405117,-0.016447368421052655,0.0,197.96,0.717,-0.030973112376477787,0.011182636384860705,0.09212761074133578
1516.0,1520.0,1501.0,1504.0,157900.0,237817000.0,1506.8,1563.4,37.2796642523409,0.014028056112224352,0.0013377926421405117,-0.016447368421052655,197.96,0.717,-0.03799411538953568,0.011542467556570082,0.09212761074133578
1512.0,1513.0,1500.0,1503.0,174500.0,262480400.0,1503.4,1558.72,37.09203263130049,-0.00922266139657446,0.014028056112224352,0.0013377926421405117,197.96,0.717,-0.035747279819338965,0.011516590449308538,0.09212761074133578
1502.0,1517.0,1502.0,1512.0,227400.0,343866800.0,1506.8,1556.44,40.01808155393912,-0.0006648936170212671,-0.00922266139657446,0.014028056112224352,197.96,0.717,-0.028552337385315242,0.008567916268892856,0.09212761074133578
1512.0,1542.0,1503.0,1541.0,355500.0,544915100.0,1515.6,1555.0,48.35398902518701,0.0059880239520957446,-0.0006648936170212671,-0.00922266139657446,197.96,0.717,-0.0090032154340836,0.01133814368722688,0.09212761074133578
1545.0,1554.0,1506.0,1516.0,365900.0,557690800.0,1515.2,1552.52,42.82825916490198,0.019179894179894186,0.0059880239520957446,-0.0006648936170212671,197.96,0.717,-0.023523046401978706,0.013713495031225554,0.09212761074133578
1519.0,1533.0,1505.0,1514.0,176800.0,268502500.0,1517.2,1550.0,42.4107100610325,-0.016223231667748195,0.019179894179894186,0.0059880239520957446,197.96,0.717,-0.023225806451612905,0.012839497175668856,0.09212761074133578
1510.0,1522.0,1503.0,1505.0,221000.0,333292200.0,1517.6,1546.2,40.497332195548445,-0.0013192612137202797,-0.016223231667748195,0.019179894179894186,197.96,0.717,-0.02664597076704181,0.013261133716832272,0.09212761074133578
1491.0,1500.0,1483.0,1488.0,231500.0,345118300.0,1512.8,1542.24,37.09316998026961,-0.005944517833553542,-0.0013192612137202797,-0.016223231667748195,197.96,0.717,-0.03516962340491753,0.01366603710867047,0.09212761074133578
1500.0,1508.0,1490.0,1490.0,159300.0,238359200.0,1502.6,1537.24,37.7560678307884,-0.011295681063122953,-0.005944517833553542,-0.0013192612137202797,197.96,0.717,-0.03073039993755042,0.00717707975245339,0.09212761074133578
1490.0,1494.0,1485.0,1487.0,184600.0,274776900.0,1496.8,1532.08,37.12412043968136,0.0013440860215054862,-0.011295681063122953,-0.005944517833553542,197.96,0.717,-0.02942405096339612,0.0049137883979755385,0.09212761074133578
1487.0,1499.0,1487.0,1490.0,164500.0,245479500.0,1492.0,1527.64,38.23740046712169,-0.00201342281879191,0.0013440860215054862,-0.011295681063122953,197.96,0.717,-0.02463931292712949,0.0055305725504747345,0.09212761074133578
1488.0,1517.0,1485.0,1510.0,237500.0,357395400.0,1493.0,1524.76,45.203171458862855,0.0020174848688634395,-0.00201342281879191,0.0013440860215054862,197.96,0.717,-0.009680211967785088,0.008878057735209652,0.09212761074133578
1502.0,1505.0,1488.0,1502.0,206700.0,309685600.0,1495.8,1522.72,43.10879759380088,0.01342281879194629,0.0020174848688634395,-0.00201342281879191,197.96,0.717,-0.013607229168855749,0.007075032199412496,0.09212761074133578
1489.0,1495.0,1481.0,1482.0,244800.0,363852500.0,1494.2,1519.12,38.32774751420862,-0.005298013245033095,0.01342281879194629,0.0020174848688634395,197.96,0.717,-0.024435199325925465,0.009852529877781787,0.09212761074133578
1495.0,1518.0,1483.0,1495.0,264800.0,397350300.0,1495.8,1515.8,42.77072077460092,-0.013315579227696439,-0.005298013245033095,0.01342281879194629,197.96,0.717,-0.01372212692967407,0.010727228214227504,0.09212761074133578
1499.0,1516.0,1499.0,1506.0,206900.0,311912400.0,1499.0,1512.28,46.2962362754216,0.00877192982456143,-0.013315579227696439,-0.005298013245033095,197.96,0.717,-0.0041526701404501635,0.011098401864473261,0.09212761074133578
1500.0,1518.0,1496.0,1509.0,190200.0,287242500.0,1498.8,1509.04,47.25064577299722,0.0073578595317724815,0.00877192982456143,-0.013315579227696439,197.96,0.717,-2.6506918305653673e-05,0.00922467163968141,0.09212761074133578
1512.0,1512.0,1492.0,1494.0,143400.0,214728200.0,1497.2,1506.84,43.123943084744816,0.0019920318725099584,0.0073578595317724815,0.00877192982456143,197.96,0.717,-0.0085211435852512,0.010073437546513679,0.09212761074133578
1494.0,1518.0,1494.0,1508.0,1190800.0,1796470800.0,1502.4,1505.44,47.71384688126138,-0.00994035785288272,0.0019920318725099584,0.0073578595317724815,197.96,0.717,0.0017004995217344732,0.008063179463424813,0.09212761074133578
1500.0,1548.0,1500.0,1509.0,343400.0,523135600.0,1505.2,1504.6,48.03642121150436,0.009370816599732157,-0.00994035785288272,0.0019920318725099584,197.96,0.717,0.0029243652798086476,0.007538784448578732,0.09212761074133578
1523.0,1524.0,1495.0,1497.0,175500.0,263518100.0,1503.4,1503.68,44.48938633598984,0.0006631299734747298,0.009370816599732157,-0.00994035785288272,197.96,0.717,-0.004442434560544839,0.007864257024432646,0.09212761074133578
1496.0,1518.0,1485.0,1490.0,290500.0,435236900.0,1499.6,1502.48,42.51714357233258,-0.007952286282306154,0.0006631299734747298,0.009370816599732157,197.96,0.717,-0.008306266971939738,0.0077579450406246656,0.09212761074133578
1482.0,1509.0,1478.0,1507.0,298500.0,446704600.0,1502.2,1502.96,48.48937144464293,-0.004676018704074858,-0.007952286282306154,0.0006631299734747298,197.96,0.717,0.002688028956193088,0.00848512363168047,0.09212761074133578
1511.0,1520.0,1507.0,1518.0,254100.0,385169800.0,1504.2,1503.8,51.96687302913924,0.011409395973154268,-0.004676018704074858,-0.007952286282306154,197.96,0.717,0.009442745045883792,0.008060745548737638,0.09212761074133578
1520.0,1538.0,1513.0,1513.0,315800.0,480656100.0,1505.0,1503.6,50.304459825491,0.007299270072992803,0.011409395973154268,-0.004676018704074858,197.96,0.717,0.006251662676243742,0.008334474501985687,0.09212761074133578
1510.0,1517.0,1501.0,1516.0,193300.0,292338100.0,1508.8,1504.08,51.31088208776791,-0.0032938076416337836,0.007299270072992803,0.011409395973154268,197.96,0.717,0.007925110366469918,0.006850756067046742,0.09212761074133578
1517.0,1556.0,1514.0,1535.0,293000.0,451005800.0,1517.8,1505.36,57.219975767722225,0.00198281559814939,-0.0032938076416337836,0.007299270072992803,197.96,0.717,0.019689642344688382,0.006635909592133912,0.09212761074133578
1532.0,1580.0,1529.0,1568.0,446900.0,699546500.0,1530.0,1507.6,65.13457538195595,0.01253298153034299,0.00198281559814939,-0.0032938076416337836,197.96,0.717,0.04006367736800218,0.0095786415372158,0.09212761074133578
1578.0,1594.0,1567.0,1577.0,428000.0,675121700.0,1541.8,1509.04,66.93144432734945,0.021498371335504807,0.01253298153034299,0.00198281559814939,197.96,0.717,0.045035254201346575,0.009632559998200323,0.09212761074133578
1572.0,1588.0,1556.0,1576.0,294600.0,463669000.0,1554.4,1511.44,66.52121773544359,0.005739795918367374,0.021498371335504807,0.01253298153034299,197.96,0.717,0.04271423278462919,0.00892140848512015,0.09212761074133578
1576.0,1615.0,1566.0,1610.0,312100.0,499749400.0,1573.2,1515.28,72.6573858136031,-0.0006341154090044876,0.005739795918367374,0.021498371335504807,197.96,0.717,0.0625098991605512,0.009757907668303976,0.09212761074133578
1615.0,1642.0,1611.0,1625.0,278000.0,452708600.0,1591.2,1520.08,74.84768101518047,0.021573604060913798,-0.0006341154090044876,0.005739795918367374,197.96,0.717,0.06902268301668338,0.009831430747421573,0.09212761074133578
1638.0,1648.0,1625.0,1648.0,398000.0,653550100.0,1607.2,1526.48,77.78606993604232,0.009316770186335477,0.021573604060913798,-0.0006341154090044876,197.96,0.717,0.07960798700277762,0.00840979796278572,0.09212761074133578
1661.0,1687.0,1654.0,1660.0,331400.0,553642700.0,1623.8,1533.28,79.15437891934837,0.014153846153846183,0.009316770186335477,0.021573604060913798,197.96,0.717,0.0826463529166232,0.00823971438589874,0.09212761074133578
1665.0,1692.0,1652.0,1671.0,396700.0,665254800.0,1642.8,1540.64,80.3492836675918,0.00728155339805836,0.014153846153846183,0.009316770186335477,197.96,0.717,0.08461418631218189,0.006213117223528281,0.09212761074133578
1671.0,1685.0,1651.0,1679.0,377800.0,631625800.0,1656.6,1548.2,81.19360169623396,0.0066265060240964235,0.00728155339805836,0.014153846153846183,197.96,0.717,0.08448520862937602,0.003584259630194075,0.09212761074133578
1682.0,1688.0,1662.0,1662.0,435600.0,727808800.0,1664.0,1554.28,73.9248208532479,0.004787552363854086,0.0066265060240964235,0.00728155339805836,197.96,0.717,0.06930540185809508,0.00893617972278582,0.09212761074133578
1663.0,1677.0,1646.0,1660.0,469700.0,778269100.0,1666.4,1560.6,73.09573866521806,-0.010125074449076843,0.004787552363854086,0.0066265060240964235,197.96,0.717,0.06369345123670389,0.0072966166410719955,0.09212761074133578
1659.0,1662.0,1499.0,1537.0,2253900.0,3488970300.0,1641.8,1562.8,41.94175028953829,-0.001203369434416346,-0.010125074449076843,0.004787552363854086,36.18,0.707,-0.01650883030458149,0.03378443419244088,0.06453927594703636
1540.0,1580.0,1532.0,1544.0,1327900.0,2058731600.0,1616.4,1564.76,43.41971590372336,-0.07409638554216869,-0.001203369434416346,-0.010125074449076843,36.18,0.707,-0.013267210307011933,0.033467069858431585,0.06453927594703636
1570.0,1585.0,1546.0,1546.0,728000.0,1135384500.0,1589.8,1566.36,43.859453568258374,0.004554326610279658,-0.07409638554216869,-0.001203369434416346,36.18,0.707,-0.01299828902678816,0.03297809105908091,0.06453927594703636
1553.0,1574.0,1543.0,1567.0,623900.0,972597700.0,1570.8,1568.68,48.394661037061596,0.0012953367875647714,0.004554326610279658,-0.07409638554216869,36.18,0.707,-0.00107096412270193,0.035617536353433156,0.06453927594703636
1551.0,1589.0,1533.0,1571.0,562400.0,880686200.0,1553.0,1571.76,49.23586801835296,0.013583441138421692,0.0012953367875647714,0.004554326610279658,36.18,0.707,-0.0004835343818394608,0.0359187152431319,0.06453927594703636
1570.0,1570.0,1543.0,1562.0,446400.0,694547300.0,1558.0,1573.92,47.365042164397074,0.002552648372686761,0.013583441138421692,0.0012953367875647714,36.18,0.707,-0.00757344718918374,0.006953555782428784,0.06453927594703636
1556.0,1607.0,1552.0,1566.0,557100.0,879829000.0,1562.4,1576.2,48.305200040235356,-0.005728835136855515,0.002552648372686761,0.013583441138421692,36.18,0.707,-0.006471259992386781,0.006917227697678793,0.06453927594703636
1566.0,1583.0,1561.0,1580.0,336800.0,530871200.0,1569.2,1579.52,51.566038109558455,0.00256081946222797,-0.005728835136855515,0.002552648372686761,36.18,0.707,0.00030388978930309094,0.00732007278834762,0.06453927594703636
1567.0,1582.0,1557.0,1581.0,481100.0,756377100.0,1572.0,1583.16,51.79991473973821,0.008939974457215838,0.00256081946222797,-0.005728835136855515,36.18,0.707,-0.0013643598878193498,0.005248086662724864,0.06453927594703636
1588.0,1608.0,1588.0,1600.0,329500.0,526956300.0,1577.8,1586.88,56.13405176938321,0.0006329113924050667,0.008939974457215838,0.00256081946222797,36.18,0.707,0.008267795926598036,0.0070044295845275014,0.06453927594703636
1580.0,1602.0,1580.0,1596.0,224500.0,357635700.0,1584.6,1590.0,55.01253046616905,0.012017710309930374,0.0006329113924050667,0.008939974457215838,36.18,0.707,0.0037735849056603774,0.005995834342533956,0.06453927594703636
1599.0,1627.0,1591.0,1620.0,273900.0,442958200.0,1595.4,1594.28,60.156249963474245,-0.0024999999999999467,0.012017710309930374,0.0006329113924050667,36.18,0.707,0.01613267431066063,0.007486348268152511,0.06453927594703636
1632.0,1647.0,1622.0,1623.0,342400.0,558473300.0,1604.0,1598.56,60.76020846575475,0.015037593984962516,-0.0024999999999999467,0.012017710309930374,36.18,0.707,0.01528875988389554,0.007655087778031648,0.06453927594703636
1614.0,1624.0,1606.0,1611.0,336600.0,543084500.0,1610.0,1601.6,57.0359465121108,0.0018518518518517713,0.015037593984962516,-0.0024999999999999467,36.18,0.707,0.005869130869130926,0.009521013464197333,0.06453927594703636
1615.0,1632.0,1612.0,1627.0,257000.0,417989500.0,1615.4,1603.96,60.511434137517256,-0.007393715341959317,0.0018518518518517713,0.015037593984962516,36.18,0.707,0.014364447991221703,0.009107784490838065,0.06453927594703636
1622.0,1632.0,1605.0,1616.0,348600.0,563831800.0,1619.4,1605.52,57.09208247278847,0.009931719428926122,-0.007393715341959317,0.0018518518518517713,36.18,0.707,0.006527480193333012,0.0099559820748425,0.06453927594703636
1630.0,1635.0,1615.0,1621.0,285600.0,463624300.0,1619.6,1607.32,58.247013037167264,-0.006760909649661917,0.009931719428926122,-0.007393715341959317,36.18,0.707,0.00851106189184485,0.007278632909162917,0.06453927594703636
1625.0,1626.0,1587.0,1594.0,266400.0,426370100.0,1613.8,1606.68,50.36360995808682,0.0030940594059405413,-0.006760909649661917,0.009931719428926122,36.18,0.707,-0.007892050688376069,0.010280581825775157,0.06453927594703636
1568.0,1593.0,1560.0,1585.0,434800.0,685328200.0,1608.6,1605.08,48.03006241726883,-0.016656384947563274,0.0030940594059405413,-0.006760909649661917,36.18,0.707,-0.012510279861439884,0.010146367469952065,0.06453927594703636
1594.0,1607.0,1588.0,1598.0,325900.0,520122600.0,1602.8,1603.08,51.52397720208188,-0.00564617314930993,-0.016656384947563274,0.0030940594059405413,36.18,0.707,-0.0031688998677545273,0.009601193365307473,0.06453927594703636
1605.0,1623.0,1602.0,1618.0,378500.0,611407200.0,1603.2,1601.4,56.382378856086405,0.008201892744479578,-0.00564617314930993,-0.016656384947563274,36.18,0.707,0.010365929811414954,0.011644146577706918,0.06453927594703636
1626.0,1643.0,1624.0,1638.0,317400.0,518411500.0,1606.6,1600.08,60.63150770897839,0.01251564455569465,0.008201892744479578,-0.00564617314930993,36.18,0.707,0.023698815059247084,0.012872408216143714,0.06453927594703636
1639.0,1645.0,1630.0,1643.0,185300.0,303771600.0,1616.4,1598.64,61.6376690004952,0.012360939431396822,0.01251564455569465,0.008201892744479578,36.18,0.707,0.027748586298353535,0.007616389989175271,0.06453927594703636
1645.0,1657.0,1642.0,1648.0,184700.0,304494700.0,1629.0,1598.08,62.66525158469124,0.0030525030525030417,0.012360939431396822,0.01251564455569465,36.18,0.707,0.03123748498197842,0.004700017685693547,0.06453927594703636
1640.0,1680.0,1640.0,1657.0,271800.0,452000000.0,1640.8,1597.96,64.50813457474018,0.003043213633597164,0.0030525030525030417,0.012360939431396822,36.18,0.707,0.03694710756214171,0.004805152057023472,0.06453927594703636
1668.0,1684.0,1648.0,1650.0,324000.0,537837800.0,1647.2,1602.48,61.946928495448375,0.005461165048543659,0.003043213633597164,0.0030525030525030417,36.18,0.707,0.029654036243822065,0.005947207883639477,0.06453927594703636
1645.0,1662.0,1641.0,1659.0,211400.0,350044600.0,1651.4,1607.08,63.92985700777351,-0.004224502112251005,0.005461165048543659,0.003043213633597164,36.18,0.707,0.03230704134206142,0.003978085011037351,0.06453927594703636
1651.0,1672.0,1650.0,1671.0,157700.0,262697600.0,1657.0,1612.08,66.44088341591201,0.005454545454545379,-0.004224502112251005,0.005461165048543659,36.18,0.707,0.03654905463748702,0.00451175301168627,0.06453927594703636
1664.0,1670.0,1657.0,1660.0,202600.0,336827600.0,1659.4,1615.8,62.16850269797322,0.00723327305605781,0.005454545454545379,-0.004224502112251005,36.18,0.707,0.02735487065230848,0.0063698038863467124,0.06453927594703636
1658.0,1669.0,1635.0,1642.0,283000.0,466493300.0,1656.4,1618.64,55.84073957783593,-0.006582884500299202,0.00723327305605781,0.005454545454545379,36.18,0.707,0.01443186872930355,0.007822483237108378,0.06453927594703636
1650.0,1674.0,1644.0,1674.0,282900.0,471136000.0,1661.2,1623.12,63.04258157200947,-0.010843373493975905,-0.006582884500299202,0.00723327305605781,36.18,0.707,0.03134703533934651,0.012034033411690407,0.06453927594703636
1670.0,1680.0,1658.0,1670.0,212000.0,354320600.0,1663.4,1627.28,61.688268487583514,0.01948842874543244,-0.010843373493975905,-0.006582884500299202,36.18,0.707,0.026252396637333482,0.012136756216188883,0.06453927594703636
1680.0,1680.0,1644.0,1655.0,489500.0,810790100.0,1660.2,1630.28,56.76366295087656,-0.002389486260453988,0.01948842874543244,-0.010843373493975905,36.18,0.707,0.015163039477881116,0.012346717997165791,0.06453927594703636
1661.0,1674.0,1643.0,1643.0,193000.0,319031600.0,1656.8,1632.76,53.11085505864079,-0.008982035928143728,-0.002389486260453988,0.01948842874543244,36.18,0.707,0.006271589210906692,0.012413990869872384,0.06453927594703636
1661.0,1664.0,1649.0,1662.0,260500.0,432273200.0,1660.8,1635.24,57.74713470316328,-0.007250755287009025,-0.008982035928143728,-0.002389486260453988,36.18,0.707,0.01636457033829896,0.012465824588512133,0.06453927594703636
1665.0,1666.0,1620.0,1625.0,400300.0,655367900.0,1651.0,1636.4,47.82916238337832,0.011564211807668867,-0.007250755287009025,-0.008982035928143728,36.18,0.707,-0.00696651185529216,0.012210297154042758,0.06453927594703636
1631.0,1631.0,1616.0,1624.0,193400.0,313995100.0,1641.8,1636.56,47.59125791727119,-0.022262334536702788,0.011564211807668867,-0.007250755287009025,36.18,0.707,-0.007674634599403594,0.012361350459815297,0.06453927594703636
1618.0,1623.0,1602.0,1606.0,359600.0,578512300.0,1632.0,1635.88,43.40604792295555,-0.0006153846153845732,-0.022262334536702788,0.011564211807668867,36.18,0.707,-0.018265398439983437,0.012543356849372468,0.06453927594703636
1596.0,1622.0,1595.0,1618.0,481800.0,775505200.0,1627.0,1636.16,46.7670154024797,-0.011083743842364546,-0.0006153846153845732,-0.022262334536702788,36.18,0.707,-0.011099159006454185,0.013818903287055765,0.06453927594703636
1622.0,1643.0,1591.0,1597.0,643300.0,1035710700.0,1614.0,1634.96,42.05960357048226,0.007471980074719831,-0.011083743842364546,-0.0006153846153845732,36.18,0.707,-0.023217693399226913,0.011527924520074328,0.06453927594703636
1605.0,1606.0,1568.0,1568.0,564800.0,891536200.0,1602.6,1633.04,36.58328584887129,-0.012978986402966575,0.007471980074719831,-0.011083743842364546,36.18,0.707,-0.03982756086807424,0.010333494670467003,0.06453927594703636
1569.0,1578.0,1550.0,1554.0,591400.0,921723000.0,1588.6,1630.36,34.2638901270371,-0.018159048215403928,-0.012978986402966575,0.007471980074719831,36.18,0.707,-0.04683628155744737,0.009683031211364948,0.06453927594703636
1552.0,1558.0,1531.0,1534.0,862900.0,1329753700.0,1574.2,1627.96,31.218832971151485,-0.008928571428571397,-0.018159048215403928,-0.012978986402966575,36.18,0.707,-0.057716405808496546,0.009823257458618305,0.06453927594703636
1528.0,1537.0,1520.0,1525.0,533100.0,813292500.0,1555.6,1625.56,29.929812048125513,-0.012870012870012881,-0.008928571428571397,-0.018159048215403928,36.18,0.707,-0.06186175840940965,0.004647852718473641,0.06453927594703636
1521.0,1526.0,1508.0,1515.0,510900.0,773634100.0,1539.2,1622.24,28.520699601795414,-0.005867014341590648,-0.012870012870012881,-0.008928571428571397,36.18,0.707,-0.06610612486438505,0.005092971050785728,0.06453927594703636
1512.0,1527.0,1507.0,1522.0,648700.0,985310800.0,1530.0,1618.4,30.97065477772385,-0.006557377049180357,-0.005867014341590648,-0.012870012870012881,36.18,0.707,-0.05956500247157692,0.0064973951857799925,0.06453927594703636
1518.0,1521.0,1501.0,1509.0,846300.0,1277371100.0,1521.0,1613.24,28.983812671620612,0.004620462046204699,-0.006557377049180357,-0.005867014341590648,36.18,0.707,-0.06461530832362203,0.0064547498667065235,0.06453927594703636
1500.0,1507.0,1480.0,1483.0,561300.0,837128700.0,1510.8,1606.84,25.465176680269124,-0.00854139290407363,0.004620462046204699,-0.006557377049180357,36.18,0.707,-0.0770705235119862,0.007796418808541366,0.06453927594703636
1475.0,1481.0,1451.0,1458.0,598700.0,873557500.0,1497.4,1599.24,22.621433962587773,-0.01722995361166335,-0.00854139290407363,0.004620462046204699,36.18,0.707,-0.08831695055151198,0.00896007746375614,0.06453927594703636
1455.0,1459.0,1441.0,1459.0,484100.0,703271000.0,1486.2,1591.32,22.99187987296048,-0.01685772083614301,-0.01722995361166335,-0.00854139290407363,36.18,0.707,-0.08315109468868609,0.009965330353864375,0.06453927594703636
1461.0,1471.0,1453.0,1455.0,366300.0,534563300.0,1472.8,1583.52,22.527302563789576,0.000685871056241405,-0.01685772083614301,-0.01722995361166335,36.18,0.707,-0.08116095786602,0.00810323984745929,0.06453927594703636
1464.0,1475.0,1453.0,1454.0,624800.0,912339700.0,1461.8,1575.32,22.40541449747215,-0.002741603838245399,0.000685871056241405,-0.01685772083614301,36.18,0.707,-0.0770129243582256,0.008919266276202634,0.06453927594703636
1468.0,1490.0,1457.0,1476.0,491700.0,725839300.0,1460.4,1567.52,31.222152566468907,-0.0006872852233676952,-0.002741603838245399,0.000685871056241405,36.18,0.707,-0.058385219965295485,0.011375224429920524,0.06453927594703636
1476.0,1497.0,1473.0,1492.0,421400.0,627931100.0,1467.2,1560.8,36.84274093664279,0.015130674002751032,-0.0006872852233676952,-0.002741603838245399,36.18,0.707,-0.044079958995386956,0.007858094709034279,0.06453927594703636
1500.0,1507.0,1486.0,1495.0,298000.0,445480400.0,1474.4,1554.92,37.868002027145245,0.01084010840108407,0.015130674002751032,-0.0006872852233676952,36.18,0.707,-0.038535744604224056,0.00771217878830147,0.06453927594703636
1495.0,1505.0,1491.0,1502.0,351900.0,527491200.0,1483.8,1548.04,40.303143155822205,0.002010723860589758,0.01084010840108407,0.015130674002751032,36.18,0.707,-0.02974083357019196,0.006488163439826296,0.06453927594703636
1480.0,1480.0,1441.0,1441.0,530800.0,771288000.0,1481.2,1538.88,29.46542223098777,0.00468227424749168,0.002010723860589758,0.01084010840108407,36.18,0.707,-0.06360469952173016,0.022411782478607836,0.06453927594703636
1427.0,1449.0,1424.0,1433.0,381100.0,545891400.0,1472.6,1530.0,28.387300076752524,-0.04061251664447407,0.00468227424749168,0.002010723860589758,36.18,0.707,-0.06339869281045751,0.020369857880079282,0.06453927594703636
1453.0,1470.0,1450.0,1465.0,288600.0,421789200.0,1467.2,1522.88,38.137770012635166,-0.005551700208188737,-0.04061251664447407,0.00468227424749168,36.18,0.707,-0.038006934229880295,0.023162842631292892,0.06453927594703636
1472.0,1488.0,1469.0,1482.0,533300.0,789253000.0,1464.6,1515.68,42.608387889300204,0.022330774598743997,-0.005551700208188737,-0.04061251664447407,36.18,0.707,-0.022221049298004898,0.024104192804642762,0.06453927594703636
1465.0,1482.0,1359.0,1359.0,1628600.0,2286125600.0,1436.0,1505.04,27.25896131037794,0.011604095563140016,0.022330774598743997,-0.005551700208188737,44.43,0.726,-0.09703396587466112,0.04297753158072297,0.045147654114448744
1359.0,1412.0,1353.0,1385.0,950000.0,1316567800.0,1424.8,1495.48,32.77210704590654,-0.082995951417004,0.011604095563140016,0.022330774598743997,44.43,0.726,-0.07387594618450265,0.04377987303476322,0.045147654114448744
1385.0,1449.0,1383.0,1422.0,1106900.0,1570859100.0,1422.6,1488.12,39.7682477012751,0.019131714495952856,-0.082995951417004,0.011604095563140016,44.43,0.726,-0.04443190065317306,0.046366159290339,0.045147654114448744
1420.0,1422.0,1392.0,1399.0,599400.0,839630900.0,1409.4,1479.36,37.17819763348702,0.026714801444043257,0.019131714495952856,-0.082995951417004,44.43,0.726,-0.05432078736751021,0.04476658913773719,0.045147654114448744
1390.0,1398.0,1373.0,1381.0,507000.0,701034000.0,1389.2,1470.72,35.24363940638047,-0.016174402250351605,0.026714801444043257,0.019131714495952856,44.43,0.726,-0.06100413402959096,0.043355960201949165,0.045147654114448744
1385.0,1385.0,1371.0,1379.0,384100.0,529223200.0,1393.2,1463.16,35.02555696614404,-0.012866333095067906,-0.016174402250351605,0.026714801444043257,44.43,0.726,-0.05751934169878897,0.019116637991857335,0.045147654114448744
1383.0,1390.0,1373.0,1389.0,678800.0,938505700.0,1394.0,1456.56,37.12064704686686,-0.0014482259232440065,-0.012866333095067906,-0.016174402250351605,44.43,0.726,-0.046383259186027315,0.017270635404391194,0.045147654114448744
1378.0,1378.0,1355.0,1356.0,716600.0,977279300.0,1380.8,1449.44,33.304211640664604,0.007251631617113841,-0.0014482259232440065,-0.012866333095067906,44.43,0.726,-0.06446627663097476,0.012294008197898311,0.045147654114448744
1353.0,1354.0,1328.0,1334.0,917000.0,1226396700.0,1367.8,1441.8,31.014893758324703,-0.023758099352051865,0.007251631617113841,-0.0014482259232440065,44.43,0.726,-0.07476765154667774,0.012300885866161494,0.045147654114448744
1333.0,1345.0,1330.0,1334.0,464100.0,619616400.0,1358.4,1434.56,31.01489375832469,-0.016224188790560423,-0.023758099352051865,0.007251631617113841,44.43,0.726,-0.07009814856123128,0.01273495097242045,0.045147654114448744
1343.0,1367.0,1342.0,1361.0,929700.0,1261281200.0,1354.8,1428.12,37.162890031564494,0.0,-0.016224188790560423,-0.023758099352051865,44.43,0.726,-0.046998851637117256,0.01773912760921215,0.045147654114448744
1391.0,1391.0,1348.0,1354.0,799900.0,1091598100.0,1347.8,1421.92,36.260628290520934,0.020239880059969906,0.0,-0.016224188790560423,44.43,0.726,-0.047766400360076566,0.016881337072849553,0.045147654114448744
1348.0,1372.0,1345.0,1370.0,622900.0,849661800.0,1350.6,1417.4,39.85504865300008,-0.005143277002204294,0.020239880059969906,0.0,44.43,0.726,-0.03344151262875694,0.01428387204033949,0.045147654114448744
1390.0,1390.0,1352.0,1355.0,619200.0,844421500.0,1354.8,1413.28,37.70814658615973,0.011816838995568624,-0.005143277002204294,0.020239880059969906,44.43,0.726,-0.04123740518510131,0.01269496910335826,0.045147654114448744
1358.0,1375.0,1353.0,1375.0,435100.0,593548300.0,1363.0,1409.92,42.180409453851595,-0.010948905109489093,0.011816838995568624,-0.005143277002204294,44.43,0.726,-0.024767362687244717,0.01345996804642029,0.045147654114448744
1380.0,1384.0,1373.0,1382.0,446100.0,615326000.0,1367.2,1407.0,43.70385676999623,0.014760147601476037,-0.010948905109489093,0.011816838995568624,44.43,0.726,-0.017768301350390904,0.010968457584962827,0.045147654114448744
2400.0,2437.0,2386.0,2436.0,124400.0,300415300.0,2384.0,2353.64,45.25412630442626,-0.004583333333333384,0.015228426395939021,0.014157014157014203,266.23,0.541,0.034992607195662946,0.01054471095171046,0.06210340602380722
2453.0,2453.0,2420.0,2430.0,176100.0,429772100.0,2403.8,2361.28,44.635072327689066,0.019673503557974037,-0.004583333333333384,0.015228426395939021,266.23,0.541,0.029102859466052223,0.011106702488871287,0.06210340602380722
2440.0,2444.0,2397.0,2423.0,138700.0,336068700.0,2415.6,2370.88,43.88088849426219,-0.0024630541871921707,0.019673503557974037,-0.004583333333333384,266.23,0.541,0.02198339856930755,0.011506243088073046,0.06210340602380722
2398.0,2406.0,2356.0,2383.0,263300.0,629243600.0,2412.2,2377.0,39.74792066437952,-0.0028806584362139898,-0.0024630541871921707,0.019673503557974037,266.23,0.541,0.002524190155658393,0.013093918910061687,0.06210340602380722
2369.0,2400.0,2348.0,2385.0,205400.0,487788400.0,2411.4,2381.64,40.05195060626787,-0.016508460586050377,-0.0028806584362139898,-0.0024630541871921707,266.23,0.541,0.001410792563107828,0.012983512970040204,0.06210340602380722
2389.0,2423.0,2385.0,2406.0,268900.0,645544700.0,2405.4,2386.2,43.28784577811819,0.0008392782207302663,-0.016508460586050377,-0.0028806584362139898,266.23,0.541,0.00829771184309789,0.009155881717914937,0.06210340602380722
2330.0,2369.0,2320.0,2355.0,170400.0,399567700.0,2390.4,2388.76,37.9327279760092,0.008805031446540879,0.0008392782207302663,-0.016508460586050377,266.23,0.541,-0.014132855540112952,0.012418678985601896,0.06210340602380722
2373.0,2431.0,2373.0,2412.0,105900.0,254676100.0,2388.2,2394.12,45.9767479794938,-0.021197007481296715,0.008805031446540879,0.0008392782207302663,266.23,0.541,0.00746829732845476,0.018593846678378934,0.06210340602380722
2425.0,2432.0,2358.0,2387.0,78800.0,188323700.0,2389.0,2397.84,43.324616515832965,0.02420382165605095,-0.021197007481296715,0.008805031446540879,266.23,0.541,-0.004520735328462343,0.017462499951425722,0.06210340602380722
2375.0,2429.0,2370.0,2403.0,89600.0,215135900.0,2392.6,2399.88,45.49174055673302,-0.01036484245439473,0.02420382165605095,-0.021197007481296715,266.23,0.541,0.001300065003250117,0.017689983650314517,0.06210340602380722
2385.0,2434.0,2361.0,2374.0,117800.0,281629700.0,2386.2,2398.64,42.33220740580493,0.006702974444909859,-0.01036484245439473,0.02420382165605095,266.23,0.541,-0.010272487743054346,0.018033053421089414,0.06210340602380722
2369.0,2369.0,2341.0,2344.0,105200.0,247206700.0,2384.0,2395.36,39.29200503042264,-0.012068248023304196,0.006702974444909859,-0.01036484245439473,266.23,0.541,-0.021441453476721713,0.016124920284942286,0.06210340602380722
2328.0,2344.0,2306.0,2331.0,68400.0,159276700.0,2367.8,2391.44,38.017839668931956,-0.01263689974726201,-0.012068248023304196,0.006702974444909859,266.23,0.541,-0.02527347539557758,0.008037926870955087,0.06210340602380722
2331.0,2364.0,2317.0,2363.0,85100.0,200069200.0,2363.0,2388.56,42.924257009468526,-0.005546075085324231,-0.01263689974726201,-0.012068248023304196,266.23,0.541,-0.0107010081387949,0.011728103213076818,0.06210340602380722
2384.0,2424.0,2379.0,2413.0,70900.0,170714700.0,2365.0,2388.44,49.633101096007294,0.0137280137280138,-0.005546075085324231,-0.01263689974726201,266.23,0.541,0.010282862454154152,0.015556174779572864,0.06210340602380722
2402.0,2413.0,2380.0,2410.0,63500.0,152687100.0,2372.2,2388.6,49.25897548940264,0.021159542953872235,0.0137280137280138,-0.005546075085324231,266.23,0.541,0.008959222975801763,0.013967552154125786,0.06210340602380722
2386.0,2464.0,2376.0,2461.0,92500.0,225992800.0,2395.6,2390.04,55.412111740175774,-0.001243265644426006,0.021159542953872235,0.0137280137280138,266.23,0.541,0.02968987966728592,0.012559874641914359,0.06210340602380722
2455.0,2455.0,2408.0,2410.0,72600.0,176486200.0,2411.4,2390.04,49.0115196312206,0.021161825726141004,-0.001243265644426006,0.021159542953872235,266.23,0.541,0.008351324664022376,0.017907259389034917,0.06210340602380722
2385.0,2451.0,2384.0,2450.0,54700.0,133101500.0,2428.8,2390.08,53.54396035195825,-0.020723283218203936,0.021161825726141004,-0.001243265644426006,266.23,0.541,0.02507029053420809,0.018227257831164738,0.06210340602380722
2430.0,2430.0,2351.0,2359.0,79700.0,189284600.0,2418.0,2390.0,43.96835269819595,0.016597510373443924,-0.020723283218203936,0.021161825726141004,266.23,0.541,-0.01297071129707113,0.02471197652557337,0.06210340602380722
2379.0,2385.0,2311.0,2317.0,60000.0,140157800.0,2399.4,2389.44,40.3790921556008,-0.037142857142857144,0.016597510373443924,-0.020723283218203936,266.23,0.541,-0.03031672693183342,0.02530753977236597,0.06210340602380722
2314.0,2344.0,2307.0,2343.0,93500.0,218350400.0,2375.8,2389.92,43.45630620634069,-0.017804154302670572,-0.037142857142857144,0.016597510373443924,266.23,0.541,-0.019632456316529455,0.02274577256387234,0.06210340602380722
2550.0,2665.0,2253.0,2253.0,955400.0,2275758200.0,2482.4,2409.2,38.83547872662134,0.014434643143544479,-0.0337078651685393,0.01057165231010182,318.13,0.549,-0.06483479993358784,0.052128094835264434,0.06559557856826863
2220.0,2237.0,2145.0,2164.0,593000.0,1303205100.0,2404.4,2400.36,34.91146022240318,-0.10948616600790517,0.014434643143544479,-0.0337078651685393,318.13,0.549,-0.09846856304887605,0.050076868481826985,0.06559557856826863
2133.0,2171.0,2128.0,2136.0,252000.0,539859600.0,2315.4,2389.56,33.75586861387991,-0.039502885042166036,-0.10948616600790517,0.014434643143544479,318.13,0.549,-0.10611158539647464,0.04607850619519015,0.06559557856826863
2150.0,2150.0,2119.0,2135.0,171800.0,366377000.0,2243.6,2380.76,33.71294860967089,-0.012939001848428888,-0.039502885042166036,-0.10948616600790517,318.13,0.549,-0.10322754078529553,0.0488496899553952,0.06559557856826863
2128.0,2178.0,2116.0,2118.0,178000.0,381140200.0,2161.2,2369.0,32.94603364803946,-0.000468164794007464,-0.012939001848428888,-0.039502885042166036,318.13,0.549,-0.10595187842971718,0.044649515002160176,0.06559557856826863
2116.0,2156.0,2110.0,2134.0,118000.0,251699100.0,2137.4,2358.88,34.45726439305801,-0.007962529274004648,-0.000468164794007464,-0.012939001848428888,318.13,0.549,-0.09533337855253345,0.017888657373554682,0.06559557856826863
2154.0,2188.0,2140.0,2182.0,156200.0,339504800.0,2141.0,2350.04,38.90575376505182,0.007554296506137925,-0.007962529274004648,-0.000468164794007464,318.13,0.549,-0.0715051658695171,0.013955105765455882,0.06559557856826863
2173.0,2180.0,2140.0,2160.0,138600.0,299035800.0,2145.8,2341.48,37.64463156390123,0.022492970946579094,0.007554296506137925,-0.007962529274004648,318.13,0.549,-0.07750653432871518,0.013244544674718297,0.06559557856826863
2164.0,2174.0,2126.0,2138.0,158400.0,338460800.0,2146.4,2333.24,36.37484939363058,-0.010082493125572856,0.022492970946579094,0.007554296506137925,318.13,0.549,-0.08367763281959842,0.014414726269658028,0.06559557856826863
2136.0,2150.0,2120.0,2137.0,95400.0,203237400.0,2150.2,2325.48,36.31488783913579,-0.010185185185185186,-0.010082493125572856,0.022492970946579094,318.13,0.549,-0.08104993377711268,0.013704674522912056,0.06559557856826863
2122.0,2135.0,2081.0,2085.0,129700.0,272059300.0,2140.4,2314.36,33.245882964736836,-0.000467726847521055,-0.010185185185185186,-0.010082493125572856,318.13,0.549,-0.09910299175582023,0.017332909794791077,0.06559557856826863
2077.0,2120.0,2075.0,2110.0,54100.0,113949700.0,2126.0,2302.24,36.04430642197502,-0.02433317735142726,-0.000467726847521055,-0.010185185185185186,318.13,0.549,-0.08350128570435741,0.013441109509587327,0.06559557856826863
2125.0,2186.0,2124.0,2172.0,114800.0,248987000.0,2128.4,2292.72,42.4839361698012,0.011990407673860837,-0.02433317735142726,-0.000467726847521055,318.13,0.549,-0.05265361666492193,0.02058568132160966,0.06559557856826863
2179.0,2214.0,2179.0,2187.0,85900.0,188484800.0,2138.2,2281.76,43.95424531767849,0.02938388625592414,0.011990407673860837,-0.02433317735142726,318.13,0.549,-0.04152934576817904,0.019601924430919997,0.06559557856826863
2185.0,2185.0,2146.0,2146.0,57500.0,124056000.0,2140.0,2271.2,40.87822754690923,0.006906077348066253,0.02938388625592414,0.011990407673860837,318.13,0.549,-0.05512504402958781,0.022321667193956986,0.06559557856826863
2125.0,2144.0,2110.0,2129.0,88800.0,188411400.0,2148.8,2258.36,39.639527291231104,-0.018747142203932365,0.006906077348066253,0.02938388625592414,318.13,0.549,-0.05728050443684803,0.01854503942309033,0.06559557856826863
2117.0,2127.0,2095.0,2116.0,109200.0,230762400.0,2150.0,2248.64,38.67441675348216,-0.007921714818266534,-0.018747142203932365,0.006906077348066253,318.13,0.549,-0.05898676533371277,0.018439968198998104,0.06559557856826863
2125.0,2148.0,2112.0,2129.0,54200.0,115182100.0,2141.4,2241.12,40.24129218934605,-0.006106153123532132,-0.007921714818266534,-0.018747142203932365,318.13,0.549,-0.050028557149996385,0.010713488517045643,0.06559557856826863
2135.0,2149.0,2123.0,2128.0,51300.0,109366600.0,2129.6,2232.52,40.15629828351175,0.0061436672967862815,-0.006106153123532132,-0.007921714818266534,318.13,0.549,-0.04681704979126726,0.009254268383132822,0.06559557856826863
2129.0,2142.0,2102.0,2110.0,53300.0,112718200.0,2122.4,2222.84,38.57686952967697,-0.0004697040864255486,0.0061436672967862815,-0.006106153123532132,318.13,0.549,-0.05076388763923635,0.0061850680560162925,0.06559557856826863
2098.0,2103.0,2067.0,2103.0,64900.0,135707900.0,2117.2,2205.24,37.95171413525381,-0.008458646616541388,-0.0004697040864255486,0.0061436672967862815,318.13,0.549,-0.046362300701964315,0.00565677139991117,0.06559557856826863
2096.0,2138.0,2094.0,2136.0,130700.0,277702600.0,2121.2,2188.52,42.66858759117192,-0.0033175355450236754,-0.008458646616541388,-0.0004697040864255486,318.13,0.549,-0.023997952954508062,0.00933223556976786,0.06559557856826863
2150.0,2169.0,2149.0,2153.0,63800.0,137617500.0,2126.0,2171.4,44.98863327513473,0.015691868758915817,-0.0033175355450236754,-0.008458646616541388,318.13,0.549,-0.008473795707838303,0.009569989725436422,0.06559557856826863
2153.0,2166.0,2135.0,2141.0,57200.0,122708600.0,2128.6,2157.28,43.64597616888456,0.007958801498127333,0.015691868758915817,-0.0033175355450236754,318.13,0.549,-0.007546540087517707,0.010188928289555811,0.06559557856826863
2113.0,2145.0,2100.0,2119.0,74000.0,156812900.0,2130.4,2140.84,41.21730865545915,-0.005573618207152853,0.007958801498127333,0.015691868758915817,318.13,0.549,-0.010201603109060063,0.010644420608231871,0.06559557856826863
2135.0,2135.0,2096.0,2097.0,43400.0,91269500.0,2129.2,2134.6,38.88700239146719,-0.010275572162540825,-0.005573618207152853,0.007958801498127333,318.13,0.549,-0.017614541366063857,0.011754669538957185,0.06559557856826863
2104.0,2104.0,2081.0,2086.0,69400.0,144838600.0,2119.2,2131.48,37.738138618203735,-0.010382255781028804,-0.010275572162540825,-0.005573618207152853,318.13,0.549,-0.021337286767879604,0.007494683125999348,0.06559557856826863
2080.0,2125.0,2077.0,2121.0,70400.0,148474900.0,2112.8,2130.88,43.46170612921295,-0.005245588936576007,-0.010382255781028804,-0.010275572162540825,318.13,0.549,-0.004636582069379838,0.011294574399325324,0.06559557856826863
2108.0,2118.0,2085.0,2085.0,70100.0,146823900.0,2101.6,2128.88,39.445119606815005,0.016778523489932917,-0.005245588936576007,-0.010382255781028804,318.13,0.549,-0.020611777084664287,0.012983444770467572,0.06559557856826863
2089.0,2100.0,2080.0,2080.0,68500.0,142991200.0,2093.8,2127.36,38.907303657796476,-0.016973125884017004,0.016778523489932917,-0.005245588936576007,318.13,0.549,-0.022262334536702826,0.012691203187516048,0.06559557856826863
2085.0,2085.0,2034.0,2035.0,121600.0,249268200.0,2081.4,2123.4,34.36585188474068,-0.0023980815347721673,-0.016973125884017004,0.016778523489932917,318.13,0.549,-0.041631345954601155,0.014976641859877534,0.06559557856826863
2020.0,2068.0,2017.0,2053.0,115600.0,236131400.0,2074.8,2118.24,37.508041455669066,-0.02163461538461542,-0.0023980815347721673,-0.016973125884017004,318.13,0.549,-0.030799154014653576,0.016388480777250015,0.06559557856826863
2034.0,2054.0,2020.0,2047.0,79400.0,161864400.0,2060.0,2113.72,36.874332096210956,0.008845208845208896,-0.02163461538461542,-0.0023980815347721673,318.13,0.549,-0.031565202581231105,0.012273016134726101,0.06559557856826863
2083.0,2105.0,2076.0,2076.0,78700.0,164618100.0,2058.2,2111.24,41.977000437169124,-0.002922552362396469,0.008845208845208896,-0.02163461538461542,318.13,0.549,-0.016691612512078107,0.013767561436096674,0.06559557856826863
2076.0,2096.0,2067.0,2094.0,42100.0,87741100.0,2061.0,2109.52,44.95138385665014,0.014167073766487626,-0.002922552362396469,0.008845208845208896,318.13,0.549,-0.007357123895483324,0.014322749210151335,0.06559557856826863
2079.0,2093.0,2066.0,2082.0,89400.0,185774600.0,2070.4,2109.4,43.355737029898336,0.00867052023121384,0.014167073766487626,-0.002922552362396469,318.13,0.549,-0.012989475680288276,0.008506335409076467,0.06559557856826863
2100.0,2100.0,2077.0,2077.0,116500.0,242484600.0,2075.2,2108.08,42.675984709012305,-0.005730659025787954,0.00867052023121384,0.014167073766487626,318.13,0.549,-0.01474327350005689,0.008591652271845177,0.06559557856826863
2089.0,2099.0,2080.0,2098.0,58400.0,122239400.0,2085.4,2105.12,46.4719278752567,-0.0024015369836695166,-0.005730659025787954,0.00867052023121384,318.13,0.549,-0.0033822299916393796,0.008566659511712246,0.06559557856826863
2090.0,2107.0,2088.0,2095.0,78300.0,164194400.0,2089.2,2101.44,46.003267301999436,0.010110736639383777,-0.0024015369836695166,-0.005730659025787954,318.13,0.549,-0.0030645652504949247,0.007089763671511193,0.06559557856826863
2121.0,2121.0,2090.0,2104.0,115200.0,242799900.0,2091.2,2099.76,47.70705990397439,-0.0014299332697806921,0.010110736639383777,-0.0024015369836695166,318.13,0.549,0.002019278393721083,0.006257809681980955,0.06559557856826863
2101.0,2111.0,2098.0,2106.0,75800.0,159420900.0,2096.0,2098.84,48.09897979950911,0.0042959427207636125,-0.0014299332697806921,0.010110736639383777,318.13,0.549,0.003411408206437772,0.005070233571679732,0.06559557856826863
2106.0,2112.0,2096.0,2096.0,48900.0,102783400.0,2099.8,2098.04,46.23318965383163,0.000950570342205248,0.0042959427207636125,-0.0014299332697806921,318.13,0.549,-0.0009723360851079882,0.005686088246922471,0.06559557856826863
2113.0,2115.0,2098.0,2114.0,68500.0,144485500.0,2103.0,2097.44,49.993394411017825,-0.0047483380816714105,0.000950570342205248,0.0042959427207636125,318.13,0.549,0.007895339080021333,0.005147262658692826,0.06559557856826863
2119.0,2138.0,2107.0,2132.0,74600.0,158724100.0,2110.4,2097.6,53.495857337091664,0.00858778625954204,-0.0047483380816714105,0.000950570342205248,318.13,0.549,0.01639969488939745,0.005616907465604574,0.06559557856826863
2129.0,2137.0,2115.0,2135.0,62700.0,133491500.0,2116.6,2098.6,54.07321593785544,0.008514664143803197,0.00858778625954204,-0.0047483380816714105,318.13,0.549,0.017344896597731866,0.005665518664932114,0.06559557856826863
2139.0,2162.0,2138.0,2147.0,53000.0,113951900.0,2124.8,2100.36,56.40473002435842,0.0014071294559099279,0.008514664143803197,0.00858778625954204,318.13,0.549,0.022205717115161148,0.005639953976575695,0.06559557856826863
2158.0,2158.0,2104.0,2105.0,49100.0,103992200.0,2126.6,2099.12,47.34528715550264,0.005620608899297386,0.0014071294559099279,0.008514664143803197,318.13,0.549,0.00280117382522205,0.011814465421684205,0.06559557856826863
2103.0,2105.0,2064.0,2074.0,100700.0,209027500.0,2118.6,2095.96,41.985118707958684,-0.01956217978574759,0.005620608899297386,0.0014071294559099279,318.13,0.549,-0.01047729918509897,0.012602999091254586,0.06559557856826863
2080.0,2086.0,2065.0,2079.0,55700.0,115773100.0,2108.0,2093.48,43.10398079631578,-0.014726840855106893,-0.01956217978574759,0.005620608899297386,318.13,0.549,-0.006916712841775426,0.01135157087823418,0.06559557856826863
2099.0,2118.0,2085.0,2104.0,109500.0,229958200.0,2101.8,2092.88,48.456583845804985,0.0024108003857281624,-0.014726840855106893,-0.01956217978574759,318.13,0.549,0.0053132525515079175,0.013611111819939794,0.06559557856826863
2130.0,2133.0,2104.0,2126.0,85900.0,182236400.0,2097.6,2094.04,52.67581799147523,0.01202501202501205,0.0024108003857281624,-0.014726840855106893,318.13,0.549,0.015262363660675076,0.014505557364378297,0.06559557856826863
2112.0,2141.0,2103.0,2133.0,74300.0,158394900.0,2103.2,2095.92,53.96700660481969,0.010456273764258617,0.01202501202501205,0.0024108003857281624,318.13,0.549,0.01769151494331841,0.010621262068541363,0.06559557856826863
2156.0,2160.0,2136.0,2142.0,78400.0,168394200.0,2116.8,2096.76,55.64272330984484,0.003292568203198565,0.010456273764258617,0.01202501202501205,318.13,0.549,0.021576146053911643,0.004426801482289088,0.06559557856826863
2158.0,2181.0,2152.0,2164.0,112600.0,244035600.0,2133.8,2099.92,59.5217108574446,0.00421940928270037,0.003292568203198565,0.010456273764258617,318.13,0.549,0.030515448207550727,0.00399466076953592,0.06559557856826863
2147.0,2154.0,2120.0,2120.0,110800.0,236334000.0,2137.0,2101.52,50.08764685237696,0.010270774976657293,0.00421940928270037,0.003292568203198565,318.13,0.549,0.0087936350831779,0.012692363290088259,0.06559557856826863
2120.0,2121.0,2076.0,2082.0,150000.0,313426800.0,2128.2,2103.4,43.652633333991304,-0.020332717190388205,0.010270774976657293,0.00421940928270037,318.13,0.549,-0.01017400399353432,0.01400892901789279,0.06559557856826863
2086.0,2090.0,2039.0,2040.0,137400.0,283077100.0,2109.6,2102.88,37.86261640504786,-0.017924528301886844,-0.020332717190388205,0.010270774976657293,318.13,0.549,-0.029901848892946867,0.014822301061880507,0.06559557856826863
2053.0,2060.0,2025.0,2041.0,93400.0,190632500.0,2089.4,2102.64,38.073228456464314,-0.02017291066282423,-0.017924528301886844,-0.020332717190388205,318.13,0.549,-0.029315527146824887,0.014079358090804116,0.06559557856826863
2020.0,2030.0,2004.0,2004.0,100500.0,202512600.0,2057.4,2099.76,33.54301413787124,0.0004901960784313708,-0.02017291066282423,-0.017924528301886844,318.13,0.549,-0.04560521202423144,0.008849496336901996,0.06559557856826863
1998.0,2004.0,1973.0,1988.0,148600.0,295471100.0,2031.0,2095.52,31.781921751044962,-0.018128368446839738,0.0004901960784313708,-0.02017291066282423,318.13,0.549,-0.051309460181720994,0.00878662694781395,0.06559557856826863
1990.0,1994.0,1974.0,1985.0,117500.0,233262500.0,2011.6,2091.64,31.448521256959737,-0.007984031936127733,-0.018128368446839738,0.0004901960784313708,318.13,0.549,-0.050983916926430874,0.009411555181791514,0.06559557856826863
2009.0,2037.0,2000.0,2031.0,92100.0,186720200.0,2009.8,2089.8,41.56998538628382,-0.0015090543259557165,-0.007984031936127733,-0.018128368446839738,318.13,0.549,-0.02813666379557861,0.015238052084812286,0.06559557856826863
2037.0,2069.0,2034.0,2063.0,106900.0,220064900.0,2014.2,2088.4,47.389367390858354,0.023173803526448378,-0.0015090543259557165,-0.007984031936127733,318.13,0.549,-0.01216242099214714,0.016987899480648435,0.06559557856826863
2069.0,2112.0,1927.0,2010.0,322000.0,647498000.0,2015.4,2085.0,40.24081346282319,0.01575578532742483,0.023173803526448378,-0.0015090543259557165,60.57,0.559,-0.03597122302158273,0.019419706569543366,0.03948141525098991
1960.0,1961.0,1908.0,1911.0,230600.0,443432300.0,2000.0,2077.28,30.872637682840647,-0.02569074163839069,0.01575578532742483,0.023173803526448378,60.57,0.559,-0.08004698451821622,0.029966156960292922,0.03948141525098991
1871.0,1884.0,1790.0,1790.0,276700.0,505090400.0,1961.0,2064.64,23.631402713458684,-0.04925373134328359,-0.02569074163839069,0.01575578532742483,60.57,0.559,-0.13302076875387472,0.03842833332001339,0.03948141525098991
1713.0,1722.0,1478.0,1501.0,454000.0,737243900.0,1855.0,2040.84,14.739192120239892,-0.06331763474620622,-0.04925373134328359,-0.02569074163839069,60.57,0.559,-0.2645185315850336,0.06573374706767532,0.03948141525098991
1581.0,1699.0,1581.0,1673.0,269400.0,446522400.0,1777.0,2023.2,31.30647625277092,-0.16145251396648042,-0.06331763474620622,-0.04925373134328359,60.57,0.559,-0.17309213127718467,0.09929590526462806,0.03948141525098991
1645.0,1726.0,1634.0,1681.0,135100.0,228327300.0,1711.2,2005.16,31.968627699122493,0.11459027315123249,-0.16145251396648042,-0.06331763474620622,60.57,0.559,-0.1616629096929921,0.10108453058996021,0.03948141525098991
1650.0,1694.0,1637.0,1642.0,171000.0,283485000.0,1657.4,1985.44,30.428754308876748,0.004781829049611552,0.11459027315123249,-0.16145251396648042,60.57,0.559,-0.1729792892255621,0.10057407694646356,0.03948141525098991
1682.0,1707.0,1642.0,1684.0,148600.0,248748200.0,1636.2,1966.92,34.109639491459035,-0.023200475907198093,0.004781829049611552,0.11459027315123249,60.57,0.559,-0.14383909869237185,0.10012240120023275,0.03948141525098991
1698.0,1739.0,1681.0,1739.0,149500.0,256885100.0,1683.8,1952.28,38.684627348825785,0.025578562728379994,-0.023200475907198093,0.004781829049611552,60.57,0.559,-0.10924662445960619,0.05158608589368239,0.03948141525098991
1735.0,1748.0,1703.0,1716.0,212700.0,365461800.0,1692.4,1937.96,37.511664577491224,0.03266033254156775,0.025578562728379994,-0.023200475907198093,60.57,0.559,-0.11453280769468928,0.02406015446769588,0.03948141525098991
1733.0,1733.0,1709.0,1712.0,104000.0,178725900.0,1698.6,1923.28,37.299843264265725,-0.01322599194939622,0.03266033254156775,0.025578562728379994,60.57,0.559,-0.10985399941766148,0.024308833402493388,0.03948141525098991
1739.0,1765.0,1731.0,1754.0,84000.0,147217400.0,1721.0,1909.28,41.06310605560131,-0.002331002331002363,-0.01322599194939622,0.03266033254156775,60.57,0.559,-0.08132908740467609,0.019997585528979952,0.03948141525098991
1746.0,1761.0,1716.0,1716.0,102900.0,178898400.0,1727.4,1892.88,38.79437177635081,0.02453271028037385,-0.002331002331002363,-0.01322599194939622,60.57,0.559,-0.09344490934449098,0.023656411940843183,0.03948141525098991
1750.0,1750.0,1720.0,1736.0,80600.0,139772200.0,1726.8,1877.0,40.65287203269162,-0.02166476624857472,0.02453271028037385,-0.002331002331002363,60.57,0.559,-0.07511987213638785,0.018622579404681153,0.03948141525098991
1725.0,1742.0,1720.0,1736.0,44400.0,76855500.0,1730.8,1860.76,40.65287203269162,0.011655011655011593,-0.02166476624857472,0.02453271028037385,60.57,0.559,-0.06704787291214342,0.017195639661885868,0.03948141525098991
1745.0,1754.0,1730.0,1751.0,57400.0,100052300.0,1738.6,1844.24,42.18001559492065,0.0,0.011655011655011593,-0.02166476624857472,60.57,0.559,-0.0505574111829263,0.017134794980949372,0.03948141525098991
1761.0,1768.0,1747.0,1752.0,58400.0,102500300.0,1738.2,1829.52,42.28663836338985,0.008640552995391682,0.0,0.011655011655011593,60.57,0.559,-0.04237176964449691,0.01303897345061021,0.03948141525098991
1758.0,1758.0,1727.0,1738.0,78300.0,136218300.0,1742.6,1815.76,41.142764405992956,0.0005711022272987254,0.008640552995391682,0.0,60.57,0.559,-0.04282504295721901,0.007770478326121091,0.03948141525098991
1739.0,1773.0,1738.0,1763.0,55500.0,97714100.0,1748.0,1804.68,44.05312945332357,-0.007990867579908634,0.0005711022272987254,0.008640552995391682,60.57,0.559,-0.023095507236740066,0.00861749289764606,0.03948141525098991
1764.0,1770.0,1753.0,1763.0,47200.0,83055400.0,1753.4,1793.56,44.05312945332357,0.014384349827387899,-0.007990867579908634,0.0005711022272987254,60.57,0.559,-0.017038738598095376,0.00861749289764606,0.03948141525098991
1751.0,1758.0,1736.0,1744.0,58300.0,101900100.0,1752.0,1783.16,42.213290655823926,0.0,0.014384349827387899,-0.007990867579908634,60.57,0.559,-0.021961013033042508,0.009802144685259797,0.03948141525098991
1769.0,1785.0,1760.0,1764.0,104500.0,184779000.0,1754.4,1774.2,44.82546848925476,-0.010777084515031232,0.0,0.014384349827387899,60.57,0.559,-0.0057490700033818315,0.011273687373183199,0.03948141525098991
1792.0,1796.0,1774.0,1778.0,78200.0,139326100.0,1762.4,1765.92,46.64367580759602,0.011467889908256979,-0.010777084515031232,0.0,60.57,0.559,0.006840626981969696,0.010144560112735094,0.03948141525098991
1778.0,1794.0,1778.0,1781.0,64100.0,114426100.0,1766.0,1755.92,47.04637277906042,0.007936507936507908,0.011467889908256979,-0.010777084515031232,60.57,0.559,0.014283110847874576,0.008547147882143577,0.03948141525098991
1746.0,1759.0,1704.0,1719.0,139200.0,240671200.0,1757.2,1742.16,40.280251840841046,0.0016872890888639525,0.007936507936507908,0.011467889908256979,60.57,0.559,-0.013293842127014786,0.018743920488001335,0.03948141525098991
1705.0,1737.0,1685.0,1708.0,94400.0,161584900.0,1750.0,1730.08,39.20299674722025,-0.034811903425042146,0.0016872890888639525,0.007936507936507908,60.57,0.559,-0.012762415610838764,0.01850139979246682,0.03948141525098991
1714.0,1718.0,1678.0,1688.0,93100.0,157744800.0,1734.8,1721.16,37.25225004114285,-0.006399069226294407,-0.034811903425042146,0.0016872890888639525,60.57,0.559,-0.019266076367101304,0.01643809901875427,0.03948141525098991
1658.0,1681.0,1650.0,1677.0,94600.0,157656300.0,1714.6,1716.64,36.18573642586852,-0.011709601873536313,-0.006399069226294407,-0.034811903425042146,60.57,0.559,-0.023091620840712146,0.013858524214129812,0.03948141525098991
1680.0,1684.0,1665.0,1670.0,74700.0,124973200.0,1692.4,1723.4,35.48942598385348,-0.006516587677725116,-0.011709601873536313,-0.006399069226294407,60.57,0.559,-0.03098526169200423,0.012654461894628224,0.03948141525098991
1660.0,1660.0,1608.0,1623.0,108500.0,177143200.0,1673.2,1721.4,31.154595571013857,-0.004174120453190211,-0.006516587677725116,-0.011709601873536313,60.57,0.559,-0.05716277448588363,0.009766236175448001,0.03948141525098991
1676.0,1676.0,1648.0,1672.0,62100.0,103449500.0,1666.0,1721.04,39.457270573419265,-0.028143712574850266,-0.004174120453190211,-0.006516587677725116,60.57,0.559,-0.028494398735648192,0.02131736499294455,0.03948141525098991
1654.0,1676.0,1649.0,1666.0,71200.0,118345300.0,1661.6,1722.0,38.83959891696174,0.030191004313000702,-0.028143712574850266,-0.004174120453190211,60.57,0.559,-0.032520325203252036,0.020895022793823676,0.03948141525098991
1686.0,1686.0,1641.0,1671.0,99100.0,164704600.0,1660.4,1721.48,39.686915314712714,-0.0035885167464114742,0.030191004313000702,-0.028143712574850266,60.57,0.559,-0.029323605269884062,0.020865042059907687,0.03948141525098991
1695.0,1699.0,1680.0,1693.0,67200.0,113523400.0,1665.0,1719.64,43.40236135406471,0.0030012004801920344,-0.0035885167464114742,0.030191004313000702,60.57,0.559,-0.015491614523970191,0.02154068794622724,0.03948141525098991
1707.0,1722.0,1701.0,1711.0,79800.0,136776700.0,1682.6,1719.44,46.31627430512474,0.013165769000598404,0.0030012004801920344,-0.0035885167464114742,60.57,0.559,-0.00490857488484626,0.01274181277566787,0.03948141525098991
1742.0,1756.0,1730.0,1734.0,120900.0,210567500.0,1695.0,1720.32,49.86795333600651,0.010632014176019,0.013165769000598404,0.0030012004801920344,60.57,0.559,0.007952008928571466,0.0074208123833430705,0.03948141525098991
1744.0,1749.0,1728.0,1745.0,77400.0,134765400.0,1710.8,1719.96,51.51992972492375,0.013442431326709636,0.010632014176019,0.013165769000598404,60.57,0.559,0.014558478104141936,0.004535725471300044,0.03948141525098991
1746.0,1763.0,1739.0,1751.0,100900.0,176746500.0,1726.8,1721.36,52.440524915749435,0.006343713956170616,0.013442431326709636,0.010632014176019,60.57,0.559,0.01721894316122142,0.004385249139439464,0.03948141525098991
1769.0,1795.0,1752.0,1783.0,182000.0,322539300.0,1744.8,1723.24,57.11753799019013,0.0034383954154728613,0.006343713956170616,0.013442431326709636,60.57,0.559,0.03467886075067895,0.005836181024903083,0.03948141525098991
1783.0,1783.0,1758.0,1773.0,81400.0,144271000.0,1757.2,1724.72,55.287772920687445,0.01827527127355788,0.0034383954154728613,0.006343713956170616,60.57,0.559,0.0279929495802217,0.009227248037553945,0.03948141525098991
1710.0,1751.0,1709.0,1730.0,75600.0,130579900.0,1756.4,1723.88,48.14552503100364,-0.005608524957936067,0.01827527127355788,0.0034383954154728613,60.57,0.559,0.0035501310996124383,0.01585124639160561,0.03948141525098991
1729.0,1746.0,1724.0,1732.0,92800.0,160813800.0,1753.8,1723.08,48.47890319200126,-0.02425267907501405,-0.005608524957936067,0.01827527127355788,60.57,0.559,0.00517677647004206,0.015467841390664715,0.03948141525098991
1720.0,1760.0,1718.0,1747.0,109800.0,191574600.0,1753.0,1723.44,51.02219487407584,0.0011560693641619046,-0.02425267907501405,-0.005608524957936067,60.57,0.559,0.013670333751102414,0.016041729236824464,0.03948141525098991
1787.0,1792.0,1753.0,1753.0,74000.0,130907500.0,1747.0,1723.04,52.041999122687514,0.008660508083140783,0.0011560693641619046,-0.02425267907501405,60.57,0.559,0.01738787259726996,0.012773066069983666,0.03948141525098991
1753.0,1787.0,1752.0,1787.0,86300.0,153464400.0,1749.8,1724.0,57.44881419149786,0.0034344590726960167,0.008660508083140783,0.0011560693641619046,60.57,0.559,0.03654292343387471,0.016112236060079218,0.03948141525098991
1815.0,1817.0,1789.0,1794.0,91400.0,164388800.0,1762.6,1726.0,58.48651800430302,0.0193953223046206,0.0034344590726960167,0.008660508083140783,60.57,0.559,0.039397450753186555,0.0072849289708224125,0.03948141525098991
1770.0,1791.0,1758.0,1769.0,95400.0,169060300.0,1770.0,1726.2,53.471095978956136,0.003917179630665846,0.0193953223046206,0.0034344590726960167,60.57,0.559,0.024794345962229146,0.012044770329135904,0.03948141525098991
1764.0,1770.0,1743.0,1751.0,91600.0,160604700.0,1770.8,1725.12,50.13736607201189,-0.013935340022296572,0.003917179630665846,0.0193953223046206,60.57,0.559,0.01500185494342429,0.01322551934386084,0.03948141525098991
1758.0,1760.0,1744.0,1757.0,52700.0,92366900.0,1771.6,1724.16,51.22890016117021,-0.010175240248728068,-0.013935340022296572,0.003917179630665846,60.57,0.559,0.019046956198960605,0.01322508864886681,0.03948141525098991
1752.0,1765.0,1744.0,1747.0,62400.0,109367400.0,1763.6,1725.28,49.29215136753478,0.0034266133637921303,-0.010175240248728068,-0.013935340022296572,60.57,0.559,0.012589260873597345,0.008005208881577037,0.03948141525098991
1760.0,1763.0,1735.0,1759.0,60200.0,105602300.0,1756.6,1727.32,51.65416944468141,-0.00569151963574277,0.0034266133637921303,-0.010175240248728068,60.57,0.559,0.018340550679665647,0.008845126976526263,0.03948141525098991
1737.0,1761.0,1729.0,1748.0,61300.0,107086300.0,1752.4,1729.72,49.38333951433497,0.006868918145392033,-0.00569151963574277,0.0034266133637921303,60.57,0.559,0.010568184446037493,0.007176253565276362,0.03948141525098991
1756.0,1772.0,1748.0,1749.0,55800.0,97903300.0,1752.0,1732.6,49.600259479304505,-0.006253553155201819,0.006868918145392033,-0.00569151963574277,60.57,0.559,0.009465543114394605,0.005712248532195556,0.03948141525098991
1768.0,1768.0,1741.0,1752.0,53200.0,93169600.0,1751.0,1735.88,50.288544712955165,0.0005720823798627261,-0.006253553155201819,0.006868918145392033,60.57,0.559,0.009286356199737245,0.005486262077485989,0.03948141525098991
1752.0,1754.0,1735.0,1735.0,44700.0,77942500.0,1748.6,1740.36,46.41991763383235,0.0017152658662091813,0.0005720823798627261,-0.006253553155201819,60.57,0.559,-0.0030798225654461724,0.006604185870249951,0.03948141525098991
1738.0,1749.0,1728.0,1738.0,103800.0,180466100.0,1744.4,1743.0,47.19196653854863,-0.009703196347031984,0.0017152658662091813,0.0005720823798627261,60.57,0.559,-0.002868617326448652,0.005267922840803538,0.03948141525098991
1730.0,1747.0,1720.0,1720.0,57800.0,99918600.0,1738.8,1745.16,43.17236326930414,0.0017291066282421053,-0.009703196347031984,0.0017152658662091813,60.57,0.559,-0.014417016204817943,0.0062488905425512305,0.03948141525098991
1702.0,1715.0,1685.0,1704.0,68600.0,116647000.0,1729.8,1746.48,39.91765340998788,-0.010356731875719172,0.0017291066282421053,-0.009703196347031984,60.57,0.559,-0.024323210114058,0.006315295086608986,0.03948141525098991
1700.0,1708.0,1674.0,1681.0,86700.0,146226200.0,1715.6,1746.0,35.745843227127,-0.009302325581395321,-0.010356731875719172,0.0017291066282421053,60.57,0.559,-0.03722794959908362,0.005804633341775052,0.03948141525098991
1660.0,1708.0,1653.0,1706.0,110400.0,186615000.0,1709.8,1745.8,42.7496555036427,-0.013497652582159625,-0.009302325581395321,-0.010356731875719172,60.57,0.559,-0.022797571314010744,0.01167619382479161,0.03948141525098991
1715.0,1722.0,1702.0,1718.0,74600.0,127785400.0,1705.8,1745.16,45.8033902427817,0.01487209994051164,-0.013497652582159625,-0.009302325581395321,60.57,0.559,-0.015563042930161178,0.012463175810982736,0.03948141525098991
1708.0,1725.0,1691.0,1707.0,383200.0,654058100.0,1703.2,1743.64,43.51220391602163,0.00703399765533419,0.01487209994051164,-0.013497652582159625,60.57,0.559,-0.021013511963478757,0.011934444317126192,0.03948141525098991
1712.0,1760.0,1656.0,1747.0,236500.0,408608000.0,1711.8,1743.48,52.765101592555936,-0.006402793946449381,0.00703399765533419,0.01487209994051164,116.56,0.576,0.0020189506045380397,0.015112218192990017,0.0367306892204897
1677.0,1705.0,1657.0,1690.0,153500.0,259280300.0,1713.6,1739.76,42.1656874411709,0.023432923257176386,-0.006402793946449381,0.00703399765533419,116.56,0.576,-0.02860164620407412,0.02189371190143128,0.0367306892204897
1730.0,1759.0,1705.0,1740.0,120500.0,209333400.0,1720.4,1738.44,51.390116501245195,-0.03262736119061249,0.023432923257176386,-0.006402793946449381,116.56,0.576,0.0008973562504313899,0.024955206526818534,0.0367306892204897
1728.0,1757.0,1725.0,1742.0,80900.0,140947900.0,1725.2,1738.92,51.721819567197414,0.029585798816567976,-0.03262736119061249,0.023432923257176386,116.56,0.576,0.001771214316932307,0.0249271502049007,0.0367306892204897
1742.0,1781.0,1742.0,1768.0,164900.0,291115200.0,1737.4,1740.36,55.93178385734322,0.0011494252873562871,0.029585798816567976,-0.03262736119061249,116.56,0.576,0.015881771587487704,0.02473407502341217,0.0367306892204897
1780.0,1784.0,1727.0,1727.0,87000.0,151965900.0,1733.4,1739.56,48.71729051410196,0.014925373134328401,0.0011494252873562871,0.029585798816567976,116.56,0.576,-0.007220216606498164,0.025889660945934628,0.0367306892204897
1725.0,1728.0,1692.0,1705.0,81400.0,138731700.0,1736.4,1737.64,45.337945669702385,-0.023190045248868807,0.014925373134328401,0.0011494252873562871,116.56,0.576,-0.018784097971962028,0.021098120943815708,0.0367306892204897
1705.0,1730.0,1697.0,1705.0,64200.0,109807300.0,1729.4,1734.36,45.337945669702385,-0.01273885350318471,-0.023190045248868807,0.014925373134328401,116.56,0.576,-0.01692843469637209,0.014537085926387146,0.0367306892204897
1700.0,1726.0,1700.0,1708.0,59500.0,101913800.0,1722.6,1730.92,45.93109615610259,0.0,-0.01273885350318471,-0.023190045248868807,116.56,0.576,-0.01324151318374048,0.014593260701897892,0.0367306892204897
1710.0,1725.0,1699.0,1699.0,55600.0,95056400.0,1708.8,1728.12,44.37539175755588,0.0017595307917888103,0.0,-0.01273885350318471,116.56,0.576,-0.01685068166562501,0.010244952941195908,0.0367306892204897
1704.0,1717.0,1701.0,1713.0,38200.0,65351400.0,1706.0,1726.6,47.36207548720548,-0.005269320843091285,0.0017595307917888103,0.0,116.56,0.576,-0.007876751998146594,0.007877385123032656,0.0367306892204897
1722.0,1748.0,1720.0,1739.0,55400.0,96120100.0,1712.8,1725.88,52.46655598072396,0.008240141259564515,-0.005269320843091285,0.0017595307917888103,116.56,0.576,0.007601919021021097,0.007903574149968758,0.0367306892204897
1755.0,1764.0,1740.0,1759.0,55400.0,97263400.0,1723.6,1726.36,56.00111918693341,0.015178050204319948,0.008240141259564515,-0.005269320843091285,116.56,0.576,0.018906832873792315,0.008125519887217042,0.0367306892204897
1749.0,1774.0,1749.0,1759.0,48900.0,85990100.0,1733.8,1726.36,56.00111918693341,0.011500862564692405,0.015178050204319948,0.008240141259564515,116.56,0.576,0.018906832873792315,0.008403680477441269,0.0367306892204897
1769.0,1781.0,1760.0,1761.0,50300.0,88963400.0,1746.2,1726.88,56.37731866918373,0.0,0.011500862564692405,0.015178050204319948,116.56,0.576,0.01975817659594175,0.006554155568848965,0.0367306892204897
1767.0,1779.0,1761.0,1769.0,64600.0,114404400.0,1757.4,1727.68,57.92693914787802,0.0011370096645821892,0.0,0.011500862564692405,116.56,0.576,0.023916466012224448,0.006617310707686839,0.0367306892204897
1779.0,1782.0,1765.0,1782.0,105200.0,187101200.0,1766.0,1728.88,60.389363301477246,0.004542873367404887,0.0011370096645821892,0.0,116.56,0.576,0.03072509370228118,0.004686827125637804,0.0367306892204897
1769.0,1779.0,1742.0,1758.0,96900.0,170634300.0,1765.8,1729.8,54.09478389055346,0.007348784624081395,0.004542873367404887,0.0011370096645821892,116.56,0.576,0.016302462712452333,0.008020035952021302,0.0367306892204897
1748.0,1748.0,1707.0,1729.0,69700.0,120256600.0,1759.8,1729.44,47.6338749802671,-0.013468013468013518,0.007348784624081395,0.004542873367404887,116.56,0.576,-0.00025441761495053575,0.01086369892477102,0.0367306892204897
1728.0,1750.0,1718.0,1741.0,70400.0,122253900.0,1755.8,1730.28,50.2801557397695,-0.016496018202502793,-0.013468013468013518,0.007348784624081395,116.56,0.576,0.0061955290473218365,0.01174237875146118,0.0367306892204897
1741.0,1749.0,1731.0,1732.0,31500.0,54719200.0,1748.4,1731.4,48.30839577918224,0.006940427993059606,-0.016496018202502793,-0.013468013468013518,116.56,0.576,0.00034654037195328,0.011129989532877596,0.0367306892204897
1730.0,1744.0,1730.0,1733.0,57200.0,99307600.0,1738.6,1733.48,48.54982313347958,-0.005169442848937389,0.006940427993059606,-0.016496018202502793,116.56,0.576,-0.00027689964695296065,0.009698026699112317,0.0367306892204897
1742.0,1773.0,1740.0,1760.0,69200.0,121881500.0,1739.0,1735.64,54.701565080666164,0.0005773672055426893,-0.005169442848937389,0.006940427993059606,116.56,0.576,0.014035168583346719,0.012141542965548056,0.0367306892204897
1750.0,1758.0,1719.0,1725.0,48000.0,83113300.0,1738.2,1735.92,46.877003025483006,0.015579919215233717,0.0005773672055426893,-0.005169442848937389,116.56,0.576,-0.006290612470620807,0.01334785141421769,0.0367306892204897
1733.0,1740.0,1709.0,1717.0,71900.0,123605900.0,1733.4,1736.32,45.282599439412344,-0.019886363636363646,0.015579919215233717,0.0005773672055426893,116.56,0.576,-0.011126981201621785,0.01274872710813486,0.0367306892204897
1711.0,1718.0,1706.0,1707.0,38800.0,66342200.0,1728.4,1734.72,43.300060946840404,-0.004637681159420315,-0.019886363636363646,0.015579919215233717,116.56,0.576,-0.01597952407304927,0.012783650691298224,0.0367306892204897
1723.0,1784.0,1723.0,1777.0,135900.0,238959800.0,1737.2,1738.2,57.36990545691322,-0.0058241118229469535,-0.004637681159420315,-0.019886363636363646,116.56,0.576,0.02232194223909789,0.023651391382005393,0.0367306892204897
1804.0,1819.0,1799.0,1805.0,126600.0,228897300.0,1746.2,1740.8,61.48672500636872,0.04100761570005851,-0.0058241118229469535,-0.004637681159420315,116.56,0.576,0.03687959558823532,0.023670843500639284,0.0367306892204897
1800.0,1813.0,1796.0,1809.0,82600.0,149114000.0,1763.0,1743.48,62.050541481718824,0.015756893640967995,0.04100761570005851,-0.0058241118229469535,116.56,0.576,0.03758001238901506,0.019489927531060804,0.0367306892204897
1815.0,1826.0,1806.0,1806.0,98700.0,179188000.0,1780.8,1745.0,61.3254150192041,0.00221606648199435,0.015756893640967995,0.04100761570005851,116.56,0.576,0.03495702005730659,0.01898074708978993,0.0367306892204897
1799.0,1837.0,1799.0,1819.0,97000.0,176036100.0,1803.2,1748.68,63.32545944079025,-0.0016583747927031434,0.00221606648199435,0.015756893640967995,116.56,0.576,0.04021318937713014,0.017005901421601587,0.0367306892204897
1812.0,1827.0,1802.0,1803.0,68000.0,123260500.0,1808.4,1752.6,59.26326359666868,0.007198228128460604,-0.0016583747927031434,0.00221606648199435,116.56,0.576,0.028757274905854214,0.009244038894102968,0.0367306892204897
1799.0,1799.0,1746.0,1751.0,103900.0,183130200.0,1797.6,1754.44,48.39722970084554,-0.008796041781198416,0.007198228128460604,-0.0016583747927031434,116.56,0.576,-0.001960739609220067,0.01405404564189871,0.0367306892204897
1755.0,1773.0,1749.0,1760.0,57800.0,101683300.0,1787.8,1756.52,50.10248063396393,-0.028840820854131977,-0.008796041781198416,0.007198228128460604,116.56,0.576,0.001981190080386229,0.014532806332285184,0.0367306892204897
1744.0,1785.0,1740.0,1779.0,77200.0,136428600.0,1782.4,1759.72,53.58929792950437,0.0051399200456880845,-0.028840820854131977,-0.008796041781198416,116.56,0.576,0.010956288500443237,0.016293169535333583,0.0367306892204897
1779.0,1779.0,1745.0,1761.0,213900.0,376251600.0,1770.8,1761.64,50.02295449824903,0.010795454545454497,0.0051399200456880845,-0.028840820854131977,116.56,0.576,-0.0003632978361073205,0.015427266484982152,0.0367306892204897
1777.0,1777.0,1755.0,1771.0,57600.0,101929900.0,1764.4,1762.92,51.936643537535794,-0.010118043844856706,0.010795454545454497,0.0051399200456880845,116.56,0.576,0.004583304971297579,0.0161957222702058,0.0367306892204897
1771.0,1797.0,1771.0,1794.0,42200.0,75434700.0,1773.0,1764.32,56.100299769024325,0.005678591709256109,-0.010118043844856706,0.010795454545454497,116.56,0.576,0.016822345152806784,0.009032739240035219,0.0367306892204897
1797.0,1804.0,1789.0,1802.0,64400.0,115715000.0,1781.4,1766.04,57.48004960965766,0.01298701298701288,0.005678591709256109,-0.010118043844856706,116.56,0.576,0.02036193970691493,0.009033283840187822,0.0367306892204897
1809.0,1837.0,1806.0,1830.0,105100.0,191562900.0,1791.6,1768.8,61.983669422716105,0.004459308807134965,0.01298701298701288,0.005678591709256109,116.56,0.576,0.034599728629579406,0.010020508969583114,0.0367306892204897
1834.0,1842.0,1822.0,1836.0,66500.0,121832500.0,1806.6,1771.48,62.89071571556072,0.015538290788013276,0.004459308807134965,0.01298701298701288,116.56,0.576,0.0364215232460993,0.005503593135827398,0.0367306892204897
1850.0,1872.0,1836.0,1836.0,69200.0,127830200.0,1819.6,1773.64,62.89071571556072,0.003278688524590123,0.015538290788013276,0.004459308807134965,116.56,0.576,0.035159333348368266,0.0066657861311435395,0.0367306892204897
1876.0,1910.0,1865.0,1898.0,175500.0,331461500.0,1840.4,1779.24,71.14220303488875,0.0,0.003278688524590123,0.015538290788013276,116.56,0.576,0.06674760009891863,0.013798450286184883,0.0367306892204897
1910.0,1911.0,1856.0,1856.0,177100.0,331411400.0,1851.2,1784.32,61.212582640681696,0.03376906318082784,0.0,0.003278688524590123,116.56,0.576,0.04017216642754667,0.020595383112987795,0.0367306892204897
1869.0,1890.0,1865.0,1876.0,98400.0,184815500.0,1860.4,1789.72,63.803409492227225,-0.02212855637513167,0.03376906318082784,0.0,116.56,0.576,0.04820865833761704,0.020154679619002854,0.0367306892204897
1887.0,1890.0,1871.0,1881.0,111200.0,209380500.0,1869.4,1795.68,64.44284857857582,0.010775862068965525,-0.02212855637513167,0.03376906318082784,116.56,0.576,0.04751403368083396,0.02017069593329346,0.0367306892204897
1899.0,1926.0,1893.0,1915.0,184600.0,353248200.0,1885.2,1802.96,68.51587094359543,0.0026652452025586193,0.010775862068965525,-0.02212855637513167,116.56,0.576,0.062142254958512645,0.020660721285741982,0.0367306892204897
1950.0,1950.0,1908.0,1921.0,160000.0,307956600.0,1889.8,1809.4,69.18665948254093,0.018075491759702356,0.0026652452025586193,0.010775862068965525,116.56,0.576,0.06167790427766105,0.015149915283563515,0.0367306892204897
1952.0,1952.0,1925.0,1931.0,86000.0,166652200.0,1904.8,1817.64,70.32158682575795,0.0031331592689294308,0.018075491759702356,0.0026652452025586193,116.56,0.576,0.06236658524240218,0.0065032887240652594,0.0367306892204897
1934.0,1948.0,1905.0,1910.0,102100.0,195868000.0,1911.6,1825.36,64.9143663695854,0.005205622071837501,0.0031331592689294308,0.018075491759702356,116.56,0.576,0.0463689354428716,0.010280229668874067,0.0367306892204897
1913.0,1928.0,1905.0,1925.0,74000.0,141853800.0,1920.4,1834.08,66.87372811230537,-0.010875194199896465,0.005205622071837501,0.0031331592689294308,116.56,0.576,0.04957253773008815,0.010418046087008165,0.0367306892204897
1925.0,1938.0,1921.0,1926.0,66900.0,129071800.0,1922.6,1840.04,67.0060139982007,0.007853403141361293,-0.010875194199896465,0.005205622071837501,116.56,0.576,0.04671637573096239,0.007251171623809328,0.0367306892204897
1934.0,1951.0,1930.0,1943.0,54700.0,106068700.0,1927.0,1845.56,69.25385323972236,0.0005194805194805863,0.007853403141361293,-0.010875194199896465,116.56,0.576,0.0527969830295412,0.00804106697758802,0.0367306892204897
1940.0,1956.0,1935.0,1945.0,61400.0,119605000.0,1929.8,1851.0,69.51697350842016,0.008826583592938642,0.0005194805194805863,0.007853403141361293,116.56,0.576,0.050783360345759046,0.007879857978222323,0.0367306892204897
1950.0,1950.0,1921.0,1921.0,86600.0,167057300.0,1932.0,1855.6,62.59443670914579,0.0010293360782296368,0.008826583592938642,0.0005194805194805863,116.56,0.576,0.03524466479844799,0.00845925293690944,0.0367306892204897
1934.0,1948.0,1920.0,1939.0,80600.0,156009800.0,1934.8,1860.4,65.37901707867601,-0.012339331619537264,0.0010293360782296368,0.008826583592938642,116.56,0.576,0.042248978714254946,0.008779605546740293,0.0367306892204897
1947.0,1961.0,1941.0,1954.0,47400.0,92480800.0,1940.4,1866.44,67.54712161260022,0.00937011972930768,-0.012339331619537264,0.0010293360782296368,116.56,0.576,0.0469128394162148,0.00916660818600238,0.0367306892204897
1956.0,1971.0,1946.0,1952.0,91900.0,179838400.0,1942.2,1874.48,66.945139901125,0.0077359463641051285,0.00937011972930768,-0.012339331619537264,116.56,0.576,0.04135546925013869,0.008623440116566995,0.0367306892204897
1960.0,1982.0,1952.0,1978.0,90000.0,177583400.0,1948.8,1883.2,70.61185119395286,-0.0010235414534288667,0.0077359463641051285,0.00937011972930768,116.56,0.576,0.050339847068819006,0.010248611418853715,0.0367306892204897
1971.0,2002.0,1971.0,2002.0,117100.0,233555600.0,1965.0,1892.12,73.53066868340059,0.013319672131147486,-0.0010235414534288667,0.0077359463641051285,116.56,0.576,0.05807242669598129,0.00566312788868208,0.0367306892204897
1997.0,2016.0,1901.0,1905.0,305500.0,596690000.0,1958.2,1897.88,51.337668138481874,0.01213346814964611,0.013319672131147486,-0.0010235414534288667,210.2,0.582,0.003751554365924026,0.025884517501733647,0.04034126597864384
1902.0,1905.0,1871.0,1886.0,251800.0,476415000.0,1944.6,1902.48,48.264795709921245,-0.04845154845154842,0.01213346814964611,0.013319672131147486,210.2,0.582,-0.008662377528278888,0.025206988568575124,0.04034126597864384
1921.0,1943.0,1910.0,1942.0,147600.0,285160300.0,1942.6,1908.4,56.52462127621457,-0.009973753280839937,-0.04845154845154842,0.01213346814964611,210.2,0.582,0.017606371829805022,0.030212392189405458,0.04034126597864384
1940.0,1961.0,1923.0,1958.0,94300.0,183582800.0,1938.6,1914.64,58.560338922653656,0.02969247083775195,-0.009973753280839937,-0.04845154845154842,210.2,0.582,0.022646554965946548,0.02970602950173066,0.04034126597864384
1979.0,1979.0,1963.0,1977.0,68200.0,134566000.0,1933.6,1920.52,60.90160818520526,0.008238928939237944,0.02969247083775195,-0.009973753280839937,210.2,0.582,0.02940870180992649,0.029442439866959682,0.04034126597864384
1977.0,1981.0,1957.0,1976.0,76400.0,150604900.0,1947.8,1926.12,60.70720361101156,0.009703779366700749,0.008238928939237944,0.02969247083775195,210.2,0.582,0.025896621186634328,0.014725062463252657,0.04034126597864384
1973.0,1974.0,1948.0,1965.0,64100.0,125664300.0,1963.6,1931.28,58.49525160148709,-0.0005058168942843055,0.009703779366700749,0.008238928939237944,210.2,0.582,0.017459922952653178,0.013504091512304644,0.04034126597864384
1994.0,1998.0,1949.0,1954.0,83700.0,164293900.0,1966.0,1933.52,56.28660999863988,-0.005566801619433237,-0.0005058168942843055,0.009703779366700749,210.2,0.582,0.01059208076461584,0.007361346832947331,0.04034126597864384
1952.0,1961.0,1940.0,1943.0,121300.0,236275900.0,1963.0,1937.0,54.08730889462258,-0.005597964376590325,-0.005566801619433237,-0.0005058168942843055,210.2,0.582,0.003097573567372225,0.0066501126694339455,0.04034126597864384
1950.0,1953.0,1936.0,1947.0,82900.0,161294800.0,1957.0,1939.84,54.779250343275,-0.005629477993858711,-0.005597964376590325,-0.005566801619433237,210.2,0.582,0.003691026064005321,0.0036073364004323392,0.04034126597864384
1946.0,1966.0,1940.0,1956.0,61400.0,119997700.0,1953.0,1942.84,56.37243025002439,0.0020586721564590515,-0.005629477993858711,-0.005597964376590325,210.2,0.582,0.00677358917872809,0.00497916282210682,0.04034126597864384
1953.0,2002.0,1944.0,1984.0,135500.0,268016500.0,1956.8,1945.6,60.97850680737367,0.0046224961479199855,0.0020586721564590515,-0.005629477993858711,210.2,0.582,0.019736842105263205,0.008283502935882469,0.04034126597864384
1979.0,2005.0,1976.0,1983.0,68600.0,136595700.0,1962.6,1948.08,60.73189514194861,0.014314928425357865,0.0046224961479199855,0.0020586721564590515,210.2,0.582,0.017925341875077036,0.007387295735701224,0.04034126597864384
1997.0,1999.0,1957.0,1969.0,63100.0,124422100.0,1967.8,1949.6,57.241606352321476,-0.0005040322580645018,0.014314928425357865,0.0046224961479199855,210.2,0.582,0.009950759130078013,0.00781883225665439,0.04034126597864384
1968.0,1977.0,1944.0,1960.0,60300.0,117913100.0,1970.4,1951.6,55.05126894625325,-0.007060010085728652,-0.0005040322580645018,0.014314928425357865,210.2,0.582,0.004304160688665757,0.008485578886763913,0.04034126597864384
1950.0,1958.0,1927.0,1956.0,66300.0,129174200.0,1970.4,1952.84,54.06115160872028,-0.004570848146267181,-0.007060010085728652,-0.0005040322580645018,210.2,0.582,0.0016181561213412681,0.008367626220656465,0.04034126597864384
1938.0,1948.0,1919.0,1948.0,83800.0,162162700.0,1963.2,1953.72,52.045045422378124,-0.0020408163265306367,-0.004570848146267181,-0.007060010085728652,210.2,0.582,-0.0029277480908216262,0.0025078002319560483,0.04034126597864384
1958.0,1983.0,1958.0,1975.0,63100.0,124402500.0,1961.6,1955.0,57.76925252727527,-0.004089979550102263,-0.0020408163265306367,-0.004570848146267181,210.2,0.582,0.010230179028132993,0.008376978882023354,0.04034126597864384
1960.0,1978.0,1951.0,1959.0,122500.0,240365800.0,1959.6,1955.56,53.68007583267709,0.01386036960985626,-0.004089979550102263,-0.0020408163265306367,210.2,0.582,0.0017590869111661388,0.00858254230446619,0.04034126597864384
1988.0,2002.0,1975.0,1988.0,88400.0,176022600.0,1965.2,1958.24,59.30302271664369,-0.008101265822784809,0.01386036960985626,-0.004089979550102263,210.2,0.582,0.015197320042487127,0.010678491543516444,0.04034126597864384
1981.0,1986.0,1962.0,1982.0,70400.0,139307500.0,1970.4,1959.96,57.741241502341545,0.014803471158754578,-0.008101265822784809,0.01386036960985626,210.2,0.582,0.011245127451580626,0.010799483573861682,0.04034126597864384
1982.0,1989.0,1962.0,1975.0,199200.0,393336700.0,1975.8,1960.8,55.89187281711806,-0.003018108651911433,0.014803471158754578,-0.008101265822784809,210.2,0.582,0.007241942064463508,0.010714412761882477,0.04034126597864384
1988.0,1999.0,1965.0,1978.0,174000.0,344469900.0,1976.4,1961.84,56.534399203191036,-0.003531786074672083,-0.003018108651911433,0.014803471158754578,210.2,0.582,0.008237165110304654,0.008776451933549775,0.04034126597864384
1970.0,1973.0,1954.0,1969.0,220900.0,433928800.0,1978.4,1961.48,53.99331934106195,0.0015189873417722488,-0.003531786074672083,-0.003018108651911433,210.2,0.582,0.0038338397536553936,0.008035555438264296,0.04034126597864384
1973.0,1984.0,1949.0,1967.0,280400.0,550303100.0,1974.2,1960.08,53.418712071955866,-0.0045500505561172355,0.0015189873417722488,-0.003531786074672083,210.2,0.582,0.003530468144157419,0.002406579144578914,0.04034126597864384
1955.0,1969.0,1935.0,1969.0,164800.0,322014900.0,1971.6,1962.64,53.94652278204429,-0.001015744032503818,-0.0045500505561172355,0.0015189873417722488,210.2,0.582,0.003240533159417876,0.0026896969789624308,0.04034126597864384
1964.0,1977.0,1955.0,1975.0,109000.0,214583600.0,1971.6,1966.2,55.57289757094736,0.0010167768174884628,-0.001015744032503818,-0.0045500505561172355,210.2,0.582,0.004475638287051141,0.0029309306508537533,0.04034126597864384
1963.0,1971.0,1940.0,1958.0,197500.0,386195300.0,1967.6,1966.84,50.16710248381002,0.003047232097511454,0.0010167768174884628,-0.001015744032503818,210.2,0.582,-0.004494519127127737,0.0046288478557039775,0.04034126597864384
1961.0,1968.0,1952.0,1958.0,103700.0,203211800.0,1965.4,1966.84,50.16710248381002,-0.008607594936708818,0.003047232097511454,0.0010167768174884628,210.2,0.582,-0.004494519127127737,0.004451422664619903,0.04034126597864384
1970.0,2007.0,1969.0,1996.0,152500.0,302736900.0,1971.2,1967.6,60.2029021360192,0.0,-0.008607594936708818,0.003047232097511454,210.2,0.582,0.014433828013823995,0.010208770104458899,0.04034126597864384
2005.0,2021.0,1998.0,2000.0,135500.0,271980700.0,1977.4,1968.56,61.09117228427652,0.019407558733401498,0.0,-0.008607594936708818,210.2,0.582,0.015971065144064725,0.010170958227823535,0.04034126597864384
2015.0,2027.0,2009.0,2027.0,143800.0,290348500.0,1987.8,1971.04,66.52281346750263,0.002004008016031955,0.019407558733401498,0.0,210.2,0.582,0.028391103173958945,0.011165015540610283,0.04034126597864384
2015.0,2029.0,2007.0,2007.0,171900.0,346552800.0,1997.6,1973.16,59.85706033459,0.013500000000000068,0.002004008016031955,0.019407558733401498,210.2,0.582,0.01715015508118952,0.011563141930425524,0.04034126597864384
2014.0,2015.0,1984.0,1998.0,229000.0,458586900.0,2005.6,1975.36,57.085029579512195,-0.009866798223976292,0.013500000000000068,0.002004008016031955,210.2,0.582,0.011461202008747824,0.012204871459909295,0.04034126597864384
2005.0,2018.0,1995.0,2018.0,152400.0,305978300.0,2010.0,1978.2,61.366730190674396,-0.004484304932735439,-0.009866798223976292,0.013500000000000068,210.2,0.582,0.02011930037407742,0.009734049937914461,0.04034126597864384
2023.0,2023.0,2003.0,2015.0,213400.0,430101400.0,2013.0,1980.56,60.39337197197313,0.010010010010010006,-0.004484304932735439,-0.009866798223976292,210.2,0.582,0.017389021286908782,0.009878641641826613,0.04034126597864384
1999.0,2030.0,1993.0,2030.0,350500.0,703795900.0,2013.6,1982.4,63.50988956161701,-0.0014866204162536922,0.010010010010010006,-0.004484304932735439,210.2,0.582,0.0240112994350282,0.008288035069728434,0.04034126597864384
1958.0,1965.0,1929.0,1959.0,238500.0,465593200.0,2004.0,1981.44,45.32856689295853,0.007444168734491274,-0.0014866204162536922,0.010010010010010006,210.2,0.582,-0.011325096899224833,0.017964099927720585,0.04034126597864384
1922.0,1926.0,1875.0,1881.0,165900.0,313527800.0,1980.6,1977.92,33.86033818079892,-0.03497536945812807,0.007444168734491274,-0.0014866204162536922,210.2,0.582,-0.04900097071671254,0.023845236534225746,0.04034126597864384
1905.0,1914.0,1894.0,1902.0,82500.0,156936700.0,1957.4,1975.6,38.380479828282134,-0.039816232771822335,-0.03497536945812807,0.007444168734491274,210.2,0.582,-0.03725450496051828,0.024112833071009223,0.04034126597864384
1891.0,1900.0,1878.0,1895.0,101500.0,191861200.0,1933.4,1973.16,37.461432485999914,0.011164274322169154,-0.039816232771822335,-0.03497536945812807,210.2,0.582,-0.03961158750430785,0.02390336160600269,0.04034126597864384
1826.0,1839.0,1814.0,1839.0,145300.0,265771100.0,1895.2,1968.8,31.054786805130334,-0.003680336487907443,0.011164274322169154,-0.039816232771822335,210.2,0.582,-0.06592848435595285,0.02204396386570308,0.04034126597864384
1765.0,1785.0,1725.0,1765.0,270800.0,475369700.0,1856.4,1960.4,24.976217536006175,-0.029551451187335043,-0.003680336487907443,0.011164274322169154,210.2,0.582,-0.0996735360130586,0.023076952491096068,0.04034126597864384
1645.0,1671.0,1588.0,1643.0,242100.0,397223700.0,1808.8,1947.76,18.53488733584625,-0.04023926046764548,-0.029551451187335043,-0.003680336487907443,210.2,0.582,-0.15646691584178749,0.03143963500266709,0.04034126597864384
1723.0,1781.0,1704.0,1730.0,150400.0,261492700.0,1774.4,1937.44,32.00237907647417,-0.0691218130311615,-0.04023926046764548,-0.029551451187335043,210.2,0.582,-0.10706912214055664,0.046045255007897405,0.04034126597864384
1701.0,1724.0,1669.0,1698.0,131100.0,222191700.0,1735.0,1926.08,30.035552408093622,0.05295191722458914,-0.0691218130311615,-0.04023926046764548,210.2,0.582,-0.11841668051171288,0.04537090768450103,0.04034126597864384
1802.0,1811.0,1771.0,1779.0,105700.0,188797900.0,1723.0,1918.24,40.07503509957749,-0.018497109826589586,0.05295191722458914,-0.0691218130311615,210.2,0.582,-0.07258737175744433,0.054015422694263404,0.04034126597864384
1740.0,1779.0,1704.0,1768.0,115300.0,200881500.0,1723.6,1909.84,39.25131347065909,0.04770318021201403,-0.018497109826589586,0.05295191722458914,210.2,0.582,-0.07426800150797969,0.0505675466564174,0.04034126597864384
1803.0,1804.0,1771.0,1802.0,63200.0,113568100.0,1755.4,1903.16,43.14152050771594,-0.006183249016301295,0.04770318021201403,-0.018497109826589586,210.2,0.582,-0.05315370226360373,0.03168942773867077,0.04034126597864384
1808.0,1815.0,1795.0,1801.0,79300.0,142970400.0,1769.6,1896.52,43.05419180064631,0.019230769230769162,-0.006183249016301295,0.04770318021201403,210.2,0.582,-0.05036593339379494,0.025876359748597515,0.04034126597864384
1821.0,1824.0,1801.0,1808.0,61600.0,111490400.0,1791.6,1890.08,43.91010346509197,-0.0005549389567147678,0.019230769230769162,-0.006183249016301295,210.2,0.582,-0.04342673325996779,0.02166650610924386,0.04034126597864384
1818.0,1837.0,1816.0,1837.0,65700.0,120308200.0,1803.2,1884.56,47.43501612685188,0.0038867295946696245,-0.0005549389567147678,0.019230769230769162,210.2,0.582,-0.02523666001613106,0.010846030977789127,0.04034126597864384
1847.0,1880.0,1847.0,1875.0,58200.0,108894600.0,1824.6,1881.24,51.71684806416587,0.016039823008849652,0.0038867295946696245,-0.0005549389567147678,210.2,0.582,-0.0033169611532818826,0.00958383286302426,0.04034126597864384
1872.0,1880.0,1853.0,1871.0,54400.0,101615200.0,1838.4,1877.76,51.243659439256945,0.020685900925421885,0.016039823008849652,0.0038867295946696245,210.2,0.582,-0.0036000340831629125,0.010216401641752042,0.04034126597864384
1871.0,1887.0,1870.0,1886.0,67700.0,127147800.0,1855.4,1873.36,52.98102556941882,-0.0021333333333333204,0.020685900925421885,0.016039823008849652,210.2,0.582,0.006747234914805537,0.009175161894115068,0.04034126597864384
1909.0,1918.0,1886.0,1897.0,71800.0,136566300.0,1873.2,1869.24,54.267990300113915,0.00801710315339399,-0.0021333333333333204,0.020685900925421885,210.2,0.582,0.014850955468532661,0.008926093298023605,0.04034126597864384
1908.0,1925.0,1893.0,1894.0,65600.0,125044700.0,1884.6,1863.92,53.83520439107945,0.005832449628844216,0.00801710315339399,-0.0021333333333333204,210.2,0.582,0.016138031675179153,0.009263735376741775,0.04034126597864384
1912.0,1920.0,1895.0,1907.0,42000.0,80004300.0,1891.0,1859.92,55.49165172499943,-0.001581444385872377,0.005832449628844216,0.00801710315339399,210.2,0.582,0.025312916684588543,0.004864791686996626,0.04034126597864384
1916.0,1931.0,1910.0,1922.0,101600.0,195354800.0,1901.2,1856.88,57.39140214043478,0.006863780359028571,-0.001581444385872377,0.005832449628844216,210.2,0.582,0.03506957907888495,0.003999981885825672,0.04034126597864384
1902.0,2021.0,1863.0,2006.0,346800.0,685151500.0,1925.2,1856.4,66.11403572806913,0.007865757734661694,0.006863780359028571,-0.001581444385872377,248.3,0.575,0.08058608058608054,0.017816417008038918,0.047489693324123665
1956.0,1981.0,1931.0,1961.0,126900.0,248130700.0,1938.0,1854.24,59.130435432037785,0.04370447450572312,0.007865757734661694,0.006863780359028571,248.3,0.575,0.0575761497972215,0.02391570801020233,0.047489693324123665
1962.0,1965.0,1938.0,1949.0,128000.0,249490900.0,1949.0,1851.0,57.38954318946645,-0.02243270189431701,0.04370447450572312,0.007865757734661694,248.3,0.575,0.05294435440302539,0.024398506109563366,0.047489693324123665
1952.0,1960.0,1939.0,1959.0,87800.0,171520800.0,1959.4,1851.0,58.486411590666194,-0.006119326874043818,-0.02243270189431701,0.04370447450572312,248.3,0.575,0.05834683954619125,0.024395057416033105,0.047489693324123665
1959.0,1965.0,1931.0,1931.0,61100.0,118655600.0,1961.2,1853.0,54.273621217564504,0.005130836326321164,-0.006119326874043818,-0.02243270189431701,248.3,0.575,0.042093901780895844,0.025856296175485103,0.047489693324123665
1931.0,1944.0,1916.0,1920.0,67900.0,130677900.0,1944.0,1853.72,52.668581326337225,-0.01429300663603883,0.005130836326321164,-0.006119326874043818,248.3,0.575,0.03575513022462938,0.010330052858483485,0.047489693324123665
1928.0,1967.0,1928.0,1958.0,72500.0,141580900.0,1943.4,1856.24,57.35986015825633,-0.005696530295183799,-0.01429300663603883,0.005130836326321164,248.3,0.575,0.05482049734948066,0.01315238303454685,0.047489693324123665
1979.0,1989.0,1950.0,1966.0,51100.0,100537500.0,1946.8,1861.32,58.296990913713714,0.019791666666666652,-0.005696530295183799,-0.01429300663603883,248.3,0.575,0.05623965787720546,0.012798458781528688,0.047489693324123665
1950.0,1974.0,1923.0,1964.0,43800.0,85577800.0,1947.8,1869.28,57.9540729580198,0.004085801838610736,0.019791666666666652,-0.005696530295183799,248.3,0.575,0.05067191645981342,0.012693808700211629,0.047489693324123665
1944.0,1952.0,1928.0,1931.0,28000.0,54172700.0,1947.8,1880.8,52.4697649935647,-0.0010172939979654627,0.004085801838610736,0.019791666666666652,248.3,0.575,0.02669076988515528,0.013455344863386252,0.047489693324123665
1931.0,1936.0,1906.0,1932.0,50800.0,97736500.0,1950.2,1888.88,52.61609703946361,-0.016802443991853377,-0.0010172939979654627,0.004085801838610736,248.3,0.575,0.02282834272161275,0.013070781804764233,0.047489693324123665
1932.0,1934.0,1917.0,1922.0,38700.0,74502400.0,1943.0,1897.84,50.92757338278256,0.0005178663904712444,-0.016802443991853377,-0.0010172939979654627,248.3,0.575,0.012730261771276863,0.008053822909252708,0.047489693324123665
1922.0,1930.0,1906.0,1910.0,40200.0,76954400.0,1931.8,1903.08,48.899611185613196,-0.005175983436852993,0.0005178663904712444,-0.016802443991853377,248.3,0.575,0.0036362107741135805,0.006789956607098187,0.047489693324123665
1920.0,1933.0,1903.0,1911.0,45900.0,87802300.0,1921.2,1908.8,49.08157509970551,-0.00624349635796051,-0.005175983436852993,0.0005178663904712444,248.3,0.575,0.0011525565800503171,0.007086617508322584,0.047489693324123665
1900.0,1907.0,1887.0,1895.0,49100.0,93227000.0,1914.0,1912.52,46.24416153264386,0.0005235602094240122,-0.00624349635796051,-0.005175983436852993,248.3,0.575,-0.009160688515675643,0.004065009138295234,0.047489693324123665
1896.0,1910.0,1893.0,1909.0,46200.0,88019500.0,1909.4,1916.84,49.021227886474875,-0.008372579801151248,0.0005235602094240122,-0.00624349635796051,248.3,0.575,-0.004090064898478704,0.006373713020670868,0.047489693324123665
1915.0,1937.0,1915.0,1922.0,41300.0,79405900.0,1909.4,1921.4,51.52545853310232,0.0073878627968337884,-0.008372579801151248,0.0005235602094240122,248.3,0.575,0.00031227230144681434,0.007250996295045509,0.047489693324123665
1910.0,1924.0,1910.0,1917.0,31600.0,60556800.0,1910.8,1924.6,50.49798570452195,0.006809848088004111,0.0073878627968337884,-0.008372579801151248,248.3,0.575,-0.003948872492985508,0.006619818347678822,0.047489693324123665
1930.0,1931.0,1916.0,1923.0,50400.0,96887100.0,1913.2,1926.52,51.74160453104355,-0.002601456815816805,0.006809848088004111,0.0073878627968337884,248.3,0.575,-0.001827128708759827,0.006699717813015679,0.047489693324123665
1924.0,1929.0,1917.0,1924.0,49500.0,95183700.0,1919.0,1928.64,51.95823364157054,0.003129890453834161,-0.002601456815816805,0.006809848088004111,248.3,0.575,-0.0024058403849345133,0.00422195599580177,0.047489693324123665
1912.0,1949.0,1910.0,1946.0,100200.0,194438100.0,1926.4,1931.04,56.57647261379753,0.0005200208008320217,0.003129890453834161,-0.002601456815816805,248.3,0.575,0.007747120722512241,0.005466117499399145,0.047489693324123665
1953.0,1970.0,1939.0,1956.0,80200.0,156840100.0,1933.2,1933.4,58.52799900122209,0.011434511434511352,0.0005200208008320217,0.003129890453834161,248.3,0.575,0.011689252094755305,0.005288762384788263,0.047489693324123665
1960.0,1961.0,1930.0,1956.0,74100.0,144440400.0,1941.0,1935.88,58.52799900122209,0.005138746145940454,0.011434511434511352,0.0005200208008320217,248.3,0.575,0.010393206190466294,0.004621311719575528,0.047489693324123665
1965.0,1998.0,1954.0,1983.0,82400.0,163623400.0,1953.0,1938.92,63.64428847460334,0.0,0.005138746145940454,0.011434511434511352,248.3,0.575,0.022734305695954412,0.0062658274473339146,0.047489693324123665
1972.0,2004.0,1972.0,1989.0,75800.0,150676700.0,1966.0,1941.6,64.68686644615404,0.013803680981595123,0.0,0.005138746145940454,248.3,0.575,0.0244128553770087,0.005781518923035149,0.047489693324123665
1972.0,2058.0,1972.0,2051.0,144200.0,292745100.0,1987.0,1943.4,73.22988359207633,0.00302571860816947,0.013803680981595123,0.0,248.3,0.575,0.05536688278275183,0.012579735406286362,0.047489693324123665
2040.0,2044.0,1991.0,2012.0,76700.0,154287600.0,1998.2,1945.44,62.91862160095987,0.031171442936148708,0.00302571860816947,0.013803680981595123,248.3,0.575,0.03421333991282175,0.01847224630325217,0.047489693324123665
2015.0,2031.0,1988.0,1988.0,56100.0,112269300.0,2004.6,1947.0,57.54844702227441,-0.019015114578254555,0.031171442936148708,0.00302571860816947,248.3,0.575,0.021058038007190548,0.02010613812250446,0.047489693324123665
1988.0,2001.0,1982.0,1985.0,42500.0,84519000.0,2005.0,1948.04,56.89475061332276,-0.011928429423459286,-0.019015114578254555,0.031171442936148708,248.3,0.575,0.018972916367220406,0.01927656857137246,0.047489693324123665
1983.0,1988.0,1958.0,1969.0,50900.0,100225200.0,2001.0,1949.56,53.410174923828116,-0.0015090543259557165,-0.011928429423459286,-0.019015114578254555,248.3,0.575,0.009971480744373118,0.01952764635505197,0.047489693324123665
1960.0,1961.0,1943.0,1947.0,51600.0,100624400.0,1980.2,1950.64,48.969108363379256,-0.008060453400503764,-0.0015090543259557165,-0.011928429423459286,248.3,0.575,-0.0018660542181028277,0.006357216636644718,0.047489693324123665
1971.0,1982.0,1950.0,1950.0,37800.0,74116300.0,1967.8,1950.32,49.58472266382844,-0.011173184357541888,-0.008060453400503764,-0.0015090543259557165,248.3,0.575,-0.00016407563886948622,0.005977683711792521,0.047489693324123665
1957.0,1959.0,1931.0,1943.0,44400.0,86197700.0,1958.8,1949.4,48.12585639579149,0.0015408320493066618,-0.011173184357541888,-0.008060453400503764,248.3,0.575,-0.0032830614548066536,0.005085695280823542,0.047489693324123665
1940.0,1968.0,1935.0,1957.0,63100.0,123368900.0,1953.2,1949.12,51.217211496246854,-0.0035897435897436214,0.0015408320493066618,-0.011173184357541888,248.3,0.575,0.0040428501067148815,0.007371482073102902,0.047489693324123665
1955.0,1961.0,1945.0,1961.0,39200.0,76704000.0,1951.6,1950.32,52.09560666507954,0.0072053525476067914,-0.0035897435897436214,0.0015408320493066618,248.3,0.575,0.005476024447270225,0.006946917683851845,0.047489693324123665
1965.0,1978.0,1960.0,1972.0,100700.0,198318900.0,1956.6,1951.92,54.52083787779244,0.0020439448134901284,0.0072053525476067914,-0.0035897435897436214,248.3,0.575,0.010287306856838357,0.00418337125346587,0.047489693324123665
1975.0,1987.0,1960.0,1985.0,56100.0,110946100.0,1963.6,1954.44,57.273842806167956,0.005609382967873611,0.0020439448134901284,0.0072053525476067914,248.3,0.575,0.015636192464337582,0.004474926479664419,0.047489693324123665
1997.0,1997.0,1958.0,1974.0,46700.0,92109500.0,1969.8,1957.0,54.27974260975857,0.006592292089249385,0.005609382967873611,0.0020439448134901284,248.3,0.575,0.008686765457332652,0.005270325996202086,0.047489693324123665
1984.0,2004.0,1976.0,1995.0,80300.0,160011800.0,1977.4,1960.36,58.7167963743696,-0.005541561712846366,0.006592292089249385,0.005609382967873611,248.3,0.575,0.017670223836438258,0.006086011484331926,0.047489693324123665
1985.0,2021.0,1983.0,2015.0,119700.0,240127100.0,1988.2,1965.16,62.45398687637426,0.010638297872340496,-0.005541561712846366,0.006592292089249385,248.3,0.575,0.025361802601314862,0.006519072335793492,0.047489693324123665
2017.0,2060.0,2012.0,2046.0,113100.0,230582400.0,2003.0,1970.64,67.38272655672742,0.010025062656641603,0.010638297872340496,-0.005541561712846366,248.3,0.575,0.038241383509925654,0.007894081215564149,0.047489693324123665
2047.0,2082.0,2047.0,2056.0,113600.0,234313000.0,2017.2,1976.0,68.80530363106075,0.01538461538461533,0.010025062656641603,0.010638297872340496,248.3,0.575,0.04048582995951417,0.00797514903548832,0.047489693324123665
2053.0,2066.0,2016.0,2042.0,66800.0,136132800.0,2030.8,1981.0,64.56004003916316,0.004887585532746819,0.01538461538461533,0.010025062656641603,248.3,0.575,0.030792529025744572,0.00848082275839335,0.047489693324123665
2038.0,2072.0,2033.0,2068.0,67600.0,139183400.0,2045.4,1986.8,68.45292714921756,-0.006809338521400754,0.004887585532746819,0.01538461538461533,248.3,0.575,0.04086974028588688,0.008763244783650483,0.047489693324123665
2069.0,2159.0,2063.0,2134.0,234600.0,499607800.0,2069.2,1995.2,75.73834261876235,0.01273261508325163,-0.006809338521400754,0.004887585532746819,248.3,0.575,0.06956696070569364,0.014250077628096483,0.047489693324123665
2134.0,2160.0,2121.0,2145.0,112400.0,241330600.0,2089.0,2003.16,76.70397220475336,0.03191489361702127,0.01273261508325163,-0.006809338521400754,248.3,0.575,0.07080812316539863,0.014309082491597996,0.047489693324123665
2145.0,2145.0,2105.0,2114.0,71600.0,151525600.0,2100.6,2009.48,68.43719910851792,0.005154639175257714,0.03191489361702127,0.01273261508325163,248.3,0.575,0.052013456217528904,0.018024779531743976,0.047489693324123665
2107.0,2129.0,2100.0,2122.0,50800.0,107636900.0,2116.6,2016.12,69.35508677612343,-0.014452214452214451,0.005154639175257714,0.03191489361702127,248.3,0.575,0.05251671527488449,0.016764098912692916,0.047489693324123665
2122.0,2171.0,2122.0,2130.0,88600.0,190467600.0,2129.0,2022.0,70.28568954242931,0.0037842951750235443,-0.014452214452214451,0.005154639175257714,248.3,0.575,0.05341246290801187,0.016586633562064693,0.047489693324123665
2142.0,2158.0,2141.0,2151.0,95100.0,204473700.0,2132.4,2028.48,72.6348753334787,0.0037700282752120007,0.0037842951750235443,-0.014452214452214451,248.3,0.575,0.06039990534784665,0.00932738133210383,0.047489693324123665
2185.0,2242.0,2185.0,2235.0,162100.0,361111300.0,2150.4,2035.84,79.58682885867515,0.009859154929577452,0.0037700282752120007,0.0037842951750235443,248.3,0.575,0.09782694121345493,0.019407569377209347,0.047489693324123665
2236.0,2275.0,2223.0,2251.0,147000.0,331190700.0,2177.8,2045.4,80.5979040562617,0.03905160390516049,0.009859154929577452,0.0037700282752120007,248.3,0.575,0.10051823604184995,0.01493664149228798,0.047489693324123665
2250.0,2262.0,2238.0,2254.0,103900.0,233736300.0,2204.2,2056.04,80.79002982855084,0.007158836689038051,0.03905160390516049,0.009859154929577452,248.3,0.575,0.09628217349857009,0.015338328746093704,0.047489693324123665
2250.0,2268.0,2234.0,2239.0,78100.0,175428200.0,2226.0,2066.2,76.70035266062179,0.0013327410039982723,0.007158836689038051,0.03905160390516049,248.3,0.575,0.08363178782305691,0.017352816197301665,0.047489693324123665
2210.0,2227.0,2198.0,2211.0,64200.0,141821100.0,2238.0,2075.88,69.61612425248848,-0.006654835847382468,0.0013327410039982723,0.007158836689038051,248.3,0.575,0.06509046765708995,0.0201097806145913,0.047489693324123665
2226.0,2229.0,2182.0,2193.0,110600.0,242617400.0,2229.6,2085.72,65.43218133905968,-0.01250558284948633,-0.006654835847382468,0.0013327410039982723,248.3,0.575,0.05143547551924525,0.007893295058136816,0.047489693324123665
2205.0,2248.0,2196.0,2237.0,91100.0,203419500.0,2226.8,2097.2,70.15416516585353,-0.008141112618724522,-0.01250558284948633,-0.006654835847382468,248.3,0.575,0.06666030898340654,0.012887147880974587,0.047489693324123665
2260.0,2284.0,2254.0,2262.0,107700.0,244402900.0,2228.4,2109.96,72.45637856125282,0.02006383948928403,-0.008141112618724522,-0.01250558284948633,248.3,0.575,0.07205823807086388,0.014065081951758209,0.047489693324123665
2256.0,2267.0,2241.0,2264.0,67000.0,151298800.0,2233.4,2122.24,72.63821501017247,0.011175681716584673,0.02006383948928403,-0.008141112618724522,248.3,0.575,0.06679734620024136,0.013458810265086274,0.047489693324123665
2265.0,2265.0,2229.0,2255.0,79300.0,178740100.0,2242.2,2134.0,70.3863339734732,0.0008841732979663064,0.011175681716584673,0.02006383948928403,248.3,0.575,0.05670103092783505,0.011513656893962785,0.047489693324123665
2255.0,2257.0,2238.0,2240.0,47400.0,106497400.0,2251.6,2144.72,66.67624077396582,-0.003975265017667873,0.0008841732979663064,0.011175681716584673,248.3,0.575,0.04442537953672284,0.011134016501150947,0.047489693324123665
2217.0,2247.0,2217.0,2245.0,52400.0,117352400.0,2253.2,2155.12,67.29507323019982,-0.006651884700665134,-0.003975265017667873,0.0008841732979663064,248.3,0.575,0.04170533427372959,0.006856095200989533,0.047489693324123665
2231.0,2245.0,2220.0,2235.0,90300.0,201511500.0,2247.8,2165.56,64.70695141455191,0.0022321428571427937,-0.006651884700665134,-0.003975265017667873,248.3,0.575,0.03206560889562056,0.0037756657574099504,0.047489693324123665
2235.0,2244.0,2126.0,2172.0,254400.0,554326300.0,2229.4,2172.64,51.31678153427317,-0.0044543429844098315,0.0022321428571427937,-0.006651884700665134,62.69,0.586,-0.00029457250165691176,0.011647115999077126,0.05801596720250297
2187.0,2208.0,2132.0,2132.0,120000.0,258370900.0,2204.8,2177.32,44.95578885351381,-0.028187919463087296,-0.0044543429844098315,0.0022321428571427937,62.69,0.586,-0.020814579391178218,0.01211631431923719,0.05801596720250297
2109.0,2123.0,2095.0,2110.0,91400.0,192861700.0,2178.8,2179.88,41.880903681890054,-0.018416206261510082,-0.028187919463087296,-0.0044543429844098315,62.69,0.586,-0.03205681046663124,0.011888934875006169,0.05801596720250297
2110.0,2162.0,2106.0,2145.0,65900.0,141202500.0,2158.8,2183.44,47.977212330186326,-0.010318949343339545,-0.018416206261510082,-0.028187919463087296,62.69,0.586,-0.017605246766570208,0.016837192671979338,0.05801596720250297
2164.0,2186.0,2146.0,2172.0,79800.0,173173400.0,2146.2,2188.64,52.14720954516305,0.016587677725118377,-0.010318949343339545,-0.018416206261510082,62.69,0.586,-0.007602894948461087,0.019492306486376055,0.05801596720250297
2172.0,2205.0,2158.0,2187.0,75700.0,165334800.0,2149.2,2193.4,54.337077971246615,0.012587412587412583,0.016587677725118377,-0.010318949343339545,62.69,0.586,-0.002917844442418205,0.01513384041054898,0.05801596720250297
2187.0,2220.0,2187.0,2212.0,60200.0,132947600.0,2165.2,2196.52,57.80305143516439,0.006906077348066253,0.012587412587412583,0.016587677725118377,62.69,0.586,0.007047511518219737,0.01050917173785189,0.05801596720250297
2229.0,2259.0,2224.0,2252.0,116900.0,262571800.0,2193.6,2200.8,62.68357318030897,0.011431184270690453,0.006906077348066253,0.012587412587412583,62.69,0.586,0.023264267539076615,0.004427373639657143,0.05801596720250297
2246.0,2260.0,2227.0,2256.0,91300.0,205386900.0,2215.8,2206.48,63.14265901177845,0.018083182640144635,0.011431184270690453,0.006906077348066253,62.69,0.586,0.022442986113628938,0.006147380469748101,0.05801596720250297
2254.0,2260.0,2212.0,2224.0,68100.0,151631200.0,2226.2,2210.56,57.091482409192096,0.001776198934280604,0.018083182640144635,0.011431184270690453,62.69,0.586,0.006079907353792729,0.012190178282314204,0.05801596720250297
2211.0,2211.0,2164.0,2176.0,115500.0,251711500.0,2224.0,2212.4,49.43808074838641,-0.014184397163120588,0.001776198934280604,0.018083182640144635,62.69,0.586,-0.01645272102693911,0.016761801406239785,0.05801596720250297
2190.0,2197.0,2175.0,2182.0,72300.0,157894300.0,2218.0,2213.64,50.334340896536276,-0.021582733812949617,-0.014184397163120588,0.001776198934280604,62.69,0.586,-0.01429320033971191,0.015573890880263801,0.05801596720250297
2175.0,2204.0,2169.0,2198.0,44200.0,96910000.0,2207.2,2212.16,52.74012430814089,0.0027573529411764053,-0.021582733812949617,-0.014184397163120588,62.69,0.586,-0.00640098365398518,0.012422640863920108,0.05801596720250297
2205.0,2217.0,2198.0,2211.0,49900.0,110202800.0,2198.2,2210.56,54.66176838886364,0.007332722273143855,0.0027573529411764053,-0.021582733812949617,62.69,0.586,0.00019904458598728585,0.013088661922179154,0.05801596720250297
2202.0,2230.0,2197.0,2228.0,38300.0,85110400.0,2199.0,2209.52,57.11733862446266,0.005914467697907266,0.007332722273143855,0.0027573529411764053,62.69,0.586,0.008363807523806084,0.012453857483534139,0.05801596720250297
2229.0,2242.0,2210.0,2224.0,52800.0,117326200.0,2208.6,2208.92,56.34406760573979,0.0076888285843510484,0.005914467697907266,0.007332722273143855,62.69,0.586,0.006826865617586842,0.003961982339781205,0.05801596720250297
2274.0,2312.0,2265.0,2277.0,136900.0,312533000.0,2227.6,2211.56,63.412144794231565,-0.0017953321364452268,0.0076888285843510484,0.005914467697907266,62.69,0.586,0.029589972688961665,0.009350032991075917,0.05801596720250297
2298.0,2300.0,2241.0,2242.0,108000.0,243845600.0,2236.4,2213.52,56.86462184980433,0.02383093525179847,-0.0017953321364452268,0.0076888285843510484,62.69,0.586,0.012866384762730863,0.014312143207403727,0.05801596720250297
2244.0,2275.0,2236.0,2268.0,68600.0,155145700.0,2247.8,2214.76,60.155858056061,-0.015371102327624064,0.02383093525179847,-0.0017953321364452268,62.69,0.586,0.024038722028571845,0.01471673660552864,0.05801596720250297
2275.0,2283.0,2263.0,2266.0,33900.0,76912200.0,2255.4,2214.92,59.77801775116065,0.011596788581623496,-0.015371102327624064,0.02383093525179847,62.69,0.586,0.023061781012406735,0.014851443733863835,0.05801596720250297
2272.0,2288.0,2256.0,2282.0,58100.0,132254300.0,2267.0,2215.64,61.84283278094964,-0.0008818342151675207,0.011596788581623496,-0.015371102327624064,62.69,0.586,0.029950714014912228,0.01459144827441546,0.05801596720250297
2300.0,2309.0,2247.0,2258.0,60200.0,136813500.0,2263.2,2215.76,57.107134811523814,0.007060900264783676,-0.0008818342151675207,0.011596788581623496,62.69,0.586,0.019063436473264153,0.01138900147759526,0.05801596720250297
2284.0,2295.0,2271.0,2284.0,65500.0,149495600.0,2271.6,2217.52,60.624871999314244,-0.010517090271691454,0.007060900264783676,-0.0008818342151675207,62.69,0.586,0.029979436487607786,0.00945815834081425,0.05801596720250297
2290.0,2332.0,2288.0,2319.0,139000.0,321735800.0,2281.8,2220.48,64.80886531811412,0.011514614703277193,-0.010517090271691454,0.007060900264783676,62.69,0.586,0.04436878512753998,0.010336815196561915,0.05801596720250297
2322.0,2334.0,2301.0,2327.0,52700.0,122466600.0,2294.0,2224.16,65.70587142856695,0.01532399299474596,0.011514614703277193,-0.010517090271691454,62.69,0.586,0.0462376807423927,0.009947164101948314,0.05801596720250297
2342.0,2378.0,2335.0,2367.0,87200.0,206007200.0,2311.0,2231.96,69.84472542405486,0.0034497628288054916,0.01532399299474596,0.011514614703277193,62.69,0.586,0.060502876395634314,0.011315702600277672,0.05801596720250297
2398.0,2410.0,2385.0,2396.0,93200.0,223245800.0,2338.6,2242.52,72.44152376674069,0.01718951439621841,0.0034497628288054916,0.01532399299474596,62.69,0.586,0.06844086117403636,0.005276621317661895,0.05801596720250297
2396.0,2411.0,2370.0,2373.0,107700.0,257369100.0,2356.4,2253.04,67.47840925635546,0.012251795521757591,0.01718951439621841,0.0034497628288054916,62.69,0.586,0.0532436175123389,0.01102524067270544,0.05801596720250297
2373.0,2387.0,2365.0,2372.0,33900.0,80521600.0,2367.0,2262.12,67.26263608254837,-0.00959933222036724,0.012251795521757591,0.01718951439621841,62.69,0.586,0.04857390412533381,0.010549894538341422,0.05801596720250297
2376.0,2402.0,2367.0,2390.0,73900.0,176547300.0,2379.6,2270.84,69.17343479151988,-0.0004214075010535723,-0.00959933222036724,0.012251795521757591,62.69,0.586,0.052473974388332005,0.010601864971910036,0.05801596720250297
2393.0,2403.0,2346.0,2351.0,93500.0,221526300.0,2376.4,2277.4,60.88187835132449,0.007588532883642474,-0.0004214075010535723,-0.00959933222036724,62.69,0.586,0.032317555106700584,0.011809403995471366,0.05801596720250297
2365.0,2381.0,2348.0,2376.0,92200.0,218265900.0,2372.4,2283.96,63.87143964200287,-0.016317991631799145,0.007588532883642474,-0.0004214075010535723,62.69,0.586,0.04029842904429148,0.011358799429819155,0.05801596720250297
2349.0,2354.0,2311.0,2319.0,72300.0,168077000.0,2361.6,2286.64,53.779673846457435,0.010633772862611579,-0.016317991631799145,0.007588532883642474,62.69,0.586,0.01415176853374389,0.015094036108473059,0.05801596720250297
2320.0,2321.0,2301.0,2308.0,47400.0,109581700.0,2348.8,2288.72,52.06985789957558,-0.023989898989899006,0.010633772862611579,-0.016317991631799145,62.69,0.586,0.008423922541857545,0.014924777963124029,0.05801596720250297
2319.0,2323.0,2298.0,2303.0,116400.0,268581000.0,2331.4,2291.88,51.271913325043556,-0.004743423889607579,-0.023989898989899006,0.010633772862611579,62.69,0.586,0.004851911967467708,0.013363998841008851,0.05801596720250297
2312.0,2349.0,2310.0,2334.0,86500.0,201813200.0,2328.0,2298.2,55.79499235990214,-0.002166377816291143,-0.004743423889607579,-0.023989898989899006,62.69,0.586,0.015577408406579143,0.014897264538184438,0.05801596720250297
2330.0,2330.0,2303.0,2328.0,64700.0,150245400.0,2318.4,2304.04,54.735977783016935,0.013460703430308252,-0.002166377816291143,-0.004743423889607579,62.69,0.586,0.010399125015190724,0.013326946123428688,0.05801596720250297
2348.0,2359.0,2325.0,2344.0,106900.0,250796100.0,2323.4,2309.88,57.075695165844195,-0.0025706940874036244,0.013460703430308252,-0.002166377816291143,62.69,0.586,0.014771330112386743,0.0077244835439621564,0.05801596720250297
2370.0,2385.0,2350.0,2367.0,152200.0,360618900.0,2335.2,2316.12,60.25603810508525,0.0068728522336769515,-0.0025706940874036244,0.013460703430308252,62.69,0.586,0.021967773690482407,0.007191803364260326,0.05801596720250297
2337.0,2337.0,2310.0,2323.0,75300.0,175338300.0,2339.2,2319.92,52.2763572295252,0.009812286689419691,0.0068728522336769515,-0.0025706940874036244,62.69,0.586,0.001327631987309876,0.012852178939456378,0.05801596720250297
2313.0,2322.0,2282.0,2292.0,70100.0,160979600.0,2330.8,2322.64,47.503242175004075,-0.018588931136459652,0.009812286689419691,0.0068728522336769515,62.69,0.586,-0.013191885096269708,0.01235164402250886,0.05801596720250297
2267.0,2267.0,2204.0,2212.0,129100.0,286799900.0,2307.6,2320.04,37.888864953861685,-0.01334481274214383,-0.018588931136459652,0.009812286689419691,62.69,0.586,-0.046568162617885885,0.018590203129627,0.05801596720250297
2228.0,2234.0,2198.0,2227.0,88500.0,196427300.0,2284.2,2319.44,40.32756087178868,-0.034904013961605584,-0.01334481274214383,-0.018588931136459652,62.69,0.586,-0.039854447625288884,0.01856940121709626,0.05801596720250297
2218.0,2253.0,2218.0,2245.0,61800.0,138563900.0,2259.8,2318.52,43.20915269563708,0.006781193490054349,-0.034904013961605584,-0.01334481274214383,62.69,0.586,-0.031709883891447986,0.018117517895579898,0.05801596720250297
2295.0,2300.0,2268.0,2285.0,62700.0,143447700.0,2252.2,2319.28,49.09235581360477,0.00808262236192192,0.006781193490054349,-0.034904013961605584,62.69,0.586,-0.014780449104894707,0.021075317634865125,0.05801596720250297
2293.0,2317.0,2285.0,2298.0,71100.0,163659500.0,2253.4,2319.92,50.87358028508251,0.017817371937639104,0.00808262236192192,0.006781193490054349,62.69,0.586,-0.00944860167591989,0.02047575962138805,0.05801596720250297
2288.0,2306.0,2251.0,2252.0,60300.0,136797300.0,2261.4,2319.68,44.88850086887767,0.005689277899343592,0.017817371937639104,0.00808262236192192,62.69,0.586,-0.02917643812939709,0.014093168549143368,0.05801596720250297
2255.0,2270.0,2247.0,2270.0,54900.0,124120400.0,2270.0,2319.12,47.491685944264695,-0.020017406440382968,0.005689277899343592,0.017817371937639104,62.69,0.586,-0.02118044775604535,0.014170236148924948,0.05801596720250297
2231.0,2235.0,2176.0,2182.0,97100.0,213356300.0,2257.4,2313.64,38.03321891112058,0.00799289520426294,-0.020017406440382968,0.005689277899343592,62.69,0.586,-0.05689735654639438,0.02328285381794152,0.05801596720250297
2132.0,2181.0,2131.0,2158.0,115800.0,249415700.0,2232.0,2306.88,35.93142165402868,-0.03876651982378854,0.00799289520426294,-0.020017406440382968,62.69,0.586,-0.06453738382577338,0.019308760574456678,0.05801596720250297
2169.0,2181.0,2164.0,2176.0,109600.0,238256600.0,2207.6,2299.24,38.668922603769914,-0.010999083409715893,-0.03876651982378854,0.00799289520426294,62.69,0.586,-0.053600320105773994,0.019916191244208542,0.05801596720250297
2173.0,2189.0,2159.0,2176.0,107500.0,233928800.0,2192.4,2290.44,38.668922603769914,0.008341056533827551,-0.010999083409715893,-0.03876651982378854,62.69,0.586,-0.049964199018529214,0.01958154378877431,0.05801596720250297
2160.0,2167.0,2127.0,2143.0,170900.0,366068200.0,2167.0,2281.24,35.44846608402375,0.0,0.008341056533827551,-0.010999083409715893,62.69,0.586,-0.06059862180217767,0.01790880635131123,0.05801596720250297
2164.0,2164.0,2139.0,2155.0,98800.0,212208600.0,2161.6,2272.56,37.487271654868415,-0.015165441176470562,0.0,0.008341056533827551,62.69,0.586,-0.05173020734326044,0.01027150214906896,0.05801596720250297
2138.0,2151.0,2130.0,2141.0,99300.0,212580000.0,2158.2,2262.6,36.05645577118961,0.005599626691553894,-0.015165441176470562,0.0,62.69,0.586,-0.053743480951118146,0.00950264163240168,0.05801596720250297
2154.0,2186.0,2146.0,2176.0,192200.0,417632700.0,2158.2,2255.6,42.01500131236198,-0.00649651972157772,0.005599626691553894,-0.015165441176470562,62.69,0.586,-0.03528994502571374,0.011945456500723345,0.05801596720250297
2196.0,2232.0,2181.0,2232.0,109300.0,242540900.0,2169.4,2249.84,50.03722514004681,0.01634750116767858,-0.00649651972157772,0.005599626691553894,62.69,0.586,-0.007929452761085297,0.016565660811243287,0.05801596720250297
2241.0,2257.0,2235.0,2235.0,84000.0,188550000.0,2187.8,2246.48,50.43285669636478,0.025735294117646967,0.01634750116767858,-0.00649651972157772,62.69,0.586,-0.005110216872618504,0.012680233948894495,0.05801596720250297
2248.0,2262.0,2227.0,2262.0,96500.0,216954400.0,2209.2,2244.64,53.96591709837191,0.0013440860215054862,0.025735294117646967,0.01634750116767858,62.69,0.586,0.007733979613657481,0.012640047777392905,0.05801596720250297
2262.0,2269.0,2203.0,2206.0,76900.0,171044600.0,2222.2,2240.76,46.55410942270237,0.012080536912751683,0.0013440860215054862,0.025735294117646967,62.69,0.586,-0.015512593941341427,0.019371850548368878,0.05801596720250297
2200.0,2206.0,2161.0,2163.0,104700.0,227501300.0,2219.6,2233.92,41.8061218490167,-0.024756852343059244,0.012080536912751683,0.0013440860215054862,62.69,0.586,-0.031746884400515714,0.02119977892320838,0.05801596720250297
2196.0,2214.0,2184.0,2213.0,363100.0,802395900.0,2215.8,2229.32,48.39658890049975,-0.01949229374433359,-0.024756852343059244,0.012080536912751683,62.69,0.586,-0.007320617946279656,0.020390343795555512,0.05801596720250297
2201.0,2350.0,2178.0,2298.0,200400.0,455904600.0,2228.4,2227.48,57.258413265307716,0.023116042533518177,-0.01949229374433359,-0.024756852343059244,125.01,0.6,0.03165909458221846,0.02727663495813423,0.05952819637581376
2301.0,2301.0,2203.0,2208.0,158500.0,353841000.0,2217.6,2221.12,47.882206961325515,0.03840939900587448,0.023116042533518177,-0.01949229374433359,125.01,0.6,-0.005906929837199202,0.03331862591909815,0.05952819637581376
2191.0,2209.0,2145.0,2205.0,135700.0,296575000.0,2217.4,2216.4,47.60238615899445,-0.03916449086161877,0.03840939900587448,0.023116042533518177,125.01,0.6,-0.005143475906876056,0.03132423291770344,0.05952819637581376
2220.0,2255.0,2210.0,2234.0,108900.0,243188000.0,2231.6,2214.08,50.607287004618215,-0.0013586956521739468,-0.03916449086161877,0.03840939900587448,125.01,0.6,0.008996964879317854,0.029516979486845597,0.05952819637581376
2203.0,2243.0,2203.0,2243.0,100500.0,223954000.0,2237.6,2215.32,51.536179550797144,0.013151927437641708,-0.0013586956521739468,-0.03916449086161877,125.01,0.6,0.012494808876369931,0.028083744902438923,0.05952819637581376
2251.0,2266.0,2239.0,2251.0,94800.0,213637000.0,2228.2,2216.28,52.393224353723426,0.004028648164726922,0.013151927437641708,-0.0013586956521739468,125.01,0.6,0.015665890591441422,0.020367927564413656,0.05952819637581376
8517.0,8674.0,8515.0,8674.0,152000.0,1309198700.0,8399.4,8395.4,54.71567909170987,0.013170384432842797,0.021823472356935048,0.017266896891958483,814.13,0.861,0.03318483931676875,0.013169378523183409,0.104521091608363
8784.0,8820.0,8683.0,8815.0,133200.0,1169250700.0,8540.8,8410.76,60.136728816082986,0.015809813795526484,0.013170384432842797,0.021823472356935048,814.13,0.861,0.04806224407782409,0.0031576530234068475,0.104521091608363
8885.0,8888.0,8734.0,8852.0,175800.0,1551158400.0,8661.6,8430.88,61.44117630991886,0.01625547613557754,0.015809813795526484,0.013170384432842797,814.13,0.861,0.04994970868995892,0.006442688683262095,0.104521091608363
8860.0,8898.0,8803.0,8847.0,118800.0,1051870500.0,8745.4,8448.04,61.14996859891864,0.004197390811117474,0.01625547613557754,0.015809813795526484,814.13,0.861,0.04722515518392421,0.007549276042861768,0.104521091608363
8900.0,8913.0,8837.0,8865.0,94600.0,839453400.0,8810.6,8464.24,61.850962307755495,-0.0005648441030275952,0.004197390811117474,0.01625547613557754,814.13,0.861,0.0473474287118513,0.00792969466104528,0.104521091608363
8947.0,8967.0,8835.0,8894.0,206200.0,1837095500.0,8854.6,8478.68,63.00901628685862,0.0020345879959309254,-0.0005648441030275952,0.004197390811117474,814.13,0.861,0.048984039968485625,0.00652058271759671,0.104521091608363
8594.0,8754.0,8532.0,8582.0,147700.0,1271844100.0,8808.0,8482.76,46.61425094173514,0.0032712915961647937,0.0020345879959309254,-0.0005648441030275952,814.13,0.861,0.011699022487963798,0.016783160139077668,0.104521091608363
8584.0,8665.0,8515.0,8589.0,104400.0,897587900.0,8755.4,8487.96,46.947780396701035,-0.035079829098268456,0.0032712915961647937,0.0020345879959309254,814.13,0.861,0.011903920376627703,0.016371442989760475,0.104521091608363
8614.0,8630.0,8259.0,8286.0,156700.0,1311233100.0,8643.2,8482.6,36.35892232587322,0.0008156606851550396,-0.035079829098268456,0.0032712915961647937,814.13,0.861,-0.023176856152594766,0.0204044321832924,0.104521091608363
8280.0,8314.0,8176.0,8251.0,179300.0,1478157100.0,8520.4,8476.64,35.36663398210695,-0.03527768075445337,0.0008156606851550396,-0.035079829098268456,814.13,0.861,-0.026619037731931455,0.019432071551592864,0.104521091608363
8244.0,8280.0,8167.0,8193.0,160600.0,1319498900.0,8380.2,8469.6,33.72410892538986,-0.004223992276128463,-0.03527768075445337,0.0008156606851550396,814.13,0.861,-0.032657976763955834,0.017588731532381118,0.104521091608363
8224.0,8280.0,8174.0,8186.0,135100.0,1109089700.0,8301.0,8460.68,33.52176050225462,-0.00702945097563934,-0.004223992276128463,-0.03527768075445337,814.13,0.861,-0.03246547558825062,0.014827467111757286,0.104521091608363
8160.0,8313.0,8142.0,8299.0,116800.0,966006500.0,8243.0,8458.64,39.80108715878843,-0.0008543878921030146,-0.00702945097563934,-0.004223992276128463,814.13,0.861,-0.01887301031844356,0.01787112995685541,0.104521091608363
8299.0,8354.0,8219.0,8323.0,109000.0,904542700.0,8250.4,8454.48,41.074170263062285,0.013804055704861984,-0.0008543878921030146,-0.00702945097563934,814.13,0.861,-0.01555151824831327,0.00810386004555696,0.104521091608363
8325.0,8398.0,8325.0,8366.0,83500.0,698418800.0,8273.4,8450.68,43.38435373601782,0.0028919146885166835,0.013804055704861984,-0.0008543878921030146,814.13,0.861,-0.010020495392086826,0.007692043526817146,0.104521091608363
8350.0,8426.0,8331.0,8381.0,113800.0,953452600.0,8311.0,8451.2,44.20609484291239,0.005166406343866337,0.0028919146885166835,0.013804055704861984,814.13,0.861,-0.008306512684589255,0.005603009138651436,0.104521091608363
8310.0,8404.0,8283.0,8337.0,111200.0,927318700.0,8341.2,8449.64,42.26807971742313,0.001792971551518141,0.005166406343866337,0.0028919146885166835,814.13,0.861,-0.013330745451877173,0.006867172344225704,0.104521091608363
8362.0,8463.0,8345.0,8394.0,123300.0,1036266000.0,8360.2,8450.24,45.595565251517996,-0.005249970170624008,0.001792971551518141,0.005166406343866337,814.13,0.861,-0.006655432271746102,0.004647830370795909,0.104521091608363
8338.0,8360.0,8252.0,8338.0,104700.0,870321300.0,8363.2,8448.64,42.97489231010805,0.0068369917236414945,-0.005249970170624008,0.001792971551518141,814.13,0.861,-0.013095598818271275,0.006083133405387681,0.104521091608363
8307.0,8346.0,8126.0,8126.0,164900.0,1351921500.0,8315.2,8444.96,34.81645033660928,-0.006671431975220354,0.0068369917236414945,-0.005249970170624008,814.13,0.861,-0.03776927303385678,0.012283761898631089,0.104521091608363
8182.0,8182.0,7981.0,8040.0,178000.0,1433634400.0,8247.0,8438.44,32.1500726616929,-0.025425761573518835,-0.006671431975220354,0.0068369917236414945,814.13,0.861,-0.04721725816620139,0.011614168181744149,0.104521091608363
7980.0,8171.0,7939.0,8129.0,169400.0,1367633400.0,8205.4,8439.28,37.48578258269571,-0.01058331282303715,-0.025425761573518835,-0.006671431975220354,814.13,0.861,-0.03676616962584493,0.014573234501483835,0.104521091608363
8128.0,8163.0,7896.0,8051.0,147900.0,1186553800.0,8136.8,8431.4,34.895753260456175,0.011069651741293596,-0.01058331282303715,-0.025425761573518835,814.13,0.861,-0.04511706240956421,0.01301922941125131,0.104521091608363
8150.0,8216.0,8085.0,8157.0,103800.0,845528900.0,8100.6,8420.56,40.8744839246181,-0.009595276171730838,0.011069651741293596,-0.01058331282303715,814.13,0.861,-0.03129958102548993,0.016241182130141703,0.104521091608363
8181.0,8240.0,8120.0,8120.0,138000.0,1126497900.0,8099.4,8403.8,39.510550131334405,0.013166066327164216,-0.009595276171730838,0.011069651741293596,814.13,0.861,-0.03377043718317895,0.011407098605400371,0.104521091608363
8136.0,8148.0,8020.0,8056.0,148500.0,1197578600.0,8102.6,8379.08,37.19833899489229,-0.004535981365698216,0.013166066327164216,-0.009595276171730838,814.13,0.861,-0.03855793237443728,0.010835834396374497,0.104521091608363
8000.0,8020.0,7809.0,7879.0,180900.0,1425733200.0,8052.6,8341.64,31.6770863956246,-0.007881773399014746,-0.004535981365698216,0.013166066327164216,814.13,0.861,-0.05546151596089012,0.01265794149834511,0.104521091608363
7879.0,8089.0,7814.0,8049.0,163200.0,1305384200.0,8052.2,8309.52,40.770237326182325,-0.021971201588877887,-0.007881773399014746,-0.004535981365698216,814.13,0.861,-0.03135199145076977,0.01735144112631227,0.104521091608363
8111.0,8560.0,7900.0,8483.0,486300.0,4035157700.0,8117.4,8294.96,56.637120564156234,0.02157634217540294,-0.021971201588877887,-0.007881773399014746,1099.15,0.859,0.022669187072632165,0.030001454412482927,0.10571388374041926
8500.0,8559.0,8187.0,8233.0,339300.0,2814783500.0,8140.0,8269.68,48.56623749707451,0.053919741582805214,0.02157634217540294,-0.021971201588877887,1099.15,0.859,-0.0044354799702044445,0.034401839786523954,0.10571388374041926
8297.0,8415.0,8234.0,8415.0,160100.0,1338190900.0,8211.8,8250.52,53.73502078230689,-0.02947070611811864,0.053919741582805214,0.02157634217540294,1099.15,0.859,0.01993571314292912,0.03459284691114771,0.10571388374041926
8494.0,8496.0,8325.0,8381.0,197900.0,1661448100.0,8312.2,8242.48,52.670150276504536,0.022106158144054477,-0.02947070611811864,0.053919741582805214,1099.15,0.859,0.016805621609030347,0.031324399643840165,0.10571388374041926
8400.0,8427.0,8268.0,8356.0,172600.0,1441538600.0,8373.6,8233.16,51.85640670259748,-0.004040404040404066,0.022106158144054477,-0.02947070611811864,1099.15,0.859,0.014920152165146815,0.03153257282876841,0.10571388374041926
8385.0,8482.0,8303.0,8433.0,200700.0,1689784400.0,8363.6,8239.04,54.203296168573075,-0.0029829375969454563,-0.004040404040404066,0.022106158144054477,1099.15,0.859,0.02354157765953304,0.01911799330069979,0.10571388374041926
8510.0,8639.0,8461.0,8606.0,136300.0,1169127400.0,8438.2,8253.24,59.035068159458085,0.009214935375777777,-0.0029829375969454563,-0.004040404040404066,1099.15,0.859,0.04274200192893945,0.012430210340854064,0.10571388374041926
8560.0,8590.0,8513.0,8590.0,119400.0,1022008100.0,8473.2,8269.12,58.42116343569564,0.020514644847622332,0.009214935375777777,-0.0029829375969454563,1099.15,0.859,0.03880461282458099,0.01057739221450738,0.10571388374041926
8570.0,8679.0,8554.0,8618.0,112400.0,968422900.0,8520.6,8286.4,59.22036616809614,-0.0018591680223100093,0.020514644847622332,0.009214935375777777,1099.15,0.859,0.040017377872176144,0.009621506121557025,0.10571388374041926
8698.0,8700.0,8544.0,8650.0,106500.0,919892700.0,8579.4,8300.44,60.16279829383233,0.0032596041909196405,-0.0018591680223100093,0.020514644847622332,1099.15,0.859,0.04211343013141466,0.00852680173218622,0.10571388374041926
8750.0,8750.0,8533.0,8626.0,111200.0,958923300.0,8618.0,8312.56,59.060373689507834,0.0037131585054537286,0.0032596041909196405,-0.0018591680223100093,1099.15,0.859,0.03770679549982202,0.0093802967609201,0.10571388374041926
8675.0,8759.0,8620.0,8756.0,88900.0,774927900.0,8648.0,8328.16,63.01383066708301,-0.002774566473988438,0.0037131585054537286,0.0032596041909196405,1099.15,0.859,0.05137269216729748,0.007107635730667929,0.10571388374041926
8785.0,8823.0,8707.0,8742.0,164300.0,1438134600.0,8678.4,8342.6,62.31591732304613,0.015070716438673859,-0.002774566473988438,0.0037131585054537286,1099.15,0.859,0.04787476326325122,0.0070595312775001175,0.10571388374041926
8740.0,8767.0,8620.0,8622.0,107200.0,931566300.0,8679.2,8354.0,56.53591588580217,-0.0015989036089538722,0.015070716438673859,-0.002774566473988438,1099.15,0.859,0.032080440507541295,0.010482143438182961,0.10571388374041926
8595.0,8595.0,8214.0,8250.0,307600.0,2558658400.0,8599.2,8348.24,43.16862151875606,-0.013726835964310236,-0.0015989036089538722,0.015070716438673859,1099.15,0.859,-0.011767749849069958,0.021569131187485335,0.10571388374041926
7950.0,8179.0,7852.0,8157.0,437300.0,3508295900.0,8505.4,8341.0,40.58510945746994,-0.043145441892832315,-0.013726835964310236,-0.0015989036089538722,1099.15,0.859,-0.02205970507133437,0.0212654705882091,0.10571388374041926
8007.0,8214.0,8007.0,8160.0,193300.0,1572226300.0,8386.2,8342.36,40.708379804940485,-0.011272727272727323,-0.043145441892832315,-0.013726835964310236,1099.15,0.859,-0.021859521766023113,0.017443565674424177,0.10571388374041926
8156.0,8157.0,8040.0,8121.0,139300.0,1128560200.0,8262.0,8345.6,39.559326326851654,0.00036778227289446797,-0.011272727272727323,-0.043145441892832315,1099.15,0.859,-0.026912384969325197,0.016934539829710254,0.10571388374041926
8145.0,8335.0,8110.0,8257.0,219500.0,1809810200.0,8189.0,8350.72,45.35212804541879,-0.004779411764705865,0.00036778227289446797,-0.011272727272727323,1099.15,0.859,-0.01122298436541991,0.02201043164499347,0.10571388374041926
8341.0,8359.0,8167.0,8244.0,232500.0,1916999300.0,8187.8,8358.44,44.90904784691758,0.01674670607068096,-0.004779411764705865,0.00036778227289446797,1099.15,0.859,-0.013691550097865213,0.010403496348227036,0.10571388374041926
8148.0,8200.0,7950.0,8129.0,428800.0,3483056700.0,8182.2,8357.32,41.08513036215811,-0.001574421702797646,0.01674670607068096,-0.004779411764705865,1099.15,0.859,-0.027319762794771496,0.01116316321677337,0.10571388374041926
8129.0,8207.0,8060.0,8200.0,445200.0,3643692700.0,8190.2,8360.52,44.24179634618282,-0.013949539058709326,-0.001574421702797646,0.01674670607068096,1099.15,0.859,-0.019199762694186537,0.011950812451603092,0.10571388374041926
8205.0,8306.0,8205.0,8258.0,93700.0,774409800.0,8217.6,8368.6,46.751737165055,0.008734161643498606,-0.013949539058709326,-0.001574421702797646,1099.15,0.859,-0.013216069593480434,0.011681515553363777,0.10571388374041926
8200.0,8314.0,8197.0,8283.0,87300.0,721873900.0,8222.8,8384.76,47.84160939925693,0.007073170731707323,0.008734161643498606,-0.013949539058709326,1099.15,0.859,-0.01213630443805192,0.00908785621421167,0.10571388374041926
8336.0,8336.0,8031.0,8064.0,208100.0,1698755400.0,8186.8,8385.36,40.098923404883074,0.0030273674013077123,0.007073170731707323,0.008734161643498606,1099.15,0.859,-0.038323936002747715,0.015298756754703536,0.10571388374041926
8121.0,8139.0,7972.0,7976.0,147100.0,1182195300.0,8156.2,8365.08,37.47443758752926,-0.026439695762404902,0.0030273674013077123,0.007073170731707323,1099.15,0.859,-0.046512406336819245,0.014874842643573345,0.10571388374041926
7905.0,8085.0,7866.0,8046.0,223200.0,1786110900.0,8125.4,8357.6,40.79397431481516,-0.010912698412698374,-0.026439695762404902,0.0030273674013077123,1099.15,0.859,-0.037283430649947394,0.014883666607491611,0.10571388374041926
8050.0,8237.0,8023.0,8178.0,206600.0,1685550300.0,8109.4,8348.12,46.55605043455205,0.008776328986960902,-0.010912698412698374,-0.026439695762404902,1099.15,0.859,-0.020378240849436853,0.017005589705188544,0.10571388374041926
8155.0,8172.0,7937.0,7939.0,352600.0,2819199100.0,8040.6,8330.44,39.13037813166025,0.01640566741237892,0.008776328986960902,-0.010912698412698374,1099.15,0.859,-0.04698911462059633,0.020467588432089012,0.10571388374041926
7880.0,7976.0,7832.0,7911.0,297400.0,2352680500.0,8010.0,8312.64,38.35846978446408,-0.029224749327463884,0.01640566741237892,0.008776328986960902,1099.15,0.859,-0.04831678022866375,0.01777260812001256,0.10571388374041926
7899.0,7910.0,7695.0,7712.0,284100.0,2208132900.0,7957.2,8283.8,33.32667010057881,-0.0035268925557374597,-0.029224749327463884,0.01640566741237892,1099.15,0.859,-0.06902629228132008,0.020194570367675663,0.10571388374041926
7562.0,7749.0,7500.0,7628.0,624700.0,4762514400.0,7873.6,8244.68,31.45119984417343,-0.02515484768044496,-0.0035268925557374597,-0.029224749327463884,1099.15,0.859,-0.07479732385004637,0.018289829324714468,0.10571388374041926
7590.0,7659.0,7521.0,7609.0,291100.0,2211062900.0,7759.8,8205.44,31.025893796439846,-0.010892116182572575,-0.02515484768044496,-0.0035268925557374597,1099.15,0.859,-0.07268836284221206,0.012325757212915883,0.10571388374041926
7620.0,7730.0,7610.0,7722.0,155200.0,1192466100.0,7716.4,8169.6,36.52365390143312,-0.00249082328264294,-0.010892116182572575,-0.02515484768044496,1099.15,0.859,-0.05478848413631027,0.01451272149915036,0.10571388374041926
7844.0,7916.0,7761.0,7810.0,160100.0,1250942800.0,7696.2,8136.0,40.50104205363473,0.014850834538047142,-0.00249082328264294,-0.010892116182572575,1099.15,0.859,-0.04006882989183874,0.016415021111983574,0.10571388374041926
7660.0,7713.0,7562.0,7690.0,389300.0,2966605600.0,7691.8,8098.56,37.088280018897954,0.01139601139601143,0.014850834538047142,-0.00249082328264294,1099.15,0.859,-0.0504484747905801,0.013323742104963714,0.10571388374041926
7741.0,7802.0,7666.0,7689.0,326400.0,2516756700.0,7704.0,8055.88,37.06025463013859,-0.015364916773367487,0.01139601139601143,0.014850834538047142,1099.15,0.859,-0.04554188989905511,0.012031927269590492,0.10571388374041926
7748.0,7770.0,7690.0,7751.0,137000.0,1060934600.0,7732.4,8016.24,40.08326386038182,-0.00013003901170349774,-0.015364916773367487,0.01139601139601143,1099.15,0.859,-0.033087831701645636,0.01204916915647215,0.10571388374041926
7802.0,7911.0,7798.0,7894.0,168100.0,1323966400.0,7766.8,7987.12,46.469498026324985,0.008063467290935211,-0.00013003901170349774,-0.015364916773367487,1099.15,0.859,-0.011658770620699312,0.012950724378311016,0.10571388374041926
7894.0,7912.0,7727.0,7727.0,270300.0,2101190700.0,7750.2,7966.2,40.97664247194537,0.018449232357115264,0.008063467290935211,-0.00013003901170349774,1099.15,0.859,-0.030026863498280213,0.01634383879029263,0.10571388374041926
7738.0,7807.0,7729.0,7745.0,168000.0,1303866800.0,7761.2,7949.72,41.77551333753896,-0.021155307828730652,0.018449232357115264,0.008063467290935211,1099.15,0.859,-0.025751850379636045,0.014551314324862405,0.10571388374041926
7839.0,7849.0,7782.0,7826.0,147900.0,1156072400.0,7788.6,7936.36,45.35948566896221,0.0023294939821405514,-0.021155307828730652,0.018449232357115264,1099.15,0.859,-0.013905619200741862,0.01501577985724418,0.10571388374041926
7880.0,7988.0,7850.0,7890.0,218400.0,1728950200.0,7816.4,7927.12,48.078942372804846,0.010458360232407982,0.0023294939821405514,-0.021155307828730652,1099.15,0.859,-0.004682659023705947,0.015024310765132663,0.10571388374041926
7911.0,8011.0,7867.0,7947.0,215700.0,1717036100.0,7827.0,7914.72,50.44452737288808,0.008177868642984976,0.010458360232407982,0.0023294939821405514,1099.15,0.859,0.004078476560130964,0.012956869758814498,0.10571388374041926
7950.0,8040.0,7950.0,8022.0,174800.0,1400482500.0,7886.0,7905.84,53.44982466150795,0.007224334600760551,0.008177868642984976,0.010458360232407982,1099.15,0.859,0.01469293585501349,0.0031532628873314375,0.10571388374041926
8042.0,8159.0,8041.0,8143.0,158100.0,1284900700.0,7965.6,7906.4,57.88713122684794,0.009437523593808894,0.007224334600760551,0.008177868642984976,1099.15,0.859,0.029925123950217593,0.0030563053224430667,0.10571388374041926
8160.0,8189.0,7993.0,8016.0,152500.0,1228522700.0,8003.6,7899.04,52.256682798943935,0.015083520319122412,0.009437523593808894,0.007224334600760551,1099.15,0.859,0.014806862606088846,0.01183774802486869,0.10571388374041926
8020.0,8055.0,7912.0,7915.0,155400.0,1236667600.0,8008.6,7885.32,48.23826599069275,-0.015596217610217344,0.015083520319122412,0.009437523593808894,1099.15,0.859,0.003763956313757754,0.013858641970553413,0.10571388374041926
7981.0,7981.0,7856.0,7909.0,179800.0,1422324700.0,8001.0,7870.36,48.002115917046034,-0.01259980039920161,-0.015596217610217344,0.015083520319122412,1099.15,0.859,0.00490955941024303,0.013371805308259483,0.10571388374041926
7952.0,8023.0,7894.0,7918.0,149800.0,1188889700.0,7980.2,7864.52,48.410094226937105,-0.0007580543272267537,-0.01259980039920161,-0.015596217610217344,1099.15,0.859,0.006800160721824035,0.012236781249875366,0.10571388374041926
7964.0,8046.0,7943.0,8010.0,137500.0,1100642400.0,7953.6,7865.88,52.511822678285114,0.0011379441143002378,-0.0007580543272267537,-0.01259980039920161,1099.15,0.859,0.01832217120017085,0.011027252041233561,0.10571388374041926
7951.0,8083.0,7951.0,8045.0,158900.0,1276607300.0,7959.4,7865.84,54.00989063022092,0.0116190957312452,0.0011379441143002378,-0.0007580543272267537,1099.15,0.859,0.022776969783265343,0.00883006408506381,0.10571388374041926
8143.0,8197.0,8088.0,8140.0,193800.0,1577712000.0,8004.4,7864.32,57.89268020889794,0.004369538077403146,0.0116190957312452,0.0011379441143002378,1099.15,0.859,0.03505452473958337,0.005844195837432557,0.10571388374041926
8273.0,8320.0,8187.0,8267.0,249000.0,2055288000.0,8076.0,7877.44,62.45603605642586,0.011808576755748978,0.004369538077403146,0.0116190957312452,1099.15,0.859,0.049452614047203206,0.005948612537631524,0.10571388374041926
8210.0,8464.0,8207.0,8381.0,288700.0,2417581600.0,8168.6,7896.24,66.01630754231323,0.015601965601965695,0.011808576755748978,0.004369538077403146,1099.15,0.859,0.061391244440391915,0.00427208063840922,0.10571388374041926
8484.0,8609.0,8402.0,8531.0,439800.0,3744131400.0,8272.8,7929.0,70.04188809767102,0.013789766541671744,0.015601965601965695,0.011808576755748978,1099.15,0.859,0.07592382393744482,0.0051675750307792635,0.10571388374041926
8569.0,8600.0,8401.0,8401.0,317800.0,2694969200.0,8344.0,7959.92,63.069029162269175,0.017897625581672738,0.013789766541671744,0.015601965601965695,1099.15,0.859,0.05541261721223328,0.013609099609798881,0.10571388374041926
8586.0,8625.0,7968.0,7978.0,582300.0,4743275600.0,8311.6,7974.68,46.75774117312522,-0.015238541788770377,0.017897625581672738,0.013789766541671744,1099.15,0.859,0.0004163176453474884,0.02938696516419002,0.10571388374041926
7966.0,8022.0,7824.0,7834.0,308700.0,2437618700.0,8225.0,7979.16,42.708333144160974,-0.05035114867277701,-0.015238541788770377,0.017897625581672738,1099.15,0.859,-0.01819239117902133,0.027676355713646014,0.10571388374041926
7800.0,7855.0,7725.0,7751.0,289700.0,2247762000.0,8099.0,7976.8,40.52956868305775,-0.018049636500376054,-0.05035114867277701,-0.015238541788770377,1099.15,0.859,-0.028307090562631653,0.02429178258413046,0.10571388374041926
7777.0,7830.0,7677.0,7679.0,204200.0,1581056500.0,7928.6,7976.36,38.68587335945298,-0.010594842992085796,-0.018049636500376054,-0.05035114867277701,1099.15,0.859,-0.03728016288131424,0.016943765454982506,0.10571388374041926
7810.0,7949.0,7740.0,7917.0,184100.0,1449748000.0,7831.8,7985.48,47.231113064519526,-0.009289123984002057,-0.010594842992085796,-0.018049636500376054,1099.15,0.859,-0.008575564649839404,0.02899877454637189,0.10571388374041926
7900.0,7967.0,7845.0,7920.0,211200.0,1672834700.0,7820.2,7992.24,47.330756745529705,0.030993618960802216,-0.009289123984002057,-0.010594842992085796,1099.15,0.859,-0.009038767604576413,0.01921240759219277,0.10571388374041926
7830.0,8160.0,7812.0,7983.0,413300.0,3288309600.0,7850.0,7995.8,49.4878630554506,0.00037893141341416303,0.030993618960802216,-0.009289123984002057,275.87,0.829,-0.0016008404412316693,0.016933356645927253,0.04581497797356828
7791.0,7916.0,7371.0,7460.0,531900.0,4006642700.0,7791.8,7985.12,36.22429801018533,0.007954545454545547,0.00037893141341416303,0.030993618960802216,275.87,0.829,-0.06576231791131504,0.03588422543892204,0.04581497797356828
7201.0,7274.0,7027.0,7037.0,512000.0,3641613200.0,7663.4,7956.8,29.36838885368435,-0.06551421771263932,0.007954545454545547,0.00037893141341416303,275.87,0.829,-0.11559923587371809,0.04230001226955606,0.04581497797356828
6587.0,6830.0,6139.0,6233.0,548300.0,3571310800.0,7326.6,7893.08,21.167852724467167,-0.05670241286863276,-0.06551421771263932,0.007954545454545547,275.87,0.829,-0.21032093935447252,0.050535269318435896,0.04581497797356828
6765.0,7008.0,6655.0,6830.0,342000.0,2336148600.0,7108.6,7850.68,35.55715661437661,-0.11425323291175216,-0.05670241286863276,-0.06551421771263932,275.87,0.829,-0.13001166777909687,0.08104714029610505,0.04581497797356828
6700.0,7021.0,6700.0,6800.0,401100.0,2754009100.0,6872.0,7804.8,35.209359352739,0.09578052302262163,-0.11425323291175216,-0.05670241286863276,275.87,0.829,-0.12874128741287416,0.07991329320964435,0.04581497797356828
6710.0,6847.0,6680.0,6717.0,286200.0,1930075700.0,6723.4,7752.6,34.21229572884833,-0.004392386530014614,0.09578052302262163,-0.11425323291175216,275.87,0.829,-0.13358099218326758,0.07734125514108504,0.04581497797356828
6817.0,6926.0,6765.0,6856.0,272300.0,1866891900.0,6687.2,7701.12,37.40896897142946,-0.012205882352941178,-0.004392386530014614,0.09578052302262163,275.87,0.829,-0.10973988199119088,0.07546998966897495,0.04581497797356828
6956.0,7009.0,6854.0,6968.0,279500.0,1939517200.0,6834.2,7659.2,39.94128249413122,0.020693762096173796,-0.012205882352941178,-0.004392386530014614,275.87,0.829,-0.0902444119490286,0.042825910914011736,0.04581497797356828
6932.0,7085.0,6901.0,7012.0,146700.0,1025430600.0,6870.6,7623.08,40.952000252370134,0.016336056009334854,0.020693762096173796,-0.012205882352941178,275.87,0.829,-0.0801618243544604,0.01378566262274155,0.04581497797356828
6968.0,7117.0,6961.0,7085.0,206700.0,1459060900.0,6927.6,7590.12,42.67564548473737,0.006314580941446657,0.016336056009334854,0.020693762096173796,275.87,0.829,-0.06654967246894646,0.012718798172901986,0.04581497797356828
7249.0,7262.0,7149.0,7248.0,170700.0,1231381600.0,7033.8,7563.32,46.43548490819249,0.010410724472333044,0.006314580941446657,0.016336056009334854,275.87,0.829,-0.041690686100812835,0.006967478583329517,0.04581497797356828
7248.0,7305.0,7112.0,7139.0,185600.0,1336573600.0,7090.4,7528.48,44.34108312705301,0.023006351446718476,0.010410724472333044,0.006314580941446657,275.87,0.829,-0.05173421460905782,0.014438657970747087,0.04581497797356828
7201.0,7238.0,7142.0,7195.0,101700.0,731108700.0,7135.8,7494.48,45.69622951240263,-0.015038631346578346,0.023006351446718476,0.010410724472333044,275.87,0.829,-0.0399600772835473,0.013725042048484576,0.04581497797356828
7112.0,7211.0,7102.0,7211.0,98200.0,704215400.0,7175.6,7457.32,46.100020571872285,0.007844235887379147,-0.015038631346578346,0.023006351446718476,275.87,0.829,-0.03303063298879486,0.013860672141450836,0.04581497797356828
7211.0,7211.0,7110.0,7168.0,125400.0,897526000.0,7192.2,7413.36,45.12880923250421,0.002223766504517055,0.007844235887379147,-0.015038631346578346,275.87,0.829,-0.03309700324818971,0.014390438945956692,0.04581497797356828
7203.0,7267.0,7172.0,7229.0,110000.0,794739200.0,7188.4,7367.28,46.83979094667494,-0.0059631119123561005,0.002223766504517055,0.007844235887379147,275.87,0.829,-0.01876947801630992,0.009993026440060901,0.04581497797356828
7135.0,7155.0,7087.0,7110.0,159100.0,1131651000.0,7182.6,7310.44,43.960003020951454,0.008510044642857206,-0.0059631119123561005,0.002223766504517055,275.87,0.829,-0.027418322289766362,0.010517577084912003,0.04581497797356828
7111.0,7250.0,7099.0,7211.0,157000.0,1130420500.0,7185.8,7262.84,46.94166411734952,-0.016461474616129457,0.008510044642857206,-0.0059631119123561005,275.87,0.829,-0.0071377037081913055,0.01208751474282089,0.04581497797356828
7131.0,7228.0,7131.0,7213.0,144400.0,1037422500.0,7186.2,7232.24,47.00179735982014,0.014205344585091373,-0.016461474616129457,0.008510044642857206,275.87,0.829,-0.0026603099454663814,0.01204952166757607,0.04581497797356828
7198.0,7260.0,7151.0,7246.0,355300.0,2569681100.0,7201.8,7208.72,48.048037983521986,0.00027735404243522943,0.014205344585091373,-0.016461474616129457,275.87,0.829,0.005171514499106602,0.011635407957642594,0.04581497797356828
7251.0,7318.0,7230.0,7255.0,168700.0,1225615000.0,7207.0,7188.88,48.347522824744246,0.004575072785248935,0.00027735404243522943,0.014205344585091373,275.87,0.829,0.009197538420449345,0.011094776906163546,0.04581497797356828
7310.0,7351.0,7271.0,7300.0,146000.0,1066344400.0,7245.0,7173.72,49.902568115384916,0.0012420645873585379,0.004575072785248935,0.00027735404243522943,275.87,0.829,0.017603140351170627,0.005530352916354436,0.04581497797356828
7371.0,7391.0,7311.0,7352.0,96500.0,709698800.0,7273.2,7151.12,51.71169634429853,0.006202618883528688,0.0012420645873585379,0.004575072785248935,275.87,0.829,0.02809070467283448,0.0030138960455975247,0.04581497797356828
7202.0,7264.0,7172.0,7194.0,173400.0,1250245200.0,7269.4,7122.08,46.24688921579432,0.007123287671232825,0.006202618883528688,0.0012420645873585379,275.87,0.829,0.010098173567272493,0.011962835667221028,0.04581497797356828
7140.0,7239.0,7043.0,7113.0,152900.0,1089491100.0,7242.8,7087.28,43.69739396791466,-0.02149075081610441,0.007123287671232825,0.006202618883528688,275.87,0.829,0.0036290368096082355,0.012382086841696718,0.04581497797356828
7100.0,7120.0,6991.0,7047.0,141000.0,992402300.0,7201.2,7070.76,41.681097331989,-0.01125938281901584,-0.02149075081610441,0.007123287671232825,275.87,0.829,-0.0033603177027646557,0.012238903680771815,0.04581497797356828
6892.0,7072.0,6873.0,7020.0,182700.0,1277885500.0,7145.2,7070.08,40.85066822073847,-0.009278785322648697,-0.01125938281901584,-0.02149075081610441,275.87,0.829,-0.007083371050964052,0.010488459440760774,0.04581497797356828
7046.0,7120.0,7046.0,7065.0,168600.0,1194456200.0,7087.8,7103.36,42.892817965955594,-0.003831417624521105,-0.009278785322648697,-0.01125938281901584,275.87,0.829,-0.005400261284800386,0.010237569441908343,0.04581497797356828
6986.0,7035.0,6840.0,6902.0,186900.0,1293620700.0,7029.4,7106.24,37.80174456037481,0.0064102564102563875,-0.003831417624521105,-0.009278785322648697,275.87,0.829,-0.028740937542216387,0.010772980168075198,0.04581497797356828
7002.0,7062.0,6920.0,7045.0,163400.0,1144766300.0,7015.8,7116.04,44.073323690112936,-0.02307147912243457,0.0064102564102563875,-0.003831417624521105,275.87,0.829,-0.009983080477344137,0.01648507858793775,0.04581497797356828
7045.0,7119.0,7004.0,7093.0,183200.0,1293331100.0,7025.0,7131.08,46.04012077027976,0.020718632280498417,-0.02307147912243457,0.0064102564102563875,275.87,0.829,-0.005340004599583783,0.01623142949707084,0.04581497797356828
7097.0,7120.0,6921.0,7021.0,163100.0,1141247800.0,7025.2,7137.68,43.565227507353455,0.006813342796309518,0.020718632280498417,-0.02307147912243457,275.87,0.829,-0.016347048340637334,0.016970592685806817,0.04581497797356828
7050.0,7108.0,7025.0,7103.0,107400.0,759989400.0,7032.8,7143.08,47.055858716609606,-0.010150852953616285,0.006813342796309518,0.020718632280498417,275.87,0.829,-0.005611024936021986,0.01760857602390155,0.04581497797356828
7151.0,7179.0,7104.0,7113.0,111300.0,794502800.0,7075.0,7147.12,47.482469974716984,0.011679247970374673,-0.010150852953616285,0.006813342796309518,275.87,0.829,-0.004773950906099225,0.011526572693932166,0.04581497797356828
7200.0,7299.0,7177.0,7216.0,234200.0,1695823200.0,7109.2,7152.36,51.7913215800972,0.001407855835562355,0.011679247970374673,-0.010150852953616285,275.87,0.829,0.008897762416880629,0.009748259983666876,0.04581497797356828
7276.0,7286.0,7222.0,7242.0,177400.0,1287074000.0,7139.0,7152.12,52.84309773426528,0.01448052860958815,0.001407855835562355,0.011679247970374673,275.87,0.829,0.012566903239878541,0.009691848040167945,0.04581497797356828
7249.0,7290.0,7207.0,7274.0,187100.0,1358578400.0,7189.6,7157.52,54.1684281357826,0.003603104212860364,0.01448052860958815,0.001407855835562355,275.87,0.829,0.016273793157406412,0.005640444082553759,0.04581497797356828
7300.0,7365.0,7244.0,7365.0,265900.0,1943644300.0,7242.0,7164.32,57.80056053669635,0.004418668876001064,0.003603104212860364,0.01448052860958815,275.87,0.829,0.0280110324496952,0.005817914874746802,0.04581497797356828
7200.0,7269.0,7156.0,7237.0,171300.0,1237570500.0,7266.8,7165.36,51.6054921622529,0.012510310695628357,0.004418668876001064,0.003603104212860364,275.87,0.829,0.009998101979523754,0.012634893821062355,0.04581497797356828
7070.0,7200.0,7060.0,7157.0,171500.0,1224266500.0,7255.0,7164.92,48.133146083087894,-0.01737949762389679,0.012510310695628357,0.004418668876001064,275.87,0.829,-0.0011053856846971178,0.012255325567249084,0.04581497797356828
7137.0,7198.0,7115.0,7195.0,136500.0,978515100.0,7245.6,7163.56,49.85897822137691,-0.01105430426972498,-0.01737949762389679,0.012510310695628357,275.87,0.829,0.00438887927231706,0.012457841987643275,0.04581497797356828
7215.0,7295.0,7179.0,7197.0,142300.0,1027235200.0,7230.2,7167.04,49.95336574766533,0.005309487215313657,-0.01105430426972498,-0.01737949762389679,275.87,0.829,0.004180247354556419,0.01212078442360125,0.04581497797356828
7347.0,7347.0,7233.0,7236.0,121600.0,883100800.0,7204.4,7168.04,51.8565377435912,0.0002779708130646874,0.005309487215313657,-0.01105430426972498,275.87,0.829,0.009480973878493986,0.010260777959342136,0.04581497797356828
7291.0,7359.0,7273.0,7340.0,138900.0,1016554400.0,7225.0,7173.12,56.59656343816636,0.00541892455189652,0.0002779708130646874,0.005309487215313657,275.87,0.829,0.02326463240542471,0.009291962017409143,0.04581497797356828
7434.0,7439.0,7338.0,7344.0,119800.0,882838200.0,7262.4,7177.04,56.77284680923054,0.014372581536760576,0.00541892455189652,0.0002779708130646874,275.87,0.829,0.023263072241481175,0.005702867409473801,0.04581497797356828
7328.0,7337.0,7222.0,7243.0,104500.0,759970400.0,7272.0,7176.56,51.12636173901506,0.0005449591280652921,0.014372581536760576,0.00541892455189652,275.87,0.829,0.009257917442340006,0.010198417398701889,0.04581497797356828
7296.0,7334.0,7228.0,7296.0,126500.0,920646500.0,7291.8,7176.4,53.72713834381785,-0.013752723311546866,0.0005449591280652921,0.014372581536760576,275.87,0.829,0.016665737695780666,0.010491261908439005,0.04581497797356828
7300.0,7303.0,7222.0,7268.0,76900.0,558145600.0,7298.2,7173.04,52.14830806284168,0.007317409913019546,-0.013752723311546866,0.0005449591280652921,275.87,0.829,0.013238459565261039,0.01072338292424868,0.04581497797356828
7285.0,7314.0,7226.0,7265.0,100400.0,729848100.0,7283.2,7175.88,51.97208619724068,-0.003837719298245612,0.007317409913019546,-0.013752723311546866,275.87,0.829,0.01241938270985578,0.007702434665297666,0.04581497797356828
7303.0,7313.0,7155.0,7248.0,137100.0,992245000.0,7264.0,7181.28,50.92197056439858,-0.000412768299394628,-0.003837719298245612,0.007317409913019546,275.87,0.829,0.009290822805962204,0.007568382627445692,0.04581497797356828
7180.0,7299.0,7156.0,7182.0,96700.0,697242200.0,7251.8,7186.68,46.9552565631782,-0.0023399862353751244,-0.000412768299394628,-0.003837719298245612,275.87,0.829,-0.0006512047287482246,0.005974851328395959,0.04581497797356828
7230.0,7240.0,7158.0,7158.0,70700.0,507885100.0,7224.2,7192.2,45.56526682215015,-0.009105960264900625,-0.0023399862353751244,-0.000412768299394628,275.87,0.829,-0.004755151414031843,0.003239188768518717,0.04581497797356828
7199.0,7221.0,7162.0,7170.0,63900.0,459170900.0,7204.6,7196.4,46.41933039996811,-0.003341687552213868,-0.009105960264900625,-0.0023399862353751244,275.87,0.829,-0.003668500917125179,0.004060858678585481,0.04581497797356828
7168.0,7235.0,7134.0,7142.0,83700.0,600883500.0,7180.0,7206.0,44.658647533102055,0.0016764459346185756,-0.003341687552213868,-0.009105960264900625,275.87,0.829,-0.008881487649181239,0.0038636268246262165,0.04581497797356828
7135.0,7142.0,7032.0,7051.0,132100.0,933042300.0,7140.6,7206.24,39.42481337515097,-0.003905160390516027,0.0016764459346185756,-0.003341687552213868,275.87,0.829,-0.02154244099558158,0.005571008556271158,0.04581497797356828
7010.0,7074.0,6960.0,6981.0,135000.0,945895200.0,7100.4,7201.76,35.935943487308634,-0.012741528983478023,-0.003905160390516027,0.0016764459346185756,275.87,0.829,-0.03065361800448782,0.005714844760720383,0.04581497797356828
6940.0,6954.0,6861.0,6931.0,116700.0,807955500.0,7055.0,7198.16,33.645602798981244,-0.009927669834066122,-0.012741528983478023,-0.003905160390516027,275.87,0.829,-0.03711504051035262,0.005583301455615454,0.04581497797356828
6931.0,6931.0,6825.0,6873.0,107900.0,741244700.0,6995.6,7188.96,31.164345932490647,-0.007162297665090911,-0.009927669834066122,-0.012741528983478023,275.87,0.829,-0.0439507244441477,0.003275551532949213,0.04581497797356828
6800.0,6959.0,6760.0,6901.0,137500.0,945028900.0,6947.4,7180.48,33.70608971425776,-0.008368200836820106,-0.007162297665090911,-0.009927669834066122,275.87,0.829,-0.0389221890458576,0.006440368884351159,0.04581497797356828
6961.0,6994.0,6895.0,6926.0,106400.0,737388800.0,6922.4,7168.88,35.9791270976084,0.004073912410883063,-0.008368200836820106,-0.007162297665090911,275.87,0.829,-0.03387976922476037,0.006828424778125921,0.04581497797356828
6989.0,7043.0,6949.0,6981.0,229700.0,1605510300.0,6922.4,7158.44,40.78909322895289,0.003622663382118585,0.004073912410883063,-0.008368200836820106,275.87,0.829,-0.02478752353864803,0.007316153073876725,0.04581497797356828
6910.0,7455.0,6875.0,7338.0,376900.0,2731233300.0,7003.8,7161.0,61.17783385127439,0.007941091539128031,0.003622663382118585,0.004073912410883063,448.13,0.842,0.024717218265605363,0.02288930066290223,0.06388545029926365
7238.0,7366.0,7150.0,7274.0,292000.0,2123193600.0,7084.0,7157.36,57.36430639943741,0.05113880532874937,0.007941091539128031,0.003622663382118585,448.13,0.842,0.016296511562922687,0.02296713107546099,0.06388545029926365
7400.0,7486.0,7356.0,7420.0,223000.0,1657941600.0,7187.8,7164.68,63.026456989004295,-0.008721722540201648,0.05113880532874937,0.007941091539128031,448.13,0.842,0.03563592512156854,0.02276810112795791,0.06388545029926365
7442.0,7820.0,7442.0,7800.0,303700.0,2333501700.0,7362.6,7190.4,73.05607458732395,0.020071487489689233,-0.008721722540201648,0.05113880532874937,448.13,0.842,0.08477970627503344,0.026554434658912066,0.06388545029926365
7950.0,8248.0,7920.0,8200.0,551200.0,4485805300.0,7606.4,7230.6,79.39289464946468,0.05121293800539073,0.020071487489689233,-0.008721722540201648,448.13,0.842,0.13406909523414373,0.026938862643100213,0.06388545029926365
8249.0,8312.0,8102.0,8126.0,281700.0,2302047900.0,7764.0,7267.76,75.83935199369219,0.05128205128205132,0.05121293800539073,0.020071487489689233,448.13,0.842,0.11808865455105834,0.03006461680574045,0.06388545029926365
8055.0,8130.0,7949.0,7965.0,206300.0,1649253000.0,7902.2,7296.92,68.64086110570095,-0.009024390243902447,0.05128205128205132,0.05121293800539073,448.13,0.842,0.09155643751062091,0.033062216017575974,0.06388545029926365
8023.0,8241.0,8008.0,8133.0,164600.0,1340227600.0,8044.8,7328.64,71.66334199453334,-0.019812946098941686,-0.009024390243902447,0.05128205128205132,448.13,0.842,0.10975569819229757,0.033075597374586936,0.06388545029926365
8133.0,8276.0,8033.0,8041.0,132600.0,1075868400.0,8093.0,7356.52,67.80900204295406,0.02109227871939745,-0.019812946098941686,-0.009024390243902447,448.13,0.842,0.09304399362742159,0.029449085692719878,0.06388545029926365
8087.0,8110.0,8000.0,8042.0,99600.0,803442000.0,8061.4,7388.48,67.8292560482557,-0.011311939013894046,0.02109227871939745,-0.019812946098941686,448.13,0.842,0.08845121053315438,0.015613801413227518,0.06388545029926365
8075.0,8122.0,7981.0,8015.0,139400.0,1119575400.0,8039.2,7417.24,66.61063548199314,0.0001243626414624277,-0.011311939013894046,0.02109227871939745,448.13,0.842,0.08059062400569487,0.015341847362894264,0.06388545029926365
8035.0,8190.0,8035.0,8129.0,116600.0,948625300.0,8072.0,7451.68,69.1322687768181,-0.0033573737876150256,0.0001243626414624277,-0.011311939013894046,448.13,0.842,0.0908949391278208,0.01323018046730412,0.06388545029926365
8135.0,8187.0,8022.0,8082.0,126700.0,1025104800.0,8061.8,7484.36,66.88937550595979,0.014223331253898852,-0.0033573737876150256,0.0001243626414624277,448.13,0.842,0.07985185106007733,0.00958552456553324,0.06388545029926365
8027.0,8148.0,7990.0,8123.0,248700.0,2013990300.0,8078.2,7519.36,67.86870035130582,-0.005781768975273716,0.014223331253898852,-0.0033573737876150256,448.13,0.842,0.08027810877521496,0.007931152343311858,0.06388545029926365
8100.0,8115.0,7950.0,7959.0,226000.0,1815162600.0,8061.6,7550.44,60.19876572641371,0.005073001732244453,-0.005781768975273716,0.014223331253898852,448.13,0.842,0.05411075381037402,0.012847459553604614,0.06388545029926365
7959.0,8129.0,7855.0,8077.0,203200.0,1633230900.0,8074.0,7587.2,63.403449109944866,-0.020189585128647103,0.005073001732244453,-0.005781768975273716,448.13,0.842,0.06455609447490512,0.014795344191667904,0.06388545029926365
8150.0,8210.0,8026.0,8026.0,162000.0,1311051800.0,8053.4,7621.44,61.11313014694565,0.014825983163714085,-0.020189585128647103,0.005073001732244453,448.13,0.842,0.05308183230465639,0.013188794695442435,0.06388545029926365
8025.0,8073.0,7651.0,7865.0,352300.0,2755742500.0,8010.0,7650.36,54.42887764444724,-0.006314225578804011,0.014825983163714085,-0.020189585128647103,448.13,0.842,0.028056196048290582,0.015437205087500683,0.06388545029926365
7858.0,7860.0,7539.0,7565.0,287400.0,2191009800.0,7898.4,7670.92,44.632794542132814,-0.02005980563169696,-0.006314225578804011,0.014825983163714085,448.13,0.842,-0.013807991740234558,0.019672028640360672,0.06388545029926365
7591.0,7708.0,7589.0,7708.0,139900.0,1071064500.0,7848.2,7700.0,49.31550861525331,-0.03814367450731082,-0.02005980563169696,-0.006314225578804011,448.13,0.842,0.001038961038961039,0.02389948395176563,0.06388545029926365
7699.0,7799.0,7664.0,7720.0,114500.0,886302500.0,7776.8,7731.56,49.69996160717979,0.018902842035690703,-0.03814367450731082,-0.02005980563169696,448.13,0.842,-0.001495170444257097,0.02161437090840163,0.06388545029926365
7717.0,7770.0,7679.0,7730.0,104000.0,803491300.0,7717.6,7765.84,50.04005138053238,0.0015568240788790266,0.018902842035690703,-0.03814367450731082,448.13,0.842,-0.0046150834938654605,0.022096699097126624,0.06388545029926365
7739.0,7824.0,7724.0,7735.0,118200.0,917146100.0,7691.6,7799.2,50.22127870557879,0.0012953367875647714,0.0015568240788790266,0.018902842035690703,448.13,0.842,-0.00823161349882037,0.021019135437751132,0.06388545029926365
7743.0,7768.0,7652.0,7652.0,141200.0,1084887700.0,7709.0,7828.24,47.16287547128532,0.0006468305304010435,0.0012953367875647714,0.0015568240788790266,448.13,0.842,-0.022513361879553998,0.010603485752899917,0.06388545029926365
7654.0,7665.0,7608.0,7608.0,94200.0,718206400.0,7689.0,7853.32,45.578259664437525,-0.010730446024563634,0.0006468305304010435,0.0012953367875647714,448.13,0.842,-0.031237744036916835,0.005454863693848976,0.06388545029926365
7600.0,7612.0,7512.0,7534.0,96300.0,727050700.0,7651.8,7861.16,42.963753609244705,-0.005750130684788246,-0.010730446024563634,0.0006468305304010435,448.13,0.842,-0.04161726768059674,0.005638071659745662,0.06388545029926365
7547.0,7588.0,7450.0,7502.0,166000.0,1246485300.0,7606.2,7870.28,41.845892892277135,-0.009726603575184067,-0.005750130684788246,-0.010730446024563634,448.13,0.842,-0.04679376083188905,0.004570876805254845,0.06388545029926365
7594.0,7649.0,7509.0,7558.0,138300.0,1046249600.0,7570.8,7875.8,44.56420004819613,-0.004247411733474871,-0.009726603575184067,-0.005750130684788246,448.13,0.842,-0.04035145635998885,0.007260646329467951,0.06388545029926365
7539.0,7585.0,7501.0,7532.0,92600.0,697633400.0,7546.8,7865.08,43.54645053747271,0.00746467608637702,-0.004247411733474871,-0.009726603575184067,448.13,0.842,-0.04234921958835764,0.006402571408397602,0.06388545029926365
7569.0,7615.0,7522.0,7548.0,138100.0,1045796500.0,7534.8,7839.0,44.38814312322163,-0.0034400635088648324,0.00746467608637702,-0.004247411733474871,448.13,0.842,-0.0371220818982013,0.006566367537236246,0.06388545029926365
7450.0,7552.0,7408.0,7500.0,211800.0,1584417100.0,7528.0,7813.96,42.34826684429103,0.0021242697822623224,-0.0034400635088648324,0.00746467608637702,448.13,0.842,-0.04017937127909537,0.005625271276162594,0.06388545029926365
7500.0,7576.0,7498.0,7500.0,125000.0,940410600.0,7527.6,7795.36,42.348266844291025,-0.006359300476947549,0.0021242697822623224,-0.0034400635088648324,448.13,0.842,-0.03788920588657864,0.005303296039414507,0.06388545029926365
7476.0,7537.0,7408.0,7408.0,130200.0,969829400.0,7497.6,7766.36,38.423205896657926,0.0,-0.006359300476947549,0.0021242697822623224,448.13,0.842,-0.04614259447154132,0.005650743477611717,0.06388545029926365
7414.0,7470.0,7301.0,7301.0,126100.0,928383000.0,7451.4,7736.76,34.426647771224324,-0.012266666666666648,0.0,-0.006359300476947549,448.13,0.842,-0.05632331880528803,0.007289095749334855,0.06388545029926365
7228.0,7331.0,7219.0,7318.0,162200.0,1182800300.0,7405.4,7707.8,35.57323911839866,-0.014443844492440627,-0.012266666666666648,0.0,448.13,0.842,-0.05057214769454321,0.007347650007177736,0.06388545029926365
7318.0,7363.0,7288.0,7295.0,97700.0,714077000.0,7364.4,7679.0,34.689462628872704,0.0023284481577865446,-0.014443844492440627,-0.012266666666666648,448.13,0.842,-0.05000651126448756,0.007464421645345804,0.06388545029926365
7261.0,7318.0,7220.0,7300.0,119700.0,871842800.0,7324.4,7645.84,35.06713088003474,-0.003142935228204413,0.0023284481577865446,-0.014443844492440627,448.13,0.842,-0.04523244012430291,0.007595927291280813,0.06388545029926365
7315.0,7363.0,7299.0,7337.0,61500.0,450964800.0,7310.2,7616.04,37.92763083305967,0.0006854009595613775,-0.003142935228204413,0.0023284481577865446,448.13,0.842,-0.03663846303328239,0.0076160502793405915,0.06388545029926365
7330.0,7351.0,7278.0,7351.0,59800.0,437324400.0,7320.2,7585.16,39.022241814187794,0.005068493150685027,0.0006854009595613775,-0.003142935228204413,448.13,0.842,-0.030870805625721785,0.0029884078005580007,0.06388545029926365
7352.0,7383.0,7320.0,7383.0,90400.0,665486700.0,7333.2,7562.12,41.55903735696067,0.0019081368406705934,0.005068493150685027,0.0006854009595613775,448.13,0.842,-0.023686479452851832,0.0032743315146371624,0.06388545029926365
7400.0,7436.0,7363.0,7436.0,95900.0,711199000.0,7361.4,7536.48,45.596005955565026,0.004353149231397069,0.0019081368406705934,0.005068493150685027,448.13,0.842,-0.013332484130522414,0.00257889068253835,0.06388545029926365
7440.0,7490.0,7389.0,7424.0,120200.0,892644900.0,7386.2,7512.4,44.840738405541025,0.00717865366382231,0.004353149231397069,0.0019081368406705934,448.13,0.842,-0.011767211543581232,0.003366449201790931,0.06388545029926365
7421.0,7462.0,7367.0,7432.0,156400.0,1161289400.0,7405.2,7495.08,45.489001924203095,-0.0016137708445400634,0.00717865366382231,0.004353149231397069,448.13,0.842,-0.008416187685788534,0.0033387135285734915,0.06388545029926365
7480.0,7510.0,7415.0,7444.0,151400.0,1128394800.0,7423.8,7490.24,46.50460837813779,0.0010775862068965747,-0.0016137708445400634,0.00717865366382231,448.13,0.842,-0.006173366941513193,0.0033560306087296087,0.06388545029926365
7441.0,7476.0,7396.0,7462.0,146700.0,1092728900.0,7439.6,7480.4,48.06759652038239,0.0016146393972011897,0.0010775862068965747,-0.0016137708445400634,448.13,0.842,-0.0024597615100796265,0.003200029071428631,0.06388545029926365
7428.0,7428.0,7334.0,7375.0,121200.0,893225900.0,7427.4,7466.6,41.722464068568286,0.002418054809242287,0.0016146393972011897,0.0010775862068965747,448.13,0.842,-0.012267966678273961,0.0058057726737138,0.06388545029926365
7396.0,7494.0,7385.0,7393.0,103600.0,768076800.0,7421.2,7453.12,43.387555660279425,-0.011659072634682355,0.002418054809242287,0.0016146393972011897,448.13,0.842,-0.008066420505774748,0.0060854499538853645,0.06388545029926365
7363.0,7380.0,7265.0,7273.0,206500.0,1507802100.0,7389.4,7434.64,36.00236937393734,0.002440677966101701,-0.011659072634682355,0.002418054809242287,448.13,0.842,-0.021741469660938567,0.008973139258339967,0.06388545029926365
7301.0,7368.0,7287.0,7325.0,190100.0,1392059100.0,7365.6,7421.56,40.71182926625407,-0.01623157040443668,0.002440677966101701,-0.011659072634682355,448.13,0.842,-0.013010741676952068,0.010147311201830213,0.06388545029926365
7325.0,7395.0,7313.0,7349.0,181300.0,1334089600.0,7343.0,7411.2,42.8038527910316,0.007149731885054411,-0.01623157040443668,0.002440677966101701,448.13,0.842,-0.008392702936096693,0.01027211938009073,0.06388545029926365
7349.0,7482.0,7335.0,7436.0,164900.0,1220799600.0,7355.2,7407.28,49.72871580598515,0.0032764505119453613,0.007149731885054411,-0.01623157040443668,448.13,0.842,0.003877266688987085,0.010689486684751039,0.06388545029926365
7436.0,7475.0,7397.0,7436.0,141200.0,1049641400.0,7363.8,7404.64,49.72871580598515,0.011838345353109236,0.0032764505119453613,0.007149731885054411,448.13,0.842,0.004235182264093821,0.01070262558454832,0.06388545029926365
7500.0,7519.0,7388.0,7430.0,220600.0,1638239100.0,7395.2,7399.52,49.251771539556316,0.0,0.011838345353109236,0.0032764505119453613,448.13,0.842,0.004119186109369197,0.005257499308503223,0.06388545029926365
7393.0,7416.0,7354.0,7395.0,172100.0,1271751400.0,7409.2,7394.04,46.452950261085725,-0.0008068854222700317,0.0,0.011838345353109236,448.13,0.842,0.0001298342989759369,0.0062309935693711585,0.06388545029926365
7395.0,7395.0,7309.0,7347.0,193300.0,1419266300.0,7408.8,7386.0,42.856088724954795,-0.004710632570659512,-0.0008068854222700317,0.0,448.13,0.842,-0.005280259951259139,0.007160886519987931,0.06388545029926365
7302.0,7358.0,7280.0,7306.0,263400.0,1926548300.0,7382.8,7378.24,40.006585165755986,-0.006490872210953347,-0.004710632570659512,-0.0008068854222700317,448.13,0.842,-0.009790952855965622,0.002925779863098604,0.06388545029926365
7398.0,7415.0,7334.0,7372.0,278300.0,2051360400.0,7370.0,7373.12,46.207082596926334,-0.005580509051313465,-0.006490872210953347,-0.004710632570659512,448.13,0.842,-0.0001519031292044468,0.006385206561044127,0.06388545029926365
7320.0,7384.0,7311.0,7314.0,226300.0,1660050300.0,7346.8,7369.36,42.09016375277689,0.009033670955379103,-0.005580509051313465,-0.006490872210953347,448.13,0.842,-0.007512185590064765,0.00689562246658689,0.06388545029926365
7329.0,7399.0,7321.0,7390.0,187500.0,1382080500.0,7345.8,7372.92,48.557905649936615,-0.007867607162235446,0.009033670955379103,-0.005580509051313465,448.13,0.842,0.0023165855590457957,0.009009725047723257,0.06388545029926365
7400.0,7470.0,7391.0,7431.0,294800.0,2192577600.0,7362.6,7377.44,51.692422106749774,0.010391030899644438,-0.007867607162235446,0.009033670955379103,448.13,0.842,0.007259970938428561,0.00846816675456783,0.06388545029926365
7391.0,7749.0,7285.0,7700.0,616600.0,4679524500.0,7441.4,7393.64,66.23103023041486,0.005548037889039348,0.010391030899644438,-0.007867607162235446,304.71,0.83,0.041435612228888564,0.01600311022219632,0.0735140358659147
7635.0,7730.0,7512.0,7567.0,486100.0,3690269600.0,7480.4,7404.32,57.08352991349,0.03619970394294181,0.005548037889039348,0.010391030899644438,304.71,0.83,0.02197095749508399,0.02039384728869067,0.0735140358659147
7700.0,7709.0,7412.0,7412.0,288100.0,2171443100.0,7500.0,7407.32,48.650345589030444,-0.017272727272727217,0.03619970394294181,0.005548037889039348,304.71,0.83,0.0006318074553280122,0.023052822707702713,0.0735140358659147
7498.0,7657.0,7494.0,7624.0,270900.0,2057048500.0,7546.8,7418.24,57.82734252145394,-0.020483679133077803,-0.017272727272727217,0.03619970394294181,304.71,0.83,0.027737037356569783,0.02581060142681435,0.0735140358659147
7675.0,7768.0,7636.0,7733.0,254800.0,1969477100.0,7607.2,7432.24,61.624769081610516,0.028602266594711212,-0.020483679133077803,-0.017272727272727217,304.71,0.83,0.040466938634920326,0.026024020666795385,0.0735140358659147
7733.0,7786.0,7695.0,7745.0,207000.0,1601201200.0,7616.2,7444.6,62.03012545768565,0.014296956977964292,0.028602266594711212,-0.020483679133077803,304.71,0.83,0.04035139564247906,0.020819854412714632,0.0735140358659147
7790.0,7808.0,7720.0,7802.0,236700.0,1840487800.0,7663.2,7459.72,63.97660115794225,0.001551791025475202,0.014296956977964292,0.028602266594711212,304.71,0.83,0.04588375971216074,0.018044182619412208,0.0735140358659147
7880.0,8278.0,7868.0,8206.0,706900.0,5741474800.0,7822.0,7490.68,74.10795309858646,0.007359586830212983,0.001551791025475202,0.014296956977964292,304.71,0.83,0.09549466804081869,0.020088112915925844,0.0735140358659147
8100.0,8144.0,8019.0,8113.0,211800.0,1715882300.0,7919.8,7517.44,69.27777740246874,0.05178159446295827,0.007359586830212983,0.001551791025475202,304.71,0.83,0.079223778307509,0.023771370700972513,0.0735140358659147
8178.0,8231.0,8096.0,8096.0,183000.0,1490958800.0,7992.4,7542.8,68.40015868753765,-0.011333170850597152,0.05178159446295827,0.007359586830212983,304.71,0.83,0.07334146470806595,0.02461682295024324,0.0735140358659147
8161.0,8174.0,8091.0,8109.0,128600.0,1045654500.0,8065.2,7572.16,68.72642227848372,-0.0020954024405275273,-0.011333170850597152,0.05178159446295827,304.71,0.83,0.07089654735240673,0.024612506189310622,0.0735140358659147
8160.0,8261.0,8142.0,8241.0,131500.0,1080596400.0,8153.0,7606.08,71.89905564501096,0.0016057312252963918,-0.0020954024405275273,-0.011333170850597152,304.71,0.83,0.08347532500315538,0.024744718111225795,0.0735140358659147
8241.0,8331.0,8188.0,8188.0,178600.0,1471174000.0,8149.4,7642.68,68.87766182050282,0.016278209396966226,0.0016057312252963918,-0.0020954024405275273,304.71,0.83,0.07135193413828653,0.010499645251928567,0.0735140358659147
8148.0,8148.0,7984.0,8103.0,215000.0,1732237400.0,8147.4,7673.8,64.21685680107078,-0.006431258342434187,0.016278209396966226,0.0016057312252963918,304.71,0.83,0.05593056894889101,0.010257518635916195,0.0735140358659147
8005.0,8039.0,7921.0,7922.0,179300.0,1427016100.0,8112.6,7696.72,55.59049940420746,-0.010381045432339975,-0.006431258342434187,0.016278209396966226,304.71,0.83,0.029269610951158383,0.014363136649969912,0.0735140358659147
7905.0,7932.0,7856.0,7895.0,174400.0,1376809300.0,8069.8,7715.08,54.41620623119684,-0.022337405899049756,-0.010381045432339975,-0.006431258342434187,304.71,0.83,0.023320561808821177,0.014022822270756234,0.0735140358659147
7856.0,7867.0,7766.0,7867.0,163400.0,1278905300.0,7995.0,7732.32,53.162035921055804,-0.003408230244887678,-0.022337405899049756,-0.010381045432339975,304.71,0.83,0.017417799573737288,0.007860600489385196,0.0735140358659147
7899.0,7939.0,7867.0,7932.0,159700.0,1263420600.0,7943.8,7752.4,55.71377867305018,-0.0035465484483850895,-0.003408230244887678,-0.022337405899049756,304.71,0.83,0.023167019245653005,0.011201093013822824,0.0735140358659147
7899.0,7920.0,7811.0,7857.0,209800.0,1649429500.0,7894.6,7770.88,52.1812480683832,0.008262361764332038,-0.0035465484483850895,-0.003408230244887678,304.71,0.83,0.011082399934112983,0.011123791994828443,0.0735140358659147
7920.0,8117.0,7920.0,8037.0,207700.0,1671586600.0,7917.6,7798.48,58.91427296121436,-0.009455370650529482,0.008262361764332038,-0.0035465484483850895,304.71,0.83,0.03058544742052303,0.012875641266368762,0.0735140358659147
8002.0,8005.0,7860.0,7951.0,197200.0,1563350800.0,7928.8,7824.28,54.93441889490638,0.02290950744558984,-0.009455370650529482,0.008262361764332038,304.71,0.83,0.016195739416278592,0.014128310266399836,0.0735140358659147
7961.0,8029.0,7915.0,8008.0,145100.0,1159552800.0,7957.0,7849.72,57.00742768336617,-0.010700510140599695,0.02290950744558984,-0.009455370650529482,304.71,0.83,0.020163776542347973,0.01398456529705527,0.0735140358659147
8099.0,8135.0,8057.0,8109.0,261700.0,2117603700.0,7992.4,7881.52,60.476715990713515,0.00716890957112315,-0.010700510140599695,0.02290950744558984,304.71,0.83,0.028862452927861573,0.014471104916824051,0.0735140358659147
8088.0,8092.0,7970.0,8075.0,219100.0,1766271000.0,8036.0,7908.92,58.757799755939715,0.012612387612387588,0.00716890957112315,-0.010700510140599695,304.71,0.83,0.020999074462758498,0.013349652363358184,0.0735140358659147
8068.0,8079.0,7840.0,7840.0,294600.0,2335222600.0,7996.6,7925.28,48.49751082733932,-0.004192872117400381,0.012612387612387588,0.00716890957112315,304.71,0.83,-0.010760503098944106,0.016372360946416965,0.0735140358659147
7724.0,7826.0,7703.0,7796.0,292800.0,2278753700.0,7965.6,7929.12,46.84800202585389,-0.029102167182662564,-0.004192872117400381,0.012612387612387588,304.71,0.83,-0.016788748310026823,0.01607263601578297,0.0735140358659147
7883.0,8176.0,7883.0,8140.0,454300.0,3675876200.0,7992.0,7952.04,58.6805901588912,-0.0056122448979591955,-0.029102167182662564,-0.004192872117400381,304.71,0.83,0.023636702028661832,0.027104126256383157,0.0735140358659147
8229.0,8300.0,8164.0,8164.0,291500.0,2398133200.0,8003.0,7982.12,59.360337825342604,0.044125192406362146,-0.0056122448979591955,-0.029102167182662564,304.71,0.83,0.022785926545829945,0.026638325591983352,0.0735140358659147
8144.0,8179.0,8060.0,8060.0,168500.0,1365787000.0,8000.0,7999.56,55.12806962059801,0.0029484029484030394,0.044125192406362146,-0.0056122448979591955,304.71,0.83,0.007555415547855082,0.027369730867538567,0.0735140358659147
8080.0,8170.0,8078.0,8142.0,175300.0,1426942000.0,8060.4,8015.92,57.68954235369568,-0.01273885350318471,0.0029484029484030394,0.044125192406362146,304.71,0.83,0.015728699887224414,0.022081795088615568,0.0735140358659147
8159.0,8219.0,8120.0,8195.0,159900.0,1308247700.0,8140.2,8033.92,59.30645733349217,0.010173697270471571,-0.01273885350318471,0.0029484029484030394,304.71,0.83,0.02004998805066517,0.020876518352317325,0.0735140358659147
8208.0,8339.0,8208.0,8328.0,171900.0,1426610600.0,8177.8,8054.96,63.115722435312726,0.0065094571358388365,0.010173697270471571,-0.01273885350318471,304.71,0.83,0.033897126739300995,0.010877912181229871,0.0735140358659147
8370.0,8440.0,8346.0,8388.0,360500.0,3025056600.0,8222.6,8062.24,64.72017334350123,0.01622940817571683,0.0065094571358388365,0.010173697270471571,304.71,0.83,0.040405644088987704,0.010880500495015703,0.0735140358659147
8410.0,8410.0,8273.0,8282.0,187300.0,1557468400.0,8267.0,8069.0,59.773290613242786,0.007204610951008661,0.01622940817571683,0.0065094571358388365,304.71,0.83,0.02639732308836287,0.010837927473234534,0.0735140358659147
8321.0,8375.0,8263.0,8328.0,156200.0,1302716900.0,8304.2,8078.28,61.16068568435418,-0.012637100619933284,0.007204610951008661,0.01622940817571683,304.71,0.83,0.03091252098218931,0.01053206335772534,0.0735140358659147
8450.0,8496.0,8414.0,8419.0,242500.0,2048498700.0,8349.0,8090.68,63.81916034220117,0.005554213957981169,-0.012637100619933284,0.007204610951008661,304.71,0.83,0.04058002541195545,0.010913588625233471,0.0735140358659147
8418.0,8418.0,8304.0,8393.0,195400.0,1636795600.0,8362.0,8096.76,62.50279319304079,0.01092699327569635,0.005554213957981169,-0.012637100619933284,304.71,0.83,0.0365874744959712,0.009469882667106211,0.0735140358659147
8100.0,8259.0,8094.0,8180.0,221900.0,1815937600.0,8320.4,8096.44,52.87986535245232,-0.0030882527616106215,0.01092699327569635,0.005554213957981169,304.71,0.83,0.010320585343681965,0.014511089565599463,0.0735140358659147
7906.0,7947.0,7792.0,7908.0,287100.0,2264002100.0,8245.6,8088.64,43.63998443452836,-0.025378291433337252,-0.0030882527616106215,0.01092699327569635,304.71,0.83,-0.022332555287415477,0.019366514789933186,0.0735140358659147
8008.0,8061.0,7971.0,8041.0,155400.0,1247627800.0,8188.2,8093.4,48.38882110686251,-0.033251833740831294,-0.025378291433337252,-0.0030882527616106215,304.71,0.83,-0.006474411248671713,0.021969894206515992,0.0735140358659147
8070.0,8100.0,7989.0,8047.0,186500.0,1500668000.0,8113.8,8099.48,48.59923287318621,0.01681841173495191,-0.033251833740831294,-0.025378291433337252,304.71,0.83,-0.006479428308977807,0.020327221523833136,0.0735140358659147
7811.0,7914.0,7804.0,7901.0,234400.0,1844642900.0,8015.4,8100.84,43.90830062287103,0.0007461758487750103,0.01681841173495191,-0.033251833740831294,304.71,0.83,-0.024669046666765438,0.020378918485867724,0.0735140358659147
7700.0,7762.0,7389.0,7523.0,254900.0,1927757000.0,7884.0,8084.48,34.597313080482564,-0.018143407481048812,0.0007461758487750103,0.01681841173495191,304.71,0.83,-0.06945159119696005,0.025850816150700437,0.0735140358659147
6823.0,7130.0,6772.0,6900.0,348000.0,2418675100.0,7682.4,8046.2,25.136398844507895,-0.047842045310720116,-0.018143407481048812,0.0007461758487750103,304.71,0.83,-0.14245233774949664,0.03973334465778101,0.0735140358659147
7200.0,7468.0,7196.0,7245.0,311600.0,2273059600.0,7523.2,8014.52,35.633437197798585,-0.0828127076963977,-0.047842045310720116,-0.018143407481048812,304.71,0.83,-0.09601573144742298,0.05013408902782112,0.0735140358659147
7100.0,7393.0,6989.0,7265.0,323200.0,2316296300.0,7366.8,7987.08,36.19199333944063,0.050000000000000044,-0.0828127076963977,-0.047842045310720116,304.71,0.83,-0.0904060056992042,0.05034621157745188,0.0735140358659147
7650.0,7704.0,7523.0,7638.0,235200.0,1794866100.0,7314.2,7972.28,45.66243448665323,0.002760524499654915,0.050000000000000044,-0.0828127076963977,304.71,0.83,-0.04193028844947741,0.05947568603600193,0.0735140358659147
7410.0,7696.0,7385.0,7645.0,202500.0,1534494400.0,7338.6,7953.72,45.82494008377273,0.05134205092911226,0.002760524499654915,0.050000000000000044,304.71,0.83,-0.0388145421262001,0.05455223843555529,0.0735140358659147
7744.0,7881.0,7739.0,7781.0,163900.0,1280456100.0,7514.8,7941.96,49.015257736546566,0.00091647028017805,0.05134205092911226,0.002760524499654915,304.71,0.83,-0.020267037356017915,0.024721177288982706,0.0735140358659147
7877.0,7898.0,7810.0,7838.0,189900.0,1492001200.0,7633.4,7941.88,50.335344820458246,0.017789404839764655,0.00091647028017805,0.05134205092911226,304.71,0.83,-0.013080026391735975,0.020798448495577607,0.0735140358659147
7920.0,8046.0,7890.0,7956.0,286600.0,2283181800.0,7771.6,7948.28,53.04571977853336,0.007325536563423718,0.017789404839764655,0.00091647028017805,304.71,0.83,0.0009712793208090625,0.019525767340217888,0.0735140358659147
8096.0,8349.0,8096.0,8329.0,385400.0,3189587500.0,7909.8,7955.84,60.40212065497405,0.015054860933911618,0.007325536563423718,0.017789404839764655,304.71,0.83,0.04690390958088647,0.01766284106245135,0.0735140358659147
8400.0,8418.0,8247.0,8310.0,258500.0,2146399400.0,8042.8,7961.68,59.88741937098945,0.046882855706385174,0.015054860933911618,0.007325536563423718,304.71,0.83,0.0437495603942886,0.01845765918829313,0.0735140358659147
8285.0,8285.0,8049.0,8140.0,369100.0,2996299000.0,8114.6,7964.88,55.343315576584715,-0.002281186216832709,0.046882855706385174,0.015054860933911618,304.71,0.83,0.021986520826428005,0.024845057156847074,0.0735140358659147
8146.0,8190.0,8092.0,8162.0,214900.0,1750691400.0,8179.4,7965.68,55.81060839722806,-0.020457280385078214,-0.002281186216832709,0.046882855706385174,304.71,0.83,0.024645730182482815,0.025022514868766842,0.0735140358659147
8250.0,8300.0,8228.0,8236.0,259300.0,2140569000.0,8235.4,7967.32,57.42443466131662,0.002702702702702675,-0.020457280385078214,-0.002281186216832709,304.71,0.83,0.033722757464241464,0.024765170817793055,0.0735140358659147
8271.0,8340.0,8236.0,8274.0,245000.0,2031945300.0,8224.4,7965.16,58.26728783613842,0.009066405292820434,0.002702702702702675,-0.020457280385078214,304.71,0.83,0.03877386016100118,0.011471900732160733,0.0735140358659147
8360.0,8399.0,8247.0,8268.0,219800.0,1824952500.0,8216.0,7960.36,58.071804760221696,0.004613890237979534,0.009066405292820434,0.002702702702702675,304.71,0.83,0.03864649337467154,0.011458747065700036,0.0735140358659147
8320.0,8360.0,8288.0,8326.0,206400.0,1717543100.0,8253.2,7962.12,59.48676019551877,-0.0007251631617113397,0.004613890237979534,0.009066405292820434,304.71,0.83,0.04570139611058363,0.003798581134233329,0.0735140358659147
8350.0,8489.0,7946.0,8489.0,681400.0,5676791200.0,8318.6,7968.56,63.241176991589434,0.007014997581035409,-0.0007251631617113397,0.004613890237979534,502.51,0.848,0.06531167488228734,0.007478183131825433,0.0683017567214206
8350.0,8455.0,8158.0,8300.0,460500.0,3822730100.0,8331.4,7963.8,56.68199717999247,0.019577227960605237,0.007014997581035409,-0.0007251631617113397,502.51,0.848,0.04221602752454856,0.015300972323669174,0.0683017567214206
8342.0,8406.0,8256.0,8369.0,307500.0,2566320200.0,8350.4,7962.84,58.37919339701662,-0.022264106490752722,0.019577227960605237,0.007014997581035409,502.51,0.848,0.05100692717673592,0.015567637215172639,0.0683017567214206
8399.0,8425.0,8273.0,8365.0,282400.0,2360006800.0,8369.8,7970.24,58.23674541210415,0.008313253012048216,-0.022264106490752722,0.019577227960605237,502.51,0.848,0.0495292488055567,0.01555568508180644,0.0683017567214206
8301.0,8374.0,8260.0,8331.0,150100.0,1248882500.0,8370.8,7987.16,56.964399059695,-0.00047795435535902264,0.008313253012048216,-0.022264106490752722,502.51,0.848,0.043049093795541865,0.015528864739984072,0.0683017567214206
8400.0,8479.0,8338.0,8476.0,221400.0,1866087200.0,8368.2,8004.56,60.88888041021457,-0.0040645546921697084,-0.00047795435535902264,0.008313253012048216,502.51,0.848,0.05889642903544974,0.014868106081391667,0.0683017567214206
8432.0,8482.0,8373.0,8478.0,138700.0,1171015400.0,8403.8,8021.8,60.94178744711004,0.017404873364541995,-0.0040645546921697084,-0.00047795435535902264,502.51,0.848,0.05687002917051034,0.00861906873108843,0.0683017567214206
8505.0,8528.0,8420.0,8478.0,218700.0,1852514300.0,8425.6,8044.88,60.94178744711004,0.00023596035865969256,0.017404873364541995,-0.0040645546921697084,502.51,0.848,0.05383796899394396,0.00844720541771318,0.0683017567214206
8464.0,8500.0,8406.0,8495.0,167700.0,1419101500.0,8451.6,8083.76,61.45578457632938,0.0,0.00023596035865969256,0.017404873364541995,502.51,0.848,0.0508723663245816,0.008291113476039658,0.0683017567214206
8402.0,8470.0,8351.0,8377.0,137800.0,1154864000.0,8460.8,8142.84,55.95176593240812,0.0020051899032791365,0.0,0.00023596035865969256,502.51,0.848,0.028756551768179144,0.011105489381296092,0.0683017567214206
8400.0,8535.0,8379.0,8525.0,177500.0,1505293100.0,8470.6,8194.04,60.70528913253149,-0.013890523837551516,0.0020051899032791365,0.0,502.51,0.848,0.04039033248556256,0.01120175832507897,0.0683017567214206
8525.0,8550.0,8464.0,8508.0,145900.0,1241134900.0,8476.6,8243.76,59.90559049011659,0.017667422705025748,-0.013890523837551516,0.0020051899032791365,502.51,0.848,0.032053334886022855,0.011293937744951188,0.0683017567214206
8530.0,8570.0,8450.0,8486.0,164100.0,1396353600.0,8478.2,8277.68,58.825588513495795,-0.0019941348973606665,0.017667422705025748,-0.013890523837551516,502.51,0.848,0.02516647176503558,0.011396042887172466,0.0683017567214206
8538.0,8584.0,8445.0,8459.0,109600.0,930514300.0,8471.0,8310.24,57.456528930636665,-0.0025858015984955296,-0.0019941348973606665,0.017667422705025748,502.51,0.848,0.017900806715570216,0.011431262640580253,0.0683017567214206
8440.0,8440.0,8364.0,8380.0,93900.0,787783100.0,8471.6,8334.2,53.53090523155461,-0.003181711053499847,-0.0025858015984955296,-0.0019941348973606665,502.51,0.848,0.0054954284754384665,0.010247924850208985,0.0683017567214206
8386.0,8475.0,8386.0,8414.0,121200.0,1020419000.0,8449.4,8357.24,54.95726965575304,-0.009339165385979453,-0.003181711053499847,-0.0025858015984955296,502.51,0.848,0.006791715925353372,0.004755023652930435,0.0683017567214206
8430.0,8549.0,8405.0,8539.0,161300.0,1372217700.0,8455.6,8380.56,59.83812609105515,0.004057279236276745,-0.009339165385979453,-0.003181711053499847,502.51,0.848,0.018905657855799674,0.009196457029854513,0.0683017567214206
8539.0,8553.0,8454.0,8480.0,131100.0,1114136800.0,8454.4,8386.6,56.714274532717525,0.014856192060850981,0.004057279236276745,-0.009339165385979453,502.51,0.848,0.011136813488183487,0.00977495080863916,0.0683017567214206
8510.0,8560.0,8415.0,8415.0,137700.0,1164189400.0,8445.6,8390.8,53.40638057649894,-0.006909474177304142,0.014856192060850981,0.004057279236276745,502.51,0.848,0.00288411116937607,0.01031845369802909,0.0683017567214206
8429.0,8540.0,8425.0,8463.0,118200.0,1001897900.0,8462.2,8403.72,55.471793838513804,-0.007665094339622591,-0.006909474177304142,0.014856192060850981,502.51,0.848,0.007054018934471955,0.009434336708482207,0.0683017567214206
8425.0,8559.0,8409.0,8553.0,144600.0,1231255500.0,8490.0,8419.36,59.13002264906875,0.0057040998217468,-0.007665094339622591,-0.006909474177304142,502.51,0.848,0.015872940461032596,0.010217439975119771,0.0683017567214206
8810.0,8946.0,8631.0,8741.0,483600.0,4262000100.0,8530.4,8439.56,65.50516344508986,0.010634526763559027,0.0057040998217468,-0.007665094339622591,502.51,0.848,0.03571750186028662,0.012475066619028042,0.0683017567214206
8838.0,8919.0,8741.0,8906.0,243100.0,2155249100.0,8615.6,8464.84,69.9373979458462,0.02198059160528465,0.010634526763559027,0.0057040998217468,502.51,0.848,0.05211675589851667,0.011760067593388726,0.0683017567214206
8997.0,9165.0,8921.0,9107.0,395700.0,3593331600.0,8754.0,8498.4,74.27389856516308,0.018876558746138805,0.02198059160528465,0.010634526763559027,502.51,0.848,0.07161348018450536,0.007449452107364513,0.0683017567214206
8957.0,9039.0,8909.0,8909.0,191200.0,1713191500.0,8843.2,8521.72,64.41647109502458,0.02256905456995284,0.018876558746138805,0.02198059160528465,502.51,0.848,0.04544622447111624,0.018622297190463898,0.0683017567214206
8909.0,8977.0,8882.0,8968.0,117100.0,1047176700.0,8926.2,8540.88,65.87003688673371,-0.02174151751400022,0.02256905456995284,0.018876558746138805,502.51,0.848,0.05000889838049485,0.01869937980247406,0.0683017567214206
9038.0,9038.0,8900.0,9000.0,117000.0,1049688800.0,8978.0,8568.88,66.6653966555646,0.0066225165562914245,-0.02174151751400022,0.02256905456995284,502.51,0.848,0.05031229285507567,0.017437243819541138,0.0683017567214206
9050.0,9125.0,8950.0,8950.0,178500.0,1610045900.0,8986.8,8592.12,64.14987352805258,0.003568242640499486,0.0066225165562914245,-0.02174151751400022,502.51,0.848,0.0416521184527217,0.016305994138803938,0.0683017567214206
8950.0,8968.0,8884.0,8922.0,99000.0,882588000.0,8949.8,8614.4,62.72254409038683,-0.005555555555555536,0.003568242640499486,0.0066225165562914245,502.51,0.848,0.0357076523031204,0.011045879905789148,0.0683017567214206
8870.0,8889.0,8753.0,8824.0,194100.0,1711756100.0,8932.8,8634.12,57.869328448075365,-0.0031284916201117507,-0.005555555555555536,0.003568242640499486,502.51,0.848,0.021991818506112863,0.007069790113945516,0.0683017567214206
8824.0,8832.0,8700.0,8726.0,110200.0,965185100.0,8884.4,8644.12,53.41810795238486,-0.010984084286034479,-0.0031284916201117507,-0.005555555555555536,502.51,0.848,0.009472334951388828,0.00611036253962541,0.0683017567214206
8829.0,8857.0,8728.0,8775.0,130600.0,1145827800.0,8839.4,8656.0,55.27069041244595,-0.011106074342701722,-0.010984084286034479,-0.0031284916201117507,502.51,0.848,0.013747689463955638,0.006884517327780394,0.0683017567214206
8728.0,8794.0,8631.0,8648.0,109100.0,946697900.0,8779.0,8662.8,49.748255525279454,0.005615402246160972,-0.011106074342701722,-0.010984084286034479,502.51,0.848,-0.0017084545412567847,0.008101601492098686,0.0683017567214206
8648.0,8689.0,8610.0,8675.0,94900.0,822122200.0,8729.6,8670.0,50.872106138946016,-0.014472934472934518,0.005615402246160972,-0.011106074342701722,502.51,0.848,0.0005767012687427913,0.009218033084518613,0.0683017567214206
8707.0,8785.0,8681.0,8785.0,135000.0,1182345900.0,8721.8,8686.32,55.26194103260173,0.003122109158186781,-0.014472934472934518,0.005615402246160972,502.51,0.848,0.011360391972665099,0.011526197667082516,0.0683017567214206
8781.0,8833.0,8637.0,8661.0,194000.0,1688819300.0,8708.8,8691.76,49.853979943075885,0.012680115273775217,0.003122109158186781,-0.014472934472934518,502.51,0.848,-0.003538984049260474,0.012252359282096486,0.0683017567214206
8568.0,8659.0,8549.0,8659.0,159900.0,1379450700.0,8685.6,8697.8,49.769381443581366,-0.014114968696641972,0.012680115273775217,0.003122109158186781,502.51,0.848,-0.0044608981581548525,0.01167687904572695,0.0683017567214206
8754.0,8755.0,8650.0,8690.0,74300.0,645414100.0,8694.0,8705.96,51.15300224688212,-0.00023092021706505594,-0.014114968696641972,0.012680115273775217,502.51,0.848,-0.001833226892841126,0.009715483554919331,0.0683017567214206
8755.0,8797.0,8653.0,8732.0,98700.0,860995500.0,8705.4,8716.88,53.04032392949918,0.0035800900796858492,-0.00023092021706505594,-0.014114968696641972,502.51,0.848,0.001734565578509834,0.00983795777982696,0.0683017567214206
8733.0,8826.0,8733.0,8826.0,114200.0,1004515600.0,8713.6,8734.72,57.04093321171736,0.004833141542002206,0.0035800900796858492,-0.00023092021706505594,502.51,0.848,0.010450249120750368,0.009309631172523265,0.0683017567214206
8924.0,8968.0,8856.0,8877.0,143200.0,1272742900.0,8756.8,8753.24,59.077909006700786,0.010765002290425985,0.004833141542002206,0.0035800900796858492,502.51,0.848,0.014138764617444538,0.003975946230416981,0.0683017567214206
8970.0,8974.0,8762.0,8762.0,173500.0,1527612300.0,8777.4,8762.16,52.97780376332717,0.005778382053025055,0.010765002290425985,0.004833141542002206,502.51,0.848,-1.826033763362624e-05,0.009006528646331995,0.0683017567214206
8715.0,8736.0,8654.0,8721.0,209900.0,1826725400.0,8783.6,8771.8,50.95761475789889,-0.012954827081221088,0.005778382053025055,0.010765002290425985,502.51,0.848,-0.005791285711028441,0.00948098730493398,0.0683017567214206
8721.0,8898.0,8721.0,8845.0,172300.0,1522341400.0,8806.2,8789.0,56.375735539633496,-0.004679296964163471,-0.012954827081221088,0.005778382053025055,502.51,0.848,0.00637160086471726,0.01125497322705812,0.0683017567214206
8911.0,9120.0,8911.0,9038.0,290900.0,2632327100.0,8848.6,8812.0,63.191909858848966,0.014218552918243255,-0.004679296964163471,-0.012954827081221088,502.51,0.848,0.025646845211075804,0.014003920046769534,0.0683017567214206
9000.0,9000.0,8910.0,8948.0,101800.0,910913300.0,8862.8,8827.8,58.59424395017548,0.02182023742227246,0.014218552918243255,-0.004679296964163471,502.51,0.848,0.013616076485647697,0.015434578561322304,0.0683017567214206
8930.0,8939.0,8868.0,8934.0,98600.0,878808500.0,8897.2,8835.52,57.88867453971817,-0.009957955299845112,0.02182023742227246,0.014218552918243255,502.51,0.848,0.011145920104306204,0.013445201768171548,0.0683017567214206
8910.0,9018.0,8875.0,8988.0,190700.0,1710128500.0,8950.6,8838.8,59.89470231037691,-0.0015645954403218365,-0.009957955299845112,0.02182023742227246,502.51,0.848,0.016880119473231744,0.012546344924510717,0.0683017567214206
8988.0,9070.0,8919.0,8923.0,136300.0,1225223900.0,8966.2,8831.44,56.41126387026101,0.006044325050369448,-0.0015645954403218365,-0.009957955299845112,502.51,0.848,0.010367505186017171,0.012747219015601096,0.0683017567214206
8901.0,8955.0,8844.0,8955.0,157300.0,1403530700.0,8949.6,8833.28,57.71510970089168,-0.007231864708500235,0.006044325050369448,-0.0015645954403218365,502.51,0.848,0.013779705839733297,0.006831082080595841,0.0683017567214206
9017.0,9111.0,8923.0,8923.0,186700.0,1679331600.0,8944.6,8831.48,55.9139315115074,0.0035862378123949767,-0.007231864708500235,0.006044325050369448,502.51,0.848,0.01036292897679669,0.005371484148328489,0.0683017567214206
8995.0,9084.0,8950.0,9081.0,152000.0,1374404500.0,8974.0,8834.72,62.188487462633056,-0.0035734226689000392,0.0035862378123949767,-0.007231864708500235,502.51,0.848,0.02787637865150233,0.00966100697556347,0.0683017567214206
9022.0,9131.0,9020.0,9125.0,137500.0,1251201700.0,9001.4,8841.72,63.736353498400256,0.01770704919869992,-0.0035734226689000392,0.0035862378123949767,502.51,0.848,0.032039015033274144,0.009590682456743018,0.0683017567214206
9125.0,9147.0,9082.0,9103.0,117900.0,1073996200.0,9037.4,8848.96,62.361734957913825,0.004845281356678832,0.01770704919869992,-0.0035734226689000392,502.51,0.848,0.02870845839511094,0.00847380179927918,0.0683017567214206
9048.0,9113.0,9012.0,9057.0,89000.0,806056300.0,9057.8,8858.28,59.47346324054125,-0.0024109589041095836,0.004845281356678832,0.01770704919869992,502.51,0.848,0.02243324889256146,0.009415632226396345,0.0683017567214206
9147.0,9150.0,9010.0,9035.0,133400.0,1209995000.0,9080.2,8870.64,58.08781052233522,-0.005053279138745426,-0.0024109589041095836,0.004845281356678832,502.51,0.848,0.018528539090753384,0.00924952446367807,0.0683017567214206
9088.0,9259.0,9067.0,9259.0,221500.0,2041810500.0,9115.8,8890.0,66.61635538706439,-0.0024290603952743517,-0.005053279138745426,-0.0024109589041095836,502.51,0.848,0.04150731158605175,0.01222112390504103,0.0683017567214206
9300.0,9398.0,9249.0,9300.0,237600.0,2212919100.0,9150.8,8916.08,67.90374349616857,0.024792473713336927,-0.0024290603952743517,-0.005053279138745426,502.51,0.848,0.04305928165740999,0.012214896876482013,0.0683017567214206
9394.0,9512.0,9352.0,9490.0,158200.0,1496119200.0,9228.2,8948.68,73.08389424713883,0.0044281239874717215,0.024792473713336927,-0.0024290603952743517,502.51,0.848,0.06049160323086753,0.013485789556397988,0.0683017567214206
9383.0,9478.0,9343.0,9440.0,176200.0,1659682200.0,9304.8,8974.88,69.88730104054814,0.02043010752688179,0.0044281239874717215,0.024792473713336927,502.51,0.848,0.05182464835184435,0.013539886013342328,0.0683017567214206
9400.0,9472.0,9394.0,9447.0,212500.0,2004505400.0,9387.2,9006.32,70.0845767267709,-0.005268703898840932,0.02043010752688179,0.0044281239874717215,502.51,0.848,0.048930084651666865,0.01296868242964987,0.0683017567214206
9438.0,9475.0,9382.0,9475.0,186500.0,1759164000.0,9430.4,9038.96,70.90564135514185,0.0007415254237288504,-0.005268703898840932,0.02043010752688179,502.51,0.848,0.048240063016099295,0.00955981693019932,0.0683017567214206
9405.0,9510.0,9400.0,9486.0,202700.0,1921378500.0,9467.6,9070.8,71.23960285814496,0.0029639038848312538,0.0007415254237288504,-0.005268703898840932,502.51,0.848,0.04577325042995114,0.00969031098969604,0.0683017567214206
9480.0,9547.0,8351.0,8497.0,1508700.0,13031293100.0,9269.0,9061.4,33.740232338093776,0.0011609498680738017,0.0029639038848312538,0.0007415254237288504,95.7,0.841,-0.062286180943342054,0.04668395543251565,0.028444603178652515
8508.0,8768.0,8489.0,8523.0,640800.0,5508642300.0,9085.6,9049.28,34.7131805833165,-0.10425890786422098,0.0011609498680738017,0.0029639038848312538,95.7,0.841,-0.05815711305208819,0.04752360027908279,0.028444603178652515
8418.0,8693.0,8376.0,8655.0,311800.0,2678707400.0,8927.2,9040.4,39.565093025558376,0.003059903495351346,-0.10425890786422098,0.0011609498680738017,95.7,0.841,-0.04263085704172378,0.0494924287988904,0.028444603178652515
8633.0,8852.0,8621.0,8847.0,239000.0,2100990400.0,8801.6,9043.8,45.866863945191824,0.015487504399859242,0.003059903495351346,-0.10425890786422098,95.7,0.841,-0.02176076428050148,0.05204489849066776,0.028444603178652515
8920.0,9002.0,8881.0,8953.0,171600.0,1536322500.0,8695.0,9053.08,49.02698963647719,0.02218370883882148,0.015487504399859242,0.003059903495351346,95.7,0.841,-0.011054801238915366,0.05297030597366037,0.028444603178652515
8997.0,9140.0,8987.0,9115.0,197400.0,1794618600.0,8818.6,9063.88,53.49519222106946,0.011981462642703722,0.02218370883882148,0.015487504399859242,95.7,0.841,0.00563996875510276,0.007238448862143792,0.028444603178652515
9140.0,9178.0,9057.0,9085.0,177300.0,1615541500.0,8931.0,9065.76,52.576073431669926,0.018094493465877326,0.011981462642703722,0.02218370883882148,95.7,0.841,0.0021222710506344513,0.009783480974108574,0.028444603178652515
9150.0,9223.0,8933.0,9118.0,332500.0,3019979800.0,9023.6,9072.56,53.522051805613685,-0.003291278113000562,0.018094493465877326,0.011981462642703722,95.7,0.841,0.005008509174918712,0.010413235588866213,0.028444603178652515
9117.0,9216.0,9064.0,9082.0,160500.0,1465174800.0,9070.6,9078.48,52.29650580990106,0.00363236103467246,-0.003291278113000562,0.018094493465877326,95.7,0.841,0.00038773010459905585,0.009623691180652759,0.028444603178652515
9070.0,9070.0,8966.0,9031.0,120400.0,1085790000.0,9086.2,9080.2,50.53124366896722,-0.003948234261899497,0.00363236103467246,-0.003291278113000562,95.7,0.841,-0.005418382855003273,0.009782864825550335,0.028444603178652515
9071.0,9071.0,8952.0,9023.0,123300.0,1109604900.0,9067.8,9084.2,50.24473905263102,-0.005615503193129312,-0.003948234261899497,0.00363236103467246,95.7,0.841,-0.006736971885251395,0.003588083529342773,0.028444603178652515
9022.0,9137.0,8963.0,9093.0,113200.0,1027911000.0,9069.4,9089.72,52.768212586825406,-0.0008858376702469695,-0.005615503193129312,-0.003948234261899497,95.7,0.841,0.00036084719881367686,0.005502499548641305,0.028444603178652515
9093.0,9225.0,9086.0,9192.0,106300.0,975485400.0,9084.2,9100.48,56.155099332205324,0.007757951900698279,-0.0008858376702469695,-0.005615503193129312,95.7,0.841,0.010056612398466943,0.007300617383409305,0.028444603178652515
8944.0,9369.0,8944.0,9264.0,236400.0,2172458800.0,9120.6,9107.8,58.486605278656604,0.010887495875948616,0.007757951900698279,-0.0008858376702469695,95.7,0.841,0.017150135049078894,0.006938661902204813,0.028444603178652515
9308.0,9522.0,9282.0,9403.0,187500.0,1766422200.0,9195.0,9118.92,62.61928739103273,0.007832898172323688,0.010887495875948616,0.007757951900698279,95.7,0.841,0.031152811955801777,0.005838910028016368,0.028444603178652515
9450.0,9502.0,9403.0,9464.0,155800.0,1474298400.0,9283.2,9133.36,64.29895888178467,0.015004317789291788,0.007832898172323688,0.010887495875948616,95.7,0.841,0.03620135415663013,0.003430337499463877,0.028444603178652515
9520.0,9605.0,9520.0,9545.0,146800.0,1402819300.0,9373.6,9152.88,66.45447481486231,0.006487291290013797,0.015004317789291788,0.007832898172323688,95.7,0.841,0.042841160377935776,0.0033407069907734023,0.028444603178652515
9664.0,9695.0,9539.0,9637.0,228100.0,2197349600.0,9462.6,9176.96,68.76147865111727,0.00855874894336428,0.006487291290013797,0.015004317789291788,95.7,0.841,0.05012989050840375,0.003280937834080147,0.028444603178652515
9653.0,9714.0,9600.0,9664.0,155700.0,1503856000.0,9542.6,9193.16,69.42602645450215,0.009638554216867545,0.00855874894336428,0.006487291290013797,95.7,0.841,0.0512163391042906,0.004475697946880552,0.028444603178652515
9727.0,9804.0,9673.0,9762.0,192600.0,1880949600.0,9614.4,9211.64,71.77319599539486,0.0028017017744110806,0.009638554216867545,0.00855874894336428,95.7,0.841,0.05974614726585067,0.0029901575395262425,0.028444603178652515
9739.0,9762.0,9679.0,9693.0,125200.0,1215609400.0,9660.2,9219.76,67.82507411849647,0.010140728476821126,0.0028017017744110806,0.009638554216867545,95.7,0.841,0.05132888491674401,0.0072613719199873744,0.028444603178652515
9715.0,9780.0,9673.0,9751.0,163900.0,1597147600.0,9701.4,9232.2,69.35125010751017,-0.00706822372464655,0.010140728476821126,0.0028017017744110806,95.7,0.841,0.056194623166742404,0.007016596757912085,0.028444603178652515
9800.0,9878.0,9752.0,9824.0,186200.0,1830462100.0,9738.8,9247.28,71.20272571335873,0.00598369957701439,-0.00706822372464655,0.010140728476821126,95.7,0.841,0.062366447214748474,0.006664348948817121,0.028444603178652515
9820.0,9950.0,9776.0,9790.0,185200.0,1825790100.0,9764.0,9259.88,69.10871552378879,0.007486411650087232,0.00598369957701439,-0.00706822372464655,95.7,0.841,0.05724912201885995,0.0074564887411855425,0.028444603178652515
9860.0,10005.0,9848.0,10005.0,110000.0,1094875700.0,9812.6,9280.64,74.26315757334245,-0.003460912052117293,0.007486411650087232,0.00598369957701439,95.7,0.841,0.0780506516791946,0.011314358603923014,0.028444603178652515
10075.0,10160.0,10020.0,10145.0,178800.0,1807158500.0,9903.0,9346.56,76.95914878999805,0.02196118488253318,-0.003460912052117293,0.007486411650087232,95.7,0.841,0.0854260818953712,0.009478925591562616,0.028444603178652515
10200.0,10260.0,10080.0,10190.0,191500.0,1952517500.0,9990.8,9413.24,77.76538443617125,0.013993003498250944,0.02196118488253318,-0.003460912052117293,95.7,0.841,0.08251781533244666,0.009633954423704752,0.028444603178652515
10220.0,10220.0,9899.0,9899.0,149400.0,1494355100.0,10005.8,9463.0,62.52820458972264,0.004435682602267121,0.013993003498250944,0.02196118488253318,95.7,0.841,0.04607418366268625,0.01943746404150643,0.028444603178652515
9899.0,9920.0,9824.0,9866.0,136000.0,1342323400.0,10021.0,9503.76,61.066936047644205,-0.028557409224730157,0.004435682602267121,0.013993003498250944,95.7,0.841,0.038115440625605,0.01942914147745352,0.028444603178652515
9913.0,9984.0,9872.0,9874.0,113100.0,1119940900.0,9994.8,9540.6,61.30303373098754,-0.0033336700676835918,-0.028557409224730157,0.004435682602267121,95.7,0.841,0.034945391275181814,0.015896254887016983,0.028444603178652515
9934.0,10025.0,9852.0,9891.0,169500.0,1682680500.0,9944.0,9571.64,61.832707076014856,0.0008108655990268776,-0.0033336700676835918,-0.028557409224730157,95.7,0.841,0.033365233126193695,0.0134694693706423,0.028444603178652515
9866.0,9955.0,9791.0,9896.0,163200.0,1611103600.0,9885.2,9604.08,61.99746621718588,0.0017216933360340025,0.0008108655990268776,-0.0033336700676835918,95.7,0.841,0.03039541528183856,0.012884263739970122,0.028444603178652515
9890.0,9890.0,9708.0,9759.0,123800.0,1210018400.0,9857.2,9629.72,54.99263125252008,0.0005055100596502715,0.0017216933360340025,0.0008108655990268776,95.7,0.841,0.013425104779785983,0.006454858656402209,0.028444603178652515
9759.0,9777.0,9626.0,9773.0,200000.0,1945204000.0,9838.6,9657.36,55.54538660498574,-0.013843977364591753,0.0005055100596502715,0.0017216933360340025,95.7,0.841,0.011974286968695317,0.006708699509655693,0.028444603178652515
9774.0,9890.0,9640.0,9671.0,281000.0,2727343400.0,9798.0,9682.96,50.66336000495037,0.001434573214468715,-0.013843977364591753,0.0005055100596502715,95.7,0.841,-0.0012351594966827425,0.0074302275223950805,0.028444603178652515
9671.0,9722.0,9660.0,9693.0,134900.0,1307860900.0,9758.4,9709.76,51.65043892167173,-0.010436918039496534,0.001434573214468715,-0.013843977364591753,95.7,0.841,-0.0017260982763734859,0.007542293861298877,0.028444603178652515
9661.0,9661.0,9521.0,9530.0,138400.0,1322956200.0,9685.2,9727.24,44.540201664466274,0.0022748423120670935,-0.010436918039496534,0.001434573214468715,95.7,0.841,-0.02027707756773759,0.008818104122800407,0.028444603178652515
9580.0,9597.0,9511.0,9562.0,152300.0,1454453600.0,9645.8,9742.04,46.10867098186509,-0.016816259156091973,0.0022748423120670935,-0.010436918039496534,95.7,0.841,-0.018480728882246517,0.009065445476944017,0.028444603178652515
9520.0,9690.0,9516.0,9621.0,160600.0,1545345000.0,9615.4,9756.32,48.974009274711925,0.003357817418677911,-0.016816259156091973,0.0022748423120670935,95.7,0.841,-0.013869983764370142,0.009981177814513988,0.028444603178652515
9450.0,9482.0,9320.0,9338.0,112900.0,1057442600.0,9548.8,9753.72,38.42160120973841,0.0061702572683539625,0.003357817418677911,-0.016816259156091973,95.7,0.841,-0.04262168690509871,0.01553609133953584,0.028444603178652515
9280.0,9343.0,9086.0,9094.0,214500.0,1958092900.0,9429.0,9738.92,32.01623147489542,-0.029414821744101483,0.0061702572683539625,0.003357817418677911,95.7,0.841,-0.0662208951300555,0.016511656891527098,0.028444603178652515
9054.0,9085.0,9004.0,9046.0,162300.0,1469012100.0,9332.2,9718.96,30.924034457185385,-0.02612979224673373,-0.029414821744101483,0.0061702572683539625,95.7,0.841,-0.06924197650777442,0.01657538897708948,0.028444603178652515
9074.0,9150.0,8971.0,9031.0,144200.0,1305427000.0,9226.0,9694.72,30.57303692660126,-0.0052782054101605524,-0.02612979224673373,-0.029414821744101483,95.7,0.841,-0.06846200818589906,0.015672417753619102,0.028444603178652515
9031.0,9214.0,9031.0,9207.0,135300.0,1239234900.0,9143.2,9676.44,39.28138643500889,-0.00165819146584123,-0.0052782054101605524,-0.02612979224673373,95.7,0.841,-0.048513709587410296,0.01992945849651098,0.028444603178652515
9357.0,9409.0,9257.0,9328.0,151100.0,1413095500.0,9141.2,9659.08,44.44102514390627,0.01948842874543244,-0.00165819146584123,-0.0052782054101605524,95.7,0.841,-0.034276556359404825,0.01778941223666209,0.028444603178652515
9382.0,9481.0,9382.0,9462.0,127300.0,1202544200.0,9214.8,9649.84,49.55351509524981,0.0131421744324971,0.01948842874543244,-0.00165819146584123,95.7,0.841,-0.01946560771992076,0.010822827104968196,0.028444603178652515
9500.0,9730.0,9496.0,9664.0,223500.0,2157606100.0,9338.4,9646.36,56.11005271350705,0.014365351629502587,0.0131421744324971,0.01948842874543244,95.7,0.841,0.0018286690523678793,0.009055057613544163,0.028444603178652515
9591.0,9737.0,9587.0,9701.0,139900.0,1353539100.0,9472.4,9641.44,57.207161713463385,0.021348552103149343,0.014365351629502587,0.0131421744324971,95.7,0.841,0.0061775004563633116,0.006846630828422742,0.028444603178652515
9570.0,9666.0,9501.0,9539.0,166600.0,1593392600.0,9538.8,9631.4,51.17540295723325,0.0038286423841058514,0.021348552103149343,0.014365351629502587,95.7,0.841,-0.009593620865087074,0.014742593263816871,0.028444603178652515
9350.0,9586.0,9337.0,9428.0,157000.0,1482369300.0,9558.8,9608.32,47.481301455744905,-0.01669930934955155,0.0038286423841058514,0.021348552103149343,95.7,0.841,-0.01876706854059812,0.016324350778358518,0.028444603178652515
9540.0,9662.0,9530.0,9629.0,108000.0,1037744400.0,9592.2,9587.68,53.96199926092029,-0.011636439878393912,-0.01669930934955155,0.0038286423841058514,95.7,0.841,0.004309697445054456,0.017841307518634775,0.028444603178652515
9629.0,9697.0,9574.0,9589.0,75600.0,726899600.0,9577.2,9563.64,52.57169949562939,0.021319473907509545,-0.011636439878393912,-0.01669930934955155,95.7,0.841,0.0026517100183612707,0.014915835291310391,0.028444603178652515
9471.0,9625.0,9408.0,9420.0,143500.0,1362858800.0,9521.0,9544.48,47.05547450316921,-0.0041541177692387965,0.021319473907509545,-0.011636439878393912,95.7,0.841,-0.013042093440396918,0.01605335527108173,0.028444603178652515
9502.0,9525.0,9384.0,9452.0,117800.0,1111403300.0,9503.6,9527.92,48.164559187598755,-0.01762436124726252,-0.0041541177692387965,0.021319473907509545,95.7,0.841,-0.007968160941737554,0.01511794304846079,0.028444603178652515
9500.0,9593.0,9416.0,9449.0,147500.0,1397027100.0,9507.8,9510.92,48.06290865529553,0.003397027600849256,-0.01762436124726252,-0.0041541177692387965,95.7,0.841,-0.006510411190505237,0.01407712476680897,0.028444603178652515
9404.0,9506.0,9383.0,9435.0,138700.0,1309686900.0,9469.0,9492.68,47.5584779913285,-0.00031739314430812016,0.003397027600849256,-0.01762436124726252,95.7,0.841,-0.006076260866267513,0.008066291174757934,0.028444603178652515
9450.0,9507.0,9349.0,9496.0,107700.0,1020006400.0,9450.4,9476.68,50.019840330783296,-0.0014816382685998164,-0.00031739314430812016,0.003397027600849256,95.7,0.841,0.0020386886546765017,0.00932699067206974,0.028444603178652515
9496.0,9521.0,9331.0,9362.0,142500.0,1340398900.0,9438.8,9460.8,45.02094009315665,0.006465288818229942,-0.0014816382685998164,-0.00031739314430812016,95.7,0.841,-0.010443091493319727,0.00786521421212521,0.028444603178652515
9448.0,9450.0,9362.0,9420.0,178500.0,1678502200.0,9432.4,9446.68,47.46810434644411,-0.014111204717775938,0.006465288818229942,-0.0014816382685998164,95.7,0.841,-0.0028242726545199257,0.00835899464839284,0.028444603178652515
9370.0,9388.0,9249.0,9263.0,213500.0,1986556100.0,9395.2,9430.36,42.01630337143451,0.006195257423627476,-0.014111204717775938,0.006465288818229942,95.7,0.841,-0.01774693649022949,0.010982445413172785,0.028444603178652515
9350.0,9406.0,9258.0,9322.0,160400.0,1496655000.0,9372.6,9415.52,44.591733150329546,-0.01666666666666672,0.006195257423627476,-0.014111204717775938,95.7,0.841,-0.009932536917769855,0.01193788113774568,0.028444603178652515
9322.0,9367.0,9224.0,9352.0,263300.0,2456979200.0,9343.8,9408.4,45.90736943325488,0.006369426751592355,-0.01666666666666672,0.006195257423627476,95.7,0.841,-0.005994643084902814,0.011415356876228383,0.028444603178652515
9389.0,10230.0,9220.0,9732.0,426400.0,4139591100.0,9417.8,9415.2,59.141391938906544,0.003218193520703627,0.006369426751592355,-0.01666666666666672,310.82,0.848,0.03364771858271723,0.020628423222534976,0.02617484904174324
9720.0,9838.0,9643.0,9666.0,253200.0,2460451700.0,9467.0,9417.0,56.553430828938474,0.04063301967493582,0.003218193520703627,0.006369426751592355,310.82,0.848,0.026441541892322395,0.02169324894981403,0.02617484904174324
9567.0,9567.0,9218.0,9354.0,198900.0,1862021600.0,9485.2,9417.64,46.250166409790786,-0.006781750924784169,0.04063301967493582,0.003218193520703627,310.82,0.848,-0.0067575316108918395,0.026291267938105278,0.02617484904174324
9376.0,9444.0,9350.0,9353.0,126300.0,1184713900.0,9491.4,9428.0,46.221100343590216,-0.0322780881440099,-0.006781750924784169,0.04063301967493582,310.82,0.848,-0.007955027577428934,0.026195842981902782,0.02617484904174324
9353.0,9441.0,9312.0,9435.0,122100.0,1147184300.0,9508.0,9443.56,49.04875455149191,-0.00010690613641217706,-0.0322780881440099,-0.006781750924784169,310.82,0.848,-0.0009064378264128667,0.026433124939892652,0.02617484904174324
9484.0,9596.0,9423.0,9515.0,130500.0,1244078100.0,9464.6,9462.92,51.7160899981101,0.008767240457607128,-0.00010690613641217706,-0.0322780881440099,310.82,0.848,0.005503586630765126,0.016885915142269416,0.02617484904174324
5370.0,5450.0,5350.0,5440.0,98900.0,534491000.0,5376.0,5440.8,39.95234684158437,-0.005576208178438624,0.003731343283582156,0.0018691588785046953,606.47,0.701,-0.0001470372004117376,0.010581576895645433,0.12575126348859444
5530.0,5600.0,5460.0,5540.0,195700.0,1081638000.0,5414.0,5450.8,44.265946789659026,0.016822429906542036,-0.005576208178438624,0.003731343283582156,606.47,0.701,0.016364570338298932,0.01026155753283515,0.12575126348859444
5620.0,5620.0,5500.0,5570.0,131400.0,732191000.0,5456.0,5466.8,45.530118863704466,0.018382352941176405,0.016822429906542036,-0.005576208178438624,606.47,0.701,0.018877588351503587,0.00993157440000222,0.12575126348859444
5550.0,5630.0,5500.0,5530.0,188000.0,1045448000.0,5486.0,5482.8,44.09400609922426,0.005415162454873723,0.018382352941176405,0.016822429906542036,606.47,0.701,0.008608740059823414,0.012016986383878383,0.12575126348859444
5540.0,5610.0,5520.0,5570.0,181900.0,1011739000.0,5530.0,5493.2,45.93065257413962,-0.007181328545781018,0.005415162454873723,0.018382352941176405,606.47,0.701,0.013980921867035642,0.010286887607812706,0.12575126348859444
5610.0,5610.0,5500.0,5520.0,297600.0,1654268000.0,5546.0,5499.2,43.98542384783233,0.00723327305605781,-0.007181328545781018,0.005415162454873723,606.47,0.701,0.003782368344486504,0.011263514199666305,0.12575126348859444
5310.0,5400.0,5190.0,5230.0,288800.0,1520679000.0,5484.0,5498.0,34.78391251023375,-0.008976660682226245,0.00723327305605781,-0.007181328545781018,606.47,0.701,-0.04874499818115678,0.02421583048363355,0.12575126348859444
5250.0,5290.0,5160.0,5240.0,120500.0,630181000.0,5418.0,5496.4,35.286638145739346,-0.05253623188405798,-0.008976660682226245,0.00723327305605781,606.47,0.701,-0.04664871552288764,0.023658874582228956,0.12575126348859444
5320.0,5320.0,5080.0,5080.0,111000.0,572187000.0,5328.0,5486.4,31.149230777564355,0.0019120458891013214,-0.05253623188405798,-0.008976660682226245,606.47,0.701,-0.07407407407407401,0.02477101648109356,0.12575126348859444
5120.0,5140.0,5010.0,5010.0,73700.0,373237000.0,5216.0,5469.2,29.518525771970218,-0.03053435114503822,0.0019120458891013214,-0.05253623188405798,606.47,0.701,-0.08396109120163824,0.021253587735059063,0.12575126348859444
4970.0,5080.0,4915.0,4990.0,92400.0,463141000.0,5110.0,5443.6,29.05057576162595,-0.013779527559055094,-0.03053435114503822,0.0019120458891013214,606.47,0.701,-0.08332720993460216,0.02204788866867836,0.12575126348859444
5010.0,5050.0,4965.0,4980.0,67800.0,339087500.0,5060.0,5419.2,28.80469600130887,-0.003992015968063867,-0.013779527559055094,-0.03053435114503822,606.47,0.701,-0.08104517271922052,0.01301306679985428,0.12575126348859444
4915.0,4955.0,4875.0,4915.0,100600.0,493859500.0,4995.0,5394.6,27.193560206797912,-0.002004008016032066,-0.003992015968063867,-0.013779527559055094,606.47,0.701,-0.08890371853334822,0.01128697190740447,0.12575126348859444
4910.0,4935.0,4835.0,4875.0,93900.0,458156500.0,4954.0,5367.6,26.22157653821408,-0.013052208835341417,-0.002004008016032066,-0.003992015968063867,606.47,0.701,-0.09177285937849325,0.0052625106994180415,0.12575126348859444
4870.0,4970.0,4870.0,4940.0,78600.0,387864000.0,4940.0,5344.0,30.564785535112094,-0.008138351983723258,-0.013052208835341417,-0.002004008016032066,606.47,0.701,-0.07559880239520958,0.009949125974557532,0.12575126348859444
5010.0,5090.0,4995.0,5020.0,68500.0,344796000.0,4946.0,5321.2,35.59044405702892,0.01333333333333342,-0.008138351983723258,-0.013052208835341417,606.47,0.701,-0.05660377358490563,0.012967473930858472,0.12575126348859444
4970.0,5030.0,4945.0,4990.0,54500.0,271658500.0,4948.0,5293.6,34.57967926235513,0.0161943319838056,0.01333333333333342,-0.008138351983723258,606.47,0.701,-0.057352274444612425,0.013334409819287884,0.12575126348859444
4990.0,5020.0,4930.0,4935.0,51300.0,254299000.0,4952.0,5266.2,32.74368879349505,-0.005976095617529875,0.0161943319838056,0.01333333333333342,606.47,0.701,-0.06289164862709351,0.012841433260507623,0.12575126348859444
4890.0,4905.0,4835.0,4905.0,99400.0,484960000.0,4958.0,5224.8,31.753353385482086,-0.011022044088176308,-0.005976095617529875,0.0161943319838056,606.47,0.701,-0.06120808451998166,0.012508658290678343,0.12575126348859444
4860.0,4870.0,4730.0,4730.0,125700.0,601228000.0,4916.0,5194.4,26.683464937131916,-0.006079027355623046,-0.011022044088176308,-0.005976095617529875,606.47,0.701,-0.08940397350993372,0.018486740849245162,0.12575126348859444
4775.0,4795.0,4685.0,4685.0,107500.0,508513500.0,4849.0,5165.4,25.553616153555566,-0.03567787971457692,-0.006079027355623046,-0.011022044088176308,606.47,0.701,-0.09300344600611757,0.012504505500931644,0.12575126348859444
4680.0,4780.0,4680.0,4740.0,79600.0,377138000.0,4799.0,5141.0,29.483705646686346,-0.009513742071881603,-0.03567787971457692,-0.006079027355623046,606.47,0.701,-0.07800038902937172,0.016945186169084404,0.12575126348859444
4720.0,4755.0,4570.0,4675.0,131300.0,611740500.0,4747.0,5113.6,27.62746122600123,0.011739594450373536,-0.009513742071881603,-0.03567787971457692,606.47,0.701,-0.08577127659574475,0.017023924554100043,0.12575126348859444
4665.0,4805.0,4665.0,4725.0,134600.0,635299000.0,4711.0,5087.4,31.21493376566002,-0.01371308016877637,0.011739594450373536,-0.009513742071881603,606.47,0.701,-0.07123481542634738,0.019606536188958468,0.12575126348859444
4770.0,4785.0,4710.0,4760.0,106200.0,505365500.0,4717.0,5063.8,33.6926918324032,0.010695187165775444,-0.01371308016877637,0.011739594450373536,606.47,0.701,-0.05999447055570919,0.012009184310983046,0.12575126348859444
4775.0,4775.0,4710.0,4740.0,91200.0,432434000.0,4728.0,5035.8,32.96201534743675,0.007407407407407307,0.010695187165775444,-0.01371308016877637,606.47,0.701,-0.05873942571190281,0.011003689954360043,0.12575126348859444
4710.0,4715.0,4615.0,4615.0,83700.0,388834500.0,4703.0,4998.8,28.76349909295952,-0.004201680672268893,0.007407407407407307,0.010695187165775444,606.47,0.701,-0.07677842682243742,0.015274901166573793,0.12575126348859444
4620.0,4650.0,4605.0,4605.0,65300.0,301942500.0,4689.0,4960.2,28.451280637141323,-0.026371308016877593,-0.004201680672268893,0.007407407407407307,606.47,0.701,-0.07161001572517234,0.014527578773372157,0.12575126348859444
4615.0,4660.0,4590.0,4625.0,134800.0,623034000.0,4669.0,4924.0,30.085825215205404,-0.0021668472372697867,-0.026371308016877593,-0.004201680672268893,606.47,0.701,-0.060722989439480096,0.013261006226876615,0.12575126348859444
4585.0,4585.0,4480.0,4500.0,172200.0,778395500.0,4617.0,4881.2,26.076198974500073,0.004343105320304019,-0.0021668472372697867,-0.026371308016877593,606.47,0.701,-0.07809555027452263,0.014601022272857488,0.12575126348859444
4500.0,4535.0,4495.0,4515.0,94300.0,425413500.0,4572.0,4841.0,27.327829153939277,-0.027027027027026973,0.004343105320304019,-0.0021668472372697867,606.47,0.701,-0.06734145837636851,0.015826470114020337,0.12575126348859444
4620.0,4830.0,4565.0,4770.0,780800.0,3679427000.0,4603.0,4822.6,44.52396161109404,0.0033333333333334103,-0.027027027027026973,0.004343105320304019,884.9,0.682,-0.01090697963753999,0.030456877212939795,0.13343883843902685
4775.0,4870.0,4740.0,4770.0,380200.0,1825413500.0,4636.0,4803.8,44.52396161109404,0.056478405315614655,0.0033333333333334103,-0.027027027027026973,884.9,0.682,-0.007036096423664637,0.03030902989898302,0.13343883843902685
4820.0,5160.0,4815.0,5040.0,372100.0,1860540500.0,4719.0,4802.2,57.01442028432227,0.0,0.056478405315614655,0.0033333333333334103,884.9,0.682,0.0495189704718671,0.037206546784681105,0.13343883843902685
5090.0,5120.0,5000.0,5060.0,157500.0,796918000.0,4831.0,4804.2,57.772850501021985,0.05660377358490565,0.0,0.056478405315614655,884.9,0.682,0.053245077224095626,0.029674085363802897,0.13343883843902685
5060.0,5150.0,5010.0,5100.0,141800.0,720770000.0,4948.0,4808.6,59.31882047546324,0.003968253968253954,0.05660377358490565,0.0,884.9,0.682,0.060599758765544985,0.0289363817173023,0.13343883843902685
5130.0,5130.0,4980.0,5060.0,105600.0,532646000.0,5006.0,4811.8,57.06876888348972,0.007905138339920903,0.003968253968253954,0.05660377358490565,884.9,0.682,0.05158152874184293,0.025536459973933612,0.13343883843902685
5080.0,5160.0,5060.0,5140.0,81600.0,416985000.0,5080.0,4820.8,60.311281847174456,-0.007843137254901933,0.007905138339920903,0.003968253968253954,884.9,0.682,0.06621307666777294,0.024621934953220837,0.13343883843902685
5170.0,5190.0,5020.0,5090.0,91600.0,464131000.0,5090.0,4829.4,57.393608871409974,0.015810276679841806,-0.007843137254901933,0.007905138339920903,884.9,0.682,0.053961154594773755,0.010769058087117101,0.13343883843902685
5070.0,5230.0,5070.0,5210.0,98300.0,508806000.0,5120.0,4840.2,62.12885361487686,-0.009727626459143934,0.015810276679841806,-0.007843137254901933,884.9,0.682,0.07640180157844721,0.014558066364496225,0.13343883843902685
5190.0,5270.0,5180.0,5220.0,60500.0,315990000.0,5144.0,4848.2,62.50285168283368,0.023575638506876162,-0.009727626459143934,0.015810276679841806,884.9,0.682,0.07668825543500685,0.014602529645468354,0.13343883843902685
5250.0,5260.0,5130.0,5140.0,55900.0,289416000.0,5160.0,4854.2,57.60198356053747,0.0019193857965451588,0.023575638506876162,-0.009727626459143934,884.9,0.682,0.05887684891434226,0.01647829623556446,0.13343883843902685
5140.0,5190.0,5100.0,5100.0,41300.0,212336000.0,5152.0,4860.8,55.26849585617708,-0.01532567049808431,0.0019193857965451588,0.023575638506876162,884.9,0.682,0.04921000658327843,0.015319779262435027,0.13343883843902685
5090.0,5090.0,4970.0,5050.0,82900.0,416020500.0,5144.0,4866.6,52.41037841750123,-0.0077821011673151474,-0.01532567049808431,0.0019193857965451588,884.9,0.682,0.037685447745859454,0.015330097277542133,0.13343883843902685
5010.0,5090.0,4985.0,5030.0,35200.0,177539000.0,5108.0,4878.6,51.26829976437059,-0.009803921568627416,-0.0077821011673151474,-0.01532567049808431,884.9,0.682,0.0310334932152666,0.006453383520934077,0.13343883843902685
5080.0,5130.0,5050.0,5080.0,45400.0,230595000.0,5080.0,4894.4,53.96886747602287,-0.003960396039603964,-0.009803921568627416,-0.0077821011673151474,884.9,0.682,0.03792088917947049,0.009499815425680583,0.13343883843902685
5080.0,5120.0,5050.0,5050.0,32200.0,163708000.0,5062.0,4906.8,52.10316019756131,0.00994035785288272,-0.003960396039603964,-0.009803921568627416,884.9,0.682,0.0291839895655009,0.007821723939846958,0.13343883843902685
5080.0,5100.0,4980.0,4980.0,52400.0,263192000.0,5038.0,4919.0,47.93879522187883,-0.0059055118110236116,0.00994035785288272,-0.003960396039603964,884.9,0.682,0.012400894490750153,0.009032160748406126,0.13343883843902685
4910.0,5010.0,4865.0,4945.0,94900.0,468952000.0,5017.0,4927.8,45.960792362941305,-0.013861386138613874,-0.0059055118110236116,0.00994035785288272,884.9,0.682,0.0034904013961605212,0.008721376920331668,0.13343883843902685
5020.0,5150.0,4985.0,5140.0,94100.0,479025000.0,5039.0,4943.0,56.684290535326895,-0.007028112449799173,-0.013861386138613874,-0.0059055118110236116,884.9,0.682,0.03985433946995751,0.021379179038859563,0.13343883843902685
5190.0,5320.0,5150.0,5280.0,113800.0,598613000.0,5079.0,4964.6,62.44612036115244,0.039433771486349745,-0.007028112449799173,-0.013861386138613874,884.9,0.682,0.06352979091971148,0.023744906501251654,0.13343883843902685
5250.0,5350.0,5230.0,5350.0,70700.0,376427000.0,5139.0,4994.0,64.95616427058556,0.027237354085603016,0.039433771486349745,-0.007028112449799173,884.9,0.682,0.07128554265118142,0.022455878987580846,0.13343883843902685
5280.0,5350.0,5180.0,5200.0,78700.0,412038000.0,5183.0,5017.8,56.27600540193741,0.01325757575757569,0.027237354085603016,0.039433771486349745,884.9,0.682,0.036310733787715696,0.026951840758416157,0.13343883843902685
5250.0,5330.0,5220.0,5310.0,64600.0,340832000.0,5256.0,5045.2,60.44989582806314,-0.028037383177570097,0.01325757575757569,0.027237354085603016,884.9,0.682,0.05248553080155399,0.025686182876422648,0.13343883843902685
5350.0,5370.0,5240.0,5270.0,60200.0,318819000.0,5282.0,5076.0,58.27153576891,0.02115384615384608,-0.028037383177570097,0.01325757575757569,884.9,0.682,0.03821907013396375,0.0227593129580283,0.13343883843902685
5280.0,5390.0,5280.0,5390.0,62900.0,335523000.0,5304.0,5111.0,62.62308139606464,-0.007532956685499026,0.02115384615384608,-0.028037383177570097,884.9,0.682,0.054588143220504794,0.021743784415467263,0.13343883843902685
5380.0,5380.0,5230.0,5230.0,64600.0,341734000.0,5280.0,5129.4,54.467221091465746,0.022770398481973375,-0.007532956685499026,0.02115384615384608,884.9,0.682,0.0196124303037393,0.025490156766753338,0.13343883843902685
5250.0,5280.0,5220.0,5240.0,29200.0,153178000.0,5288.0,5148.2,54.862891688677784,-0.029684601113172504,0.022770398481973375,-0.007532956685499026,884.9,0.682,0.017831475078668307,0.021752566759597237,0.13343883843902685
5290.0,5290.0,5090.0,5090.0,63800.0,328513000.0,5244.0,5150.2,48.10957542489495,0.0019120458891013214,-0.029684601113172504,0.022770398481973375,884.9,0.682,-0.011688866451788245,0.022026498259671005,0.13343883843902685
5090.0,5280.0,5070.0,5250.0,68800.0,357951000.0,5240.0,5157.8,54.5379453525677,-0.028625954198473247,0.0019120458891013214,-0.029684601113172504,884.9,0.682,0.017875838535809804,0.0283280473527325,0.13343883843902685
5190.0,5260.0,5120.0,5260.0,64700.0,337023000.0,5214.0,5164.2,54.91388759428786,0.03143418467583503,-0.028625954198473247,0.0019120458891013214,884.9,0.682,0.0185507919910151,0.025444371248663576,0.13343883843902685
5230.0,5290.0,5220.0,5220.0,39300.0,206322000.0,5212.0,5170.6,53.025036517501775,0.0019047619047618536,0.03143418467583503,-0.028625954198473247,884.9,0.682,0.009554016941940902,0.02163605057651542,0.13343883843902685
5230.0,5300.0,5190.0,5210.0,41000.0,214896000.0,5206.0,5173.4,52.538497284051125,-0.0076045627376425395,0.0019047619047618536,0.03143418467583503,884.9,0.682,0.007074651099857031,0.021610522124685845,0.13343883843902685
5170.0,5180.0,5060.0,5150.0,72500.0,370400000.0,5218.0,5175.8,49.59789641476889,-0.0019157088122605526,-0.0076045627376425395,0.0019047619047618536,884.9,0.682,-0.004984736659067232,0.016996994523860227,0.13343883843902685
5120.0,5180.0,5110.0,5140.0,50400.0,259383000.0,5196.0,5173.0,49.104593155844746,-0.01151631477927062,-0.0019157088122605526,-0.0076045627376425395,884.9,0.682,-0.006379277015271603,0.005308112540848808,0.13343883843902685
5110.0,5140.0,5080.0,5090.0,38900.0,198587000.0,5162.0,5167.8,46.60844680018327,-0.001941747572815511,-0.01151631477927062,-0.0019157088122605526,884.9,0.682,-0.015054762181198998,0.004432435908045744,0.13343883843902685
5110.0,5120.0,5070.0,5090.0,41400.0,210972000.0,5136.0,5165.8,46.60844680018327,-0.009727626459143934,-0.001941747572815511,-0.01151631477927062,884.9,0.682,-0.014673429091331484,0.0052124014135348,0.13343883843902685
5130.0,5180.0,5080.0,5100.0,38700.0,198330000.0,5114.0,5165.8,47.2306454622089,0.0,-0.009727626459143934,-0.001941747572815511,884.9,0.682,-0.012737620504084592,0.006016971645331241,0.13343883843902685
5090.0,5110.0,5060.0,5070.0,41000.0,208256000.0,5098.0,5166.6,45.51694253750937,0.0019646365422396617,0.0,-0.009727626459143934,884.9,0.682,-0.018697015445360655,0.004697539127369191,0.13343883843902685
5090.0,5140.0,5050.0,5080.0,58300.0,296639000.0,5086.0,5168.6,46.217455906087544,-0.00588235294117645,0.0019646365422396617,0.0,884.9,0.682,-0.017141972681190335,0.005237540372880638,0.13343883843902685
5120.0,5120.0,5060.0,5080.0,32200.0,163957000.0,5084.0,5168.6,46.21745590608755,0.0019723865877712132,-0.00588235294117645,0.0019646365422396617,884.9,0.682,-0.017141972681190335,0.003224721697466742,0.13343883843902685
5110.0,5110.0,5050.0,5100.0,51700.0,262588000.0,5086.0,5170.6,47.774973593348356,0.0,0.0019723865877712132,-0.00588235294117645,884.9,0.682,-0.013654121378563486,0.003776865645550132,0.13343883843902685
5120.0,5250.0,5080.0,5180.0,105500.0,548311000.0,5102.0,5178.6,53.56738574598098,0.003937007874015741,0.0,0.0019723865877712132,884.9,0.682,0.00027034333603669644,0.007916280121351798,0.13343883843902685
5200.0,5260.0,5170.0,5180.0,44900.0,233805000.0,5124.0,5188.0,53.56738574598098,0.015686274509803866,0.003937007874015741,0.0,884.9,0.682,-0.0015420200462606013,0.00656077290001911,0.13343883843902685
5170.0,5190.0,5080.0,5130.0,45800.0,234985000.0,5134.0,5187.6,49.581287726384815,0.0,0.015686274509803866,0.003937007874015741,884.9,0.682,-0.011103400416377585,0.009149411453980138,0.13343883843902685
5190.0,5190.0,5030.0,5030.0,90400.0,460195000.0,5124.0,5177.6,42.73240762346609,-0.009652509652509633,0.0,0.015686274509803866,884.9,0.682,-0.028507416563658905,0.013384495771009133,0.13343883843902685
5080.0,5080.0,4990.0,5030.0,66000.0,331995500.0,5110.0,5164.8,42.73240762346609,-0.01949317738791423,-0.009652509652509633,0.0,884.9,0.682,-0.026099752168525437,0.013066971322111383,0.13343883843902685
5050.0,5060.0,4965.0,4995.0,69800.0,348783000.0,5073.0,5156.6,40.4635702275847,0.0,-0.01949317738791423,-0.009652509652509633,884.9,0.682,-0.03133847884264832,0.008075786279153185,0.13343883843902685
5050.0,5050.0,4980.0,5000.0,46200.0,231583000.0,5037.0,5144.2,40.94594256542998,-0.006958250497017926,0.0,-0.01949317738791423,884.9,0.682,-0.028031569534621482,0.008308593887588072,0.13343883843902685
4975.0,5040.0,4965.0,5010.0,46600.0,233221500.0,5013.0,5133.8,41.95880538374805,0.0010010010010010895,-0.006958250497017926,0.0,884.9,0.682,-0.024114690872258402,0.008991922951352357,0.13343883843902685
5030.0,5080.0,5000.0,5000.0,50200.0,252489000.0,5007.0,5118.2,41.19784840352806,0.0020000000000000018,0.0010010010010010895,-0.006958250497017926,884.9,0.682,-0.02309405650423974,0.003546654970913645,0.13343883843902685
5000.0,5020.0,4960.0,4970.0,52700.0,263017500.0,4995.0,5107.8,38.917566182930194,-0.001996007984031989,0.0020000000000000018,0.0010010010010010895,884.9,0.682,-0.02697834684208469,0.004025767876402859,0.13343883843902685
4960.0,4960.0,4890.0,4900.0,71000.0,349228000.0,4976.0,5094.2,34.16568409612729,-0.006000000000000005,-0.001996007984031989,0.0020000000000000018,884.9,0.682,-0.03812178556004865,0.00652981275404224,0.13343883843902685
4875.0,4880.0,4815.0,4840.0,66400.0,321495000.0,4944.0,5084.2,30.704964040982034,-0.014084507042253502,-0.006000000000000005,-0.001996007984031989,884.9,0.682,-0.04803115534400689,0.0067695725047857295,0.13343883843902685
4840.0,4855.0,4715.0,4740.0,86600.0,412100500.0,4890.0,5063.8,25.98137677899072,-0.01224489795918371,-0.014084507042253502,-0.006000000000000005,884.9,0.682,-0.06394407362060116,0.007253856660958019,0.13343883843902685
4770.0,4840.0,4770.0,4780.0,78800.0,378208500.0,4846.0,5044.6,30.58163693552001,-0.02066115702479343,-0.01224489795918371,-0.014084507042253502,884.9,0.682,-0.05245212702691994,0.011016310225718905,0.13343883843902685
4790.0,4805.0,4670.0,4670.0,81800.0,386122500.0,4786.0,5022.6,25.82778242235311,0.00843881856540074,-0.02066115702479343,-0.01224489795918371,884.9,0.682,-0.07020268386891258,0.012429330170193644,0.13343883843902685
4650.0,4650.0,4560.0,4600.0,96100.0,442418000.0,4726.0,4998.2,23.341223195307506,-0.023012552301255207,0.00843881856540074,-0.02066115702479343,884.9,0.682,-0.07966868072506099,0.01246809759038995,0.13343883843902685
4600.0,4670.0,4580.0,4625.0,75700.0,350226500.0,4683.0,4977.2,26.07844162125366,-0.01498929336188437,-0.023012552301255207,0.00843881856540074,884.9,0.682,-0.0707626778108173,0.014838061798124167,0.13343883843902685
4695.0,4720.0,4655.0,4715.0,69100.0,324276500.0,4678.0,4960.2,35.067185053640856,0.005434782608695565,-0.01498929336188437,-0.023012552301255207,884.9,0.682,-0.04943349058505702,0.017530816092056478,0.13343883843902685
4680.0,4695.0,4630.0,4670.0,93500.0,436093000.0,4656.0,4943.4,32.912222310405284,0.019459459459459483,0.005434782608695565,-0.01498929336188437,884.9,0.682,-0.05530606465185897,0.01696270095936736,0.13343883843902685
4670.0,5240.0,4655.0,5090.0,412900.0,2060289000.0,4740.0,4943.4,58.52828277019827,-0.009544008483563071,0.019459459459459483,0.005434782608695565,323.9,0.725,0.02965570255289889,0.042372504572725386,0.16987032097857077
5020.0,5040.0,4890.0,4900.0,209000.0,1033845500.0,4800.0,4935.4,49.348509271580575,0.08993576017130622,-0.009544008483563071,0.019459459459459483,323.9,0.725,-0.007172670908133006,0.0475853650942739,0.16987032097857077
4690.0,4730.0,4500.0,4560.0,265400.0,1220542500.0,4787.0,4915.0,37.89460462715775,-0.037328094302554016,0.08993576017130622,-0.009544008483563071,323.9,0.725,-0.07222787385554426,0.06073883055480155,0.16987032097857077
4220.0,4430.0,3945.0,3960.0,401100.0,1679480000.0,4636.0,4870.2,26.295620292188715,-0.06938775510204087,-0.037328094302554016,0.08993576017130622,323.9,0.725,-0.18689170875939384,0.08172196965783983,0.16987032097857077
4400.0,4660.0,4350.0,4660.0,212000.0,964238000.0,4634.0,4853.4,46.7672683723903,-0.13157894736842102,-0.06938775510204087,-0.037328094302554016,323.9,0.725,-0.03984835373140472,0.12519475719170464,0.16987032097857077
4590.0,4745.0,4545.0,4590.0,171600.0,794027000.0,4534.0,4833.0,45.40899834567699,0.17676767676767668,-0.13157894736842102,-0.06938775510204087,323.9,0.725,-0.05027932960893855,0.11599739799193223,0.16987032097857077
4525.0,4600.0,4455.0,4510.0,124500.0,562854500.0,4456.0,4806.2,43.84185171837197,-0.015021459227467782,0.17676767676767668,-0.13157894736842102,323.9,0.725,-0.06162872955765466,0.11539288898534192,0.16987032097857077
4580.0,4605.0,4460.0,4560.0,99900.0,453149000.0,4456.0,4781.4,45.11674052143413,-0.017429193899782147,-0.015021459227467782,0.17676767676767668,323.9,0.725,-0.046304429664951616,0.11079106467885598,0.16987032097857077
4630.0,4800.0,4580.0,4775.0,103900.0,489506000.0,4619.0,4767.2,50.337582225325434,0.011086474501108556,-0.017429193899782147,-0.015021459227467782,323.9,0.725,0.0016361805672093015,0.08049327523909967,0.16987032097857077
4815.0,4825.0,4750.0,4795.0,87000.0,416817000.0,4646.0,4757.8,50.80638009557962,0.04714912280701755,0.011086474501108556,-0.017429193899782147,323.9,0.725,0.007818739753667623,0.02604435093684656,0.16987032097857077
4795.0,4860.0,4790.0,4800.0,60700.0,292312500.0,4688.0,4748.6,50.931086542153835,0.004188481675392763,0.04714912280701755,0.011086474501108556,323.9,0.725,0.01082424293475964,0.023687889252695944,0.16987032097857077
4895.0,4990.0,4855.0,4970.0,79800.0,394369000.0,4780.0,4747.6,55.098833537759354,0.0010427528675704956,0.004188481675392763,0.04714912280701755,323.9,0.725,0.04684472154351665,0.020391980240884178,0.16987032097857077
4970.0,5070.0,4935.0,5010.0,87800.0,440458500.0,4870.0,4748.0,56.04485369235488,0.03541666666666665,0.0010427528675704956,0.004188481675392763,323.9,0.725,0.05518112889637742,0.020757654645267486,0.16987032097857077
5100.0,5160.0,5070.0,5120.0,77400.0,395994000.0,4939.0,4752.4,58.626419774923335,0.008048289738430636,0.03541666666666665,0.0010427528675704956,323.9,0.725,0.07735039138119695,0.01433062150765918,0.16987032097857077
5090.0,5190.0,5090.0,5180.0,69500.0,358634000.0,5016.0,4759.6,60.006198523573296,0.02195608782435121,0.008048289738430636,0.03541666666666665,323.9,0.725,0.0883267501470711,0.013389355277905775,0.16987032097857077
5160.0,5220.0,5080.0,5140.0,73600.0,379147000.0,5084.0,4766.4,58.60306152304382,0.01171875,0.02195608782435121,0.008048289738430636,323.9,0.725,0.07838200738502861,0.016080871603747462,0.16987032097857077
5130.0,5150.0,5060.0,5110.0,43800.0,223538000.0,5112.0,4774.8,57.51677489016939,-0.007722007722007707,0.01171875,0.02195608782435121,323.9,0.725,0.07020189327301662,0.012442071528501377,0.16987032097857077
5090.0,5110.0,5000.0,5060.0,55100.0,277997000.0,5122.0,4783.6,55.66478711333208,-0.005836575875486361,-0.007722007722007707,0.01171875,323.9,0.725,0.05778075089890451,0.01403109863557252,0.16987032097857077
5070.0,5280.0,5060.0,5280.0,78600.0,409817000.0,5154.0,4805.2,61.533743392291335,-0.009784735812133127,-0.005836575875486361,-0.007722007722007707,323.9,0.725,0.09880962290851582,0.022439879756817833,0.16987032097857077
5240.0,5240.0,5090.0,5180.0,78100.0,403462000.0,5154.0,4821.2,57.78902271574847,0.04347826086956519,-0.009784735812133127,-0.005836575875486361,323.9,0.725,0.07442130589894635,0.024689117138837872,0.16987032097857077
5160.0,5290.0,5120.0,5290.0,53900.0,282704000.0,5184.0,4846.0,60.627445314894466,-0.018939393939393923,0.04347826086956519,-0.009784735812133127,323.9,0.725,0.09162195625257945,0.025729225803659703,0.16987032097857077
5300.0,5500.0,5290.0,5400.0,106300.0,575887000.0,5242.0,4878.0,63.28612808201808,0.021235521235521304,-0.018939393939393923,0.04347826086956519,323.9,0.725,0.1070110701107011,0.025412895847875514,0.16987032097857077
5400.0,5430.0,5350.0,5420.0,69100.0,372500000.0,5314.0,4909.8,63.76522185505592,0.020793950850661602,0.021235521235521304,-0.018939393939393923,323.9,0.725,0.10391461974011157,0.023229727660222462,0.16987032097857077
5450.0,5520.0,5440.0,5450.0,66200.0,362232000.0,5348.0,4939.2,64.5132745749713,0.0037037037037037646,0.020793950850661602,0.021235521235521304,323.9,0.725,0.1034175574991902,0.01641158061263238,0.16987032097857077
5220.0,5340.0,5190.0,5190.0,99400.0,522228000.0,5350.0,4960.0,54.09088175938702,0.005535055350553542,0.0037037037037037646,0.020793950850661602,323.9,0.725,0.046370967741935484,0.028288935195279353,0.16987032097857077
5120.0,5270.0,5120.0,5180.0,51300.0,266834000.0,5328.0,4963.6,53.73133340556027,-0.047706422018348627,0.005535055350553542,0.0037037037037037646,323.9,0.725,0.04359738899186067,0.02588204960256083,0.16987032097857077
5230.0,5230.0,5030.0,5060.0,67100.0,342325000.0,5260.0,4970.0,49.48086803016743,-0.0019267822736031004,-0.047706422018348627,0.005535055350553542,323.9,0.725,0.018108651911468814,0.022653076232434146,0.16987032097857077
4890.0,5060.0,4890.0,5020.0,65200.0,324705500.0,5180.0,4988.4,48.11455941587295,-0.02316602316602312,-0.0019267822736031004,-0.047706422018348627,323.9,0.725,0.006334696495870493,0.021091010077356198,0.16987032097857077
5040.0,5170.0,5040.0,5100.0,56400.0,287349000.0,5110.0,5034.0,51.027163377474885,-0.007905138339920903,-0.02316602316602312,-0.0019267822736031004,323.9,0.725,0.013110846245530394,0.02394657397328993,0.16987032097857077
5050.0,5170.0,5020.0,5040.0,59300.0,301447000.0,5080.0,5049.2,48.81393762145041,0.015936254980079667,-0.007905138339920903,-0.02316602316602312,323.9,0.725,-0.0018220708231006532,0.014396602486783486,0.16987032097857077
5170.0,5170.0,5050.0,5090.0,40400.0,205954000.0,5062.0,5069.2,50.73170216388303,-0.0117647058823529,0.015936254980079667,-0.007905138339920903,323.9,0.725,0.004103211552118713,0.016064636867309995,0.16987032097857077
5070.0,5110.0,5060.0,5090.0,40200.0,204329000.0,5068.0,5092.4,50.73170216388303,0.009920634920634885,-0.0117647058823529,0.015936254980079667,323.9,0.725,-0.00047129055062438856,0.011679328211039853,0.16987032097857077
5110.0,5130.0,4990.0,5040.0,53000.0,266901000.0,5072.0,5111.6,48.61909009444074,0.0,0.009920634920634885,-0.0117647058823529,323.9,0.725,-0.014007355818139205,0.012079337405900788,0.16987032097857077
5100.0,5160.0,5070.0,5130.0,41100.0,210689000.0,5078.0,5125.8,52.45691265404176,-0.00982318271119842,0.0,0.009920634920634885,323.9,0.725,0.0008193842912325525,0.012693864912844507,0.16987032097857077
5180.0,5200.0,5100.0,5180.0,56700.0,293080000.0,5106.0,5141.2,54.49065469600509,0.017857142857142794,-0.00982318271119842,0.0,323.9,0.725,0.007546876215669529,0.010669071440953562,0.16987032097857077
5210.0,5310.0,5200.0,5230.0,60900.0,319872000.0,5134.0,5158.4,56.49482264670697,0.00974658869395717,0.017857142857142794,-0.00982318271119842,323.9,0.725,0.01388027295285367,0.010642190372631786,0.16987032097857077
5290.0,5300.0,5220.0,5260.0,42400.0,222921000.0,5168.0,5170.0,57.698540793033935,0.009652509652509744,0.00974658869395717,0.017857142857142794,323.9,0.725,0.017408123791102514,0.010202984415367006,0.16987032097857077
5280.0,5280.0,5180.0,5190.0,37100.0,193080000.0,5198.0,5177.2,53.947783690151056,0.005736137667303964,0.009652509652509744,0.00974658869395717,323.9,0.725,0.002472378892065244,0.011627742353246904,0.16987032097857077
5240.0,5240.0,5150.0,5230.0,65200.0,339118000.0,5218.0,5181.6,55.719182604727116,-0.013307984790874472,0.005736137667303964,0.009652509652509744,323.9,0.725,0.00934074417168435,0.009762864644855275,0.16987032097857077
5200.0,5290.0,5170.0,5280.0,68000.0,356866000.0,5238.0,5185.6,57.89915668501835,0.007707129094412402,-0.013307984790874472,0.005736137667303964,323.9,0.725,0.018204257945078607,0.009735313543957819,0.16987032097857077
5180.0,5260.0,5120.0,5150.0,54000.0,279152000.0,5222.0,5186.0,50.88488576580819,0.009560229445506607,0.007707129094412402,-0.013307984790874472,323.9,0.725,-0.006941766293868106,0.015185950237576238,0.16987032097857077
5160.0,5300.0,5160.0,5280.0,52100.0,274455000.0,5226.0,5192.8,56.55318681262306,-0.024621212121212155,0.009560229445506607,0.007707129094412402,323.9,0.725,0.016792481898012596,0.01979332156033751,0.16987032097857077
5240.0,5390.0,5240.0,5330.0,66700.0,356276000.0,5254.0,5203.6,58.535296346977546,0.025242718446601975,-0.024621212121212155,0.009560229445506607,323.9,0.725,0.024290875547697675,0.01826317145502618,0.16987032097857077
5400.0,5400.0,5290.0,5320.0,40200.0,214387000.0,5272.0,5205.2,57.965715205265354,0.009469696969697017,0.025242718446601975,-0.024621212121212155,323.9,0.725,0.022054868208714398,0.01847160061918156,0.16987032097857077
5280.0,5350.0,5280.0,5300.0,38100.0,202367000.0,5276.0,5210.0,56.77580078463216,-0.0018761726078799779,0.009469696969697017,0.025242718446601975,323.9,0.725,0.01727447216890595,0.018349091603223105,0.16987032097857077
5370.0,5380.0,5300.0,5340.0,37900.0,202284000.0,5314.0,5212.0,58.6059928914039,-0.003759398496240629,-0.0018761726078799779,0.009469696969697017,323.9,0.725,0.024558710667689946,0.011545769636945605,0.16987032097857077
5320.0,5320.0,5260.0,5280.0,33200.0,175454000.0,5314.0,5207.2,54.854065015861394,0.007547169811320753,-0.003759398496240629,-0.0018761726078799779,323.9,0.725,0.013980642187740087,0.008522477556617255,0.16987032097857077
5300.0,5310.0,5230.0,5280.0,35500.0,187062000.0,5304.0,5201.6,54.854065015861394,-0.011235955056179803,0.007547169811320753,-0.003759398496240629,323.9,0.725,0.015072285450630505,0.006772570313938147,0.16987032097857077
5270.0,5340.0,5260.0,5340.0,33000.0,175163000.0,5308.0,5197.2,57.97436336317064,0.0,-0.011235955056179803,0.007547169811320753,323.9,0.725,0.027476333410297888,0.008991740832508914,0.16987032097857077
5370.0,5390.0,5310.0,5310.0,52400.0,280429000.0,5310.0,5202.0,55.894193265034076,0.011363636363636465,0.0,-0.011235955056179803,323.9,0.725,0.020761245674740483,0.009260861397608643,0.16987032097857077
5320.0,5320.0,5250.0,5280.0,38700.0,204457000.0,5298.0,5206.0,53.81474172150036,-0.005617977528089901,0.011363636363636465,0.0,323.9,0.725,0.014214368036880523,0.008573796063046677,0.16987032097857077
5230.0,5310.0,5220.0,5250.0,27400.0,144285000.0,5292.0,5213.6,51.74170253943351,-0.005649717514124242,-0.005617977528089901,0.011363636363636465,323.9,0.725,0.0069817400644467615,0.007393508380529206,0.16987032097857077
5300.0,5300.0,5250.0,5260.0,25600.0,135116000.0,5288.0,5223.2,52.39993190427745,-0.005681818181818232,-0.005649717514124242,-0.005617977528089901,323.9,0.725,0.007045489355184596,0.0075135588305781775,0.16987032097857077
5300.0,5300.0,5200.0,5200.0,34900.0,182246000.0,5260.0,5227.2,48.15579173848828,0.0019047619047618536,-0.005681818181818232,-0.005649717514124242,323.9,0.725,-0.005203550658096078,0.0047320943464922985,0.16987032097857077
5190.0,5230.0,5160.0,5160.0,25900.0,134339000.0,5230.0,5232.0,45.50940346820287,-0.011406844106463865,0.0019047619047618536,-0.005681818181818232,323.9,0.725,-0.013761467889908258,0.0048572751544481985,0.16987032097857077
5160.0,5170.0,5070.0,5110.0,34100.0,174306000.0,5196.0,5232.8,42.37463343778155,-0.007692307692307665,-0.011406844106463865,0.0019047619047618536,323.9,0.725,-0.023467359730928027,0.005171626718545098,0.16987032097857077
5070.0,5080.0,4990.0,5000.0,62200.0,312795500.0,5146.0,5229.2,36.42945867790667,-0.009689922480620172,-0.007692307692307665,-0.011406844106463865,323.9,0.725,-0.04383079629771281,0.008388643113785923,0.16987032097857077
4960.0,4970.0,4885.0,4955.0,71000.0,350835000.0,5085.0,5225.8,34.308809486315766,-0.021526418786692814,-0.009689922480620172,-0.007692307692307665,323.9,0.725,-0.05181981706150258,0.005565596329870392,0.16987032097857077
4910.0,4940.0,4765.0,4785.0,104900.0,505096000.0,5002.0,5212.0,27.739302962918174,-0.009000000000000008,-0.021526418786692814,-0.009689922480620172,323.9,0.725,-0.08192632386799693,0.011430268215378897,0.16987032097857077
4710.0,4800.0,4705.0,4760.0,106700.0,506954000.0,4922.0,5195.2,26.9228632600105,-0.034308779011099855,-0.009000000000000008,-0.021526418786692814,323.9,0.725,-0.08376963350785337,0.011944299826696531,0.16987032097857077
4735.0,4805.0,4680.0,4725.0,117100.0,553578500.0,4845.0,5175.0,25.778916150948262,-0.005224660397074143,-0.034308779011099855,-0.009000000000000008,323.9,0.725,-0.08695652173913043,0.0122911913775737,0.16987032097857077
4730.0,4775.0,4710.0,4715.0,136100.0,644807500.0,4788.0,5153.2,25.446237512630745,-0.007352941176470562,-0.005224660397074143,-0.034308779011099855,323.9,0.725,-0.08503454164402698,0.012952506853378017,0.16987032097857077
4680.0,5420.0,4585.0,5420.0,213600.0,1030283500.0,4881.0,5162.4,62.342636080212365,-0.002116402116402072,-0.007352941176470562,-0.005224660397074143,569.66,0.745,0.049899271656593906,0.07348324150758896,0.1632412279666816
5600.0,6030.0,5500.0,5950.0,738300.0,4322347000.0,5114.0,5191.2,73.11473209431438,0.14952279957582193,-0.002116402116402072,-0.007352941176470562,569.66,0.745,0.14617044228694717,0.07277204209750453,0.1632412279666816
6030.0,6210.0,6010.0,6150.0,256000.0,1569796000.0,5392.0,5226.0,75.91463136544914,0.0977859778597785,0.14952279957582193,-0.002116402116402072,569.66,0.745,0.17680826636050517,0.06776843017032716,0.1632412279666816
6170.0,6320.0,6150.0,6270.0,188400.0,1178787000.0,5701.0,5270.8,77.43319845125032,0.03361344537815136,0.0977859778597785,0.14952279957582193,569.66,0.745,0.1895727403809668,0.06252100841536576,0.1632412279666816
6330.0,6650.0,6230.0,6580.0,241300.0,1562269000.0,6074.0,5322.8,80.8008544134849,0.019512195121951237,0.03361344537815136,0.0977859778597785,569.66,0.745,0.2361914781693845,0.05336565633150989,0.1632412279666816
6720.0,6780.0,6480.0,6610.0,156300.0,1032989000.0,6312.0,5374.0,81.09487751056497,0.04944178628389162,0.019512195121951237,0.03361344537815136,569.66,0.745,0.22999627837737252,0.03584732634716668,0.1632412279666816
6540.0,6570.0,6320.0,6400.0,118900.0,764017000.0,6402.0,5417.2,72.70169259620398,0.004559270516717229,0.04944178628389162,0.019512195121951237,569.66,0.745,0.18142213689729014,0.03102207856310765,0.1632412279666816
6370.0,6530.0,6350.0,6520.0,94900.0,611336000.0,6476.0,5466.0,74.33624979755703,-0.0317700453857791,0.004559270516717229,0.04944178628389162,569.66,0.745,0.19282839370654958,0.029474631522115144,0.1632412279666816
6520.0,6670.0,6500.0,6580.0,82500.0,540971000.0,6538.0,5515.6,75.13784991982229,0.018750000000000044,-0.0317700453857791,0.004559270516717229,569.66,0.745,0.19297991152367822,0.029185546858999364,0.1632412279666816
6600.0,6670.0,6500.0,6500.0,83000.0,546598000.0,6522.0,5564.4,71.91258085793737,0.009202453987730008,0.018750000000000044,-0.0317700453857791,569.66,0.745,0.1681403206095896,0.01992562394809039,0.1632412279666816
6480.0,6540.0,6430.0,6490.0,69600.0,451862000.0,6498.0,5612.8,71.49943396859413,-0.012158054711246202,0.009202453987730008,0.018750000000000044,569.66,0.745,0.1562856328392246,0.019585835494932882,0.1632412279666816
6480.0,6630.0,6380.0,6390.0,75800.0,488473000.0,6496.0,5654.8,67.33347196893514,-0.0015384615384614886,-0.012158054711246202,0.009202453987730008,569.66,0.745,0.1300134399094574,0.01434907279998861,0.1632412279666816
6340.0,6470.0,6340.0,6460.0,55200.0,354222000.0,6484.0,5700.8,68.70792464521821,-0.015408320493066285,-0.0015384615384614886,-0.012158054711246202,569.66,0.745,0.13317429132753295,0.012002893180448915,0.1632412279666816
6510.0,6570.0,6440.0,6460.0,47800.0,310721000.0,6460.0,5748.0,68.70792464521821,0.010954616588419341,-0.015408320493066285,-0.0015384615384614886,569.66,0.745,0.12386917188587335,0.010508556334637388,0.1632412279666816
6530.0,6580.0,6420.0,6450.0,41800.0,270451000.0,6450.0,5796.0,68.23227411382872,0.0,0.010954616588419341,-0.015408320493066285,569.66,0.745,0.11283643892339544,0.0093649921643051,0.1632412279666816
6530.0,6580.0,6420.0,6580.0,66000.0,431279000.0,6468.0,5848.8,71.0391340090869,-0.001547987616099089,0.0,0.010954616588419341,569.66,0.745,0.12501709752427845,0.013471992897000148,0.1632412279666816
6540.0,6540.0,6480.0,6480.0,47300.0,307488000.0,6486.0,5900.0,66.19411672028812,0.020155038759689825,-0.001547987616099089,0.0,569.66,0.745,0.09830508474576272,0.013400803078703089,0.1632412279666816
6500.0,6550.0,6460.0,6550.0,41200.0,267784000.0,6504.0,5955.6,67.84721615278679,-0.015197568389057725,0.020155038759689825,-0.001547987616099089,569.66,0.745,0.09980522533413923,0.013378017062775067,0.1632412279666816
6550.0,6550.0,6320.0,6360.0,74000.0,472395000.0,6484.0,6005.6,59.36212738704097,0.010802469135802406,-0.015197568389057725,0.020155038759689825,569.66,0.745,0.059011589183428734,0.019710033259859382,0.1632412279666816
6350.0,6410.0,6350.0,6380.0,40600.0,258873000.0,6470.0,6060.8,59.9301983978865,-0.02900763358778624,0.010802469135802406,-0.015197568389057725,569.66,0.745,0.05266631467793027,0.019904788268467942,0.1632412279666816
6380.0,6430.0,6360.0,6370.0,32700.0,208885000.0,6428.0,6117.4,59.48246927998281,0.003144654088050425,-0.02900763358778624,0.010802469135802406,569.66,0.745,0.04129205217903037,0.015802496806700747,0.1632412279666816
6350.0,6430.0,6280.0,6370.0,55200.0,350835000.0,6406.0,6180.8,59.48246927998281,-0.0015673981191222097,0.003144654088050425,-0.02900763358778624,569.66,0.745,0.030610924152213274,0.015126006279636178,0.1632412279666816
6370.0,6540.0,6370.0,6520.0,93800.0,608989000.0,6400.0,6251.2,64.14270395251765,0.0,-0.0015673981191222097,0.003144654088050425,569.66,0.745,0.04299974404914259,0.018743507683371574,0.1632412279666816
6530.0,6570.0,6490.0,6490.0,46200.0,301204000.0,6426.0,6321.8,62.59210650943113,0.023547880690737877,0.0,-0.0015673981191222097,569.66,0.745,0.026606346293777058,0.011222448345588686,0.1632412279666816
6490.0,6490.0,6360.0,6360.0,54400.0,348194000.0,6422.0,6387.6,56.24675017711095,-0.004601226993865004,0.023547880690737877,0.0,569.66,0.745,-0.004320871688897295,0.015636161388177403,0.1632412279666816
6420.0,6420.0,6270.0,6270.0,64400.0,406360000.0,6402.0,6421.6,52.2942302937724,-0.02003081664098616,-0.004601226993865004,0.023547880690737877,569.66,0.745,-0.023607823595365698,0.01681320237300154,0.1632412279666816
6300.0,6420.0,6280.0,6340.0,67300.0,428397000.0,6396.0,6437.2,54.94608299427807,-0.014150943396226467,-0.02003081664098616,-0.004601226993865004,569.66,0.745,-0.015099732803082057,0.018017238104513434,0.1632412279666816
6380.0,6410.0,6300.0,6330.0,43400.0,275336000.0,6358.0,6444.4,54.48017131455981,0.011164274322169154,-0.014150943396226467,-0.02003081664098616,569.66,0.745,-0.01775184656445901,0.012034343347404879,0.1632412279666816
6300.0,6410.0,6290.0,6370.0,47700.0,303739000.0,6334.0,6448.4,56.08427198838966,-0.001577287066246047,0.011164274322169154,-0.014150943396226467,569.66,0.745,-0.012158054711246145,0.013245215714682422,0.1632412279666816
6410.0,6500.0,6380.0,6440.0,62200.0,400808000.0,6350.0,6442.8,58.819215437537444,0.006319115323854652,-0.001577287066246047,0.011164274322169154,569.66,0.745,-0.0004345936549326662,0.01067221697854446,0.1632412279666816
6380.0,6460.0,6360.0,6380.0,51600.0,330367000.0,6372.0,6433.6,55.621715551708114,0.01098901098901095,0.006319115323854652,-0.001577287066246047,569.66,0.745,-0.00833126088037807,0.008843373396411993,0.1632412279666816
6420.0,6560.0,6420.0,6470.0,53900.0,350282000.0,6398.0,6436.4,59.20418781353873,-0.009316770186335366,0.01098901098901095,0.006319115323854652,569.66,0.745,0.005220309489776951,0.009549291536149586,0.1632412279666816
6480.0,6480.0,6360.0,6360.0,48200.0,308497000.0,6404.0,6430.0,53.517693916200585,0.014106583072100332,-0.009316770186335366,0.01098901098901095,569.66,0.745,-0.01088646967340591,0.013512451486832616,0.1632412279666816
6390.0,6420.0,6310.0,6320.0,61800.0,393130000.0,6394.0,6419.6,51.57767527553424,-0.01700154559505407,0.014106583072100332,-0.009316770186335366,569.66,0.745,-0.015514985357343192,0.013452491279624645,0.1632412279666816
6280.0,6420.0,6250.0,6400.0,40300.0,256034000.0,6386.0,6415.6,55.08454021629431,-0.0062893081761006275,-0.01700154559505407,0.014106583072100332,569.66,0.745,-0.002431573040713318,0.013854682259496513,0.1632412279666816
6410.0,6490.0,6410.0,6440.0,35000.0,225527000.0,6398.0,6413.6,56.77035463870508,0.012658227848101333,-0.0062893081761006275,-0.01700154559505407,569.66,0.745,0.004116252962454727,0.013304001274540341,0.1632412279666816
6440.0,6530.0,6430.0,6520.0,67500.0,437710000.0,6408.0,6418.8,60.003674626485335,0.006250000000000089,0.012658227848101333,-0.0062893081761006275,569.66,0.745,0.015766186826198014,0.012935307792498943,0.1632412279666816
6520.0,6610.0,6500.0,6550.0,84500.0,553784000.0,6446.0,6422.4,61.17635399307384,0.012422360248447228,0.006250000000000089,0.012658227848101333,569.66,0.745,0.019867962132536183,0.0077233300840160515,0.1632412279666816
6620.0,6720.0,6600.0,6680.0,110200.0,733590000.0,6518.0,6431.2,65.84906167252336,0.004601226993865115,0.012422360248447228,0.006250000000000089,569.66,0.745,0.0386864037815649,0.006050484039549366,0.1632412279666816
6710.0,6750.0,6610.0,6710.0,87300.0,584462000.0,6580.0,6441.6,66.84089274435546,0.01984732824427482,0.004601226993865115,0.012422360248447228,569.66,0.745,0.04166666666666661,0.006619200544606638,0.1632412279666816
6670.0,6710.0,6560.0,6700.0,98400.0,655296000.0,6632.0,6446.4,66.15123054181953,0.004491017964071808,0.01984732824427482,0.004601226993865115,569.66,0.745,0.03933978654753046,0.008274113449453724,0.1632412279666816
6700.0,6720.0,6650.0,6700.0,74100.0,494954000.0,6668.0,6455.2,66.15123054181953,-0.0014903129657227732,0.004491017964071808,0.01984732824427482,569.66,0.745,0.037922914859338235,0.008467373055859472,0.1632412279666816
6700.0,6700.0,6580.0,6590.0,87600.0,580802000.0,6676.0,6456.8,58.45656845381464,0.0,-0.0014903129657227732,0.004491017964071808,569.66,0.745,0.020629413951183218,0.013015233393649817,0.1632412279666816
6670.0,6690.0,6600.0,6600.0,60000.0,398392000.0,6660.0,6466.4,58.92433400745755,-0.016417910447761197,0.0,-0.0014903129657227732,569.66,0.745,0.020660645799826856,0.008153525041878551,0.1632412279666816
6630.0,6710.0,6530.0,6570.0,85700.0,567214000.0,6632.0,6474.0,56.85605772614075,0.0015174506828528056,-0.016417910447761197,0.0,569.66,0.745,0.014828544949026877,0.007194920209686265,0.1632412279666816
6590.0,6600.0,6450.0,6460.0,73900.0,480331000.0,6584.0,6477.6,49.93496409332307,-0.004545454545454519,0.0015174506828528056,-0.016417910447761197,569.66,0.745,-0.0027170556996418986,0.008816288520447252,0.1632412279666816
6450.0,6470.0,6360.0,6400.0,61900.0,396756000.0,6524.0,6478.8,46.60260765723878,-0.016742770167427756,-0.004545454545454519,0.0015174506828528056,569.66,0.745,-0.012162746187565627,0.007833790575203028,0.1632412279666816
6390.0,6430.0,6280.0,6320.0,75100.0,475448000.0,6470.0,6470.8,42.527492352797935,-0.009287925696594423,-0.016742770167427756,-0.004545454545454519,569.66,0.745,-0.023304691846448688,0.007077687221665562,0.1632412279666816
6320.0,6350.0,6210.0,6230.0,64700.0,405436000.0,6396.0,6460.4,38.4536479718489,-0.012499999999999956,-0.009287925696594423,-0.016742770167427756,569.66,0.745,-0.03566342641322513,0.0047235914890369065,0.1632412279666816
6220.0,6220.0,6110.0,6130.0,81600.0,502056000.0,6308.0,6451.2,34.49920006289531,-0.014240506329113889,-0.012499999999999956,-0.009287925696594423,569.66,0.745,-0.049789186507936484,0.0029985455468826204,0.1632412279666816
6090.0,6090.0,5970.0,6080.0,106200.0,639848000.0,6232.0,6443.6,32.6890866483906,-0.0160513643659711,-0.014240506329113889,-0.012499999999999956,569.66,0.745,-0.056428083679930525,0.003309050560913338,0.1632412279666816
6090.0,6230.0,6090.0,6110.0,76800.0,472157000.0,6174.0,6434.4,34.8962707629303,-0.00815660685154973,-0.0160513643659711,-0.014240506329113889,569.66,0.745,-0.05041651125202034,0.00842766921343035,0.1632412279666816
6120.0,6140.0,6040.0,6070.0,64100.0,389670000.0,6124.0,6424.0,33.32708683523251,0.004934210526315708,-0.00815660685154973,-0.0160513643659711,569.66,0.745,-0.05510585305105853,0.008264354394011363,0.1632412279666816
6070.0,6090.0,5980.0,6020.0,95400.0,574380000.0,6082.0,6410.0,31.424857616553098,-0.006546644844517169,0.004934210526315708,-0.00815660685154973,569.66,0.745,-0.060842433697347896,0.007537389842044545,0.1632412279666816
6050.0,6050.0,5960.0,5980.0,78100.0,468167000.0,6052.0,6391.6,29.951983101854523,-0.008237232289950547,-0.006546644844517169,0.004934210526315708,569.66,0.745,-0.06439702109018092,0.005572354525603425,0.1632412279666816
6020.0,6040.0,5980.0,6020.0,64200.0,386075000.0,6040.0,6377.2,33.31777451494614,-0.006644518272425293,-0.008237232289950547,-0.006546644844517169,569.66,0.745,-0.05601204290284135,0.007154026236052269,0.1632412279666816
6120.0,6150.0,6030.0,6030.0,89800.0,545000000.0,6024.0,6359.6,34.16939072631581,0.006688963210702337,-0.006644518272425293,-0.008237232289950547,569.66,0.745,-0.05182715894081394,0.0064836979791870145,0.1632412279666816
6050.0,6120.0,6020.0,6060.0,109400.0,663857000.0,6022.0,6347.6,36.777994052498485,0.0016611295681063787,0.006688963210702337,-0.006644518272425293,569.66,0.745,-0.045308463041149466,0.0067780989679364035,0.1632412279666816
6040.0,6120.0,6020.0,6100.0,106600.0,647409000.0,6038.0,6338.8,40.18159338367985,0.004975124378109541,0.0016611295681063787,0.006688963210702337,569.66,0.745,-0.03767274563008774,0.005583298311011857,0.1632412279666816
6120.0,6170.0,6080.0,6130.0,143500.0,878528000.0,6068.0,6328.0,42.67426867635458,0.0066006600660066805,0.004975124378109541,0.0016611295681063787,569.66,0.745,-0.031289506953223765,0.0020350202541111447,0.1632412279666816
6210.0,6250.0,5880.0,5960.0,409900.0,2470230000.0,6056.0,6308.8,34.022427859448456,0.004918032786885185,0.0066006600660066805,0.004975124378109541,902.65,0.728,-0.055287851889424325,0.014543131796454212,0.16937498024090292
5940.0,6010.0,5890.0,5910.0,298900.0,1778371000.0,6032.0,6284.4,31.969454004111483,-0.027732463295269127,0.004918032786885185,0.0066006600660066805,902.65,0.728,-0.05957609318312005,0.01461955798265597,0.16937498024090292
5880.0,5980.0,5770.0,5880.0,243200.0,1432000000.0,5996.0,6257.6,30.769739604585837,-0.008389261744966459,-0.027732463295269127,0.004918032786885185,902.65,0.728,-0.060342623369982154,0.013755194783585953,0.16937498024090292
5880.0,5950.0,5860.0,5940.0,131200.0,774383000.0,5964.0,6228.0,35.94696468147457,-0.005076142131979711,-0.008389261744966459,-0.027732463295269127,902.65,0.728,-0.046242774566473986,0.014642043949941197,0.16937498024090292
5950.0,5980.0,5880.0,5900.0,84000.0,498030000.0,5918.0,6195.6,34.115309091477684,0.010204081632652962,-0.005076142131979711,-0.008389261744966459,902.65,0.728,-0.04771127897217386,0.013509527366686844,0.16937498024090292
5880.0,5930.0,5850.0,5920.0,96900.0,570388000.0,5910.0,6164.4,35.87471318885349,-0.006734006734006703,0.010204081632652962,-0.005076142131979711,902.65,0.728,-0.03964700538576336,0.007880061692308014,0.16937498024090292
5900.0,5930.0,5850.0,5930.0,76500.0,451587000.0,5914.0,6133.6,36.78371499106184,0.003389830508474523,-0.006734006734006703,0.010204081632652962,902.65,0.728,-0.033194208947437125,0.00684049301645559,0.16937498024090292
5930.0,5950.0,5870.0,5890.0,96500.0,568699000.0,5916.0,6105.6,34.66684394018475,0.0016891891891892552,0.003389830508474523,-0.006734006734006703,902.65,0.728,-0.03531184486373171,0.0072225976267658405,0.16937498024090292
5900.0,5950.0,5870.0,5930.0,62200.0,368166000.0,5914.0,6078.8,38.47962999880209,-0.006745362563237767,0.0016891891891892552,0.003389830508474523,902.65,0.728,-0.024478515496479596,0.006139893993004904,0.16937498024090292
5950.0,5960.0,5900.0,5900.0,66800.0,395345000.0,5914.0,6052.0,36.74749215072148,0.00679117147707986,-0.006745362563237767,0.0016891891891892552,902.65,0.728,-0.02511566424322538,0.00573491660447725,0.16937498024090292
5930.0,6000.0,5930.0,5960.0,69000.0,411989000.0,5922.0,6032.0,42.338054956568605,-0.005059021922428353,0.00679117147707986,-0.006745362563237767,902.65,0.728,-0.011936339522546418,0.007316308176463242,0.16937498024090292
5990.0,6000.0,5930.0,5970.0,62500.0,372886000.0,5930.0,6014.8,43.23851605558646,0.01016949152542379,-0.005059021922428353,0.00679117147707986,902.65,0.728,-0.007448294207621231,0.0073161859326542344,0.16937498024090292
5970.0,5990.0,5900.0,5900.0,92500.0,549056000.0,5932.0,5998.0,38.684492292285746,0.001677852348993314,0.01016949152542379,-0.005059021922428353,902.65,0.728,-0.01633877959319773,0.008870489650018482,0.16937498024090292
5910.0,5920.0,5780.0,5780.0,162800.0,947728000.0,5902.0,5980.0,32.387054897065795,-0.011725293132328285,0.001677852348993314,0.01016949152542379,902.65,0.728,-0.033444816053511704,0.011781440991285527,0.16937498024090292
5750.0,5770.0,5690.0,5690.0,118100.0,674707000.0,5860.0,5962.4,28.623520021793723,-0.02033898305084747,-0.011725293132328285,0.001677852348993314,902.65,0.728,-0.045686300818462304,0.012685525136219084,0.16937498024090292
5650.0,5780.0,5610.0,5760.0,109500.0,625990000.0,5820.0,5949.6,34.95464636764653,-0.01557093425605538,-0.02033898305084747,-0.011725293132328285,902.65,0.728,-0.03186768858410655,0.013427949666030892,0.16937498024090292
5750.0,5770.0,5690.0,5760.0,63900.0,365928000.0,5778.0,5935.6,34.95464636764653,0.012302284710017597,-0.01557093425605538,-0.02033898305084747,902.65,0.728,-0.029584203787317263,0.013184022576182806,0.16937498024090292
5750.0,5830.0,5740.0,5820.0,61100.0,354475000.0,5762.0,5925.6,40.22531516171457,0.0,0.012302284710017597,-0.01557093425605538,902.65,0.728,-0.017820980153908525,0.014842347036818335,0.16937498024090292
5790.0,5900.0,5780.0,5880.0,93500.0,545077000.0,5782.0,5920.0,45.022831871379374,0.01041666666666674,0.0,0.012302284710017597,902.65,0.728,-0.006756756756756757,0.01170082191784209,0.16937498024090292
6010.0,6050.0,5970.0,6000.0,130800.0,785842000.0,5844.0,5920.8,53.125857556641705,0.010309278350515427,0.01041666666666674,0.0,902.65,0.728,0.013376570733684607,0.007272170966992405,0.16937498024090292
5960.0,6030.0,5930.0,6030.0,75600.0,452057000.0,5898.0,5921.2,54.9149076683303,0.020408163265306145,0.010309278350515427,0.01041666666666674,902.65,0.728,0.01837465378639468,0.00759292603368709,0.16937498024090292
6020.0,6130.0,6000.0,6100.0,106100.0,642109000.0,5966.0,5924.0,58.86047875166608,0.004999999999999893,0.020408163265306145,0.010309278350515427,902.65,0.728,0.029709655638082377,0.005572181288463208,0.16937498024090292
6180.0,6290.0,6170.0,6220.0,115200.0,718031000.0,6046.0,5930.4,64.58265011796018,0.011608623548922115,0.004999999999999893,0.020408163265306145,902.65,0.728,0.048833130986105554,0.006553158985148941,0.16937498024090292
6220.0,6290.0,6140.0,6210.0,139600.0,869366000.0,6112.0,5934.8,63.78642961367151,0.01967213114754096,0.011608623548922115,0.004999999999999893,902.65,0.728,0.04637056008627078,0.009474215370933617,0.16937498024090292
6210.0,6220.0,6070.0,6080.0,94500.0,580028000.0,6128.0,5932.8,54.397345343095736,-0.001607717041800627,0.01967213114754096,0.011608623548922115,902.65,0.728,0.024811218985976238,0.015409548141976235,0.16937498024090292
6000.0,6180.0,6000.0,6170.0,123000.0,749950000.0,6156.0,5941.2,58.90703131426107,-0.020933977455716568,-0.001607717041800627,0.01967213114754096,902.65,0.728,0.03851073857133242,0.016361881784337715,0.16937498024090292
6200.0,6200.0,6130.0,6180.0,57800.0,356242000.0,6172.0,5952.0,59.387601680639484,0.014802631578947345,-0.020933977455716568,-0.001607717041800627,902.65,0.728,0.038306451612903226,0.01591235726026517,0.16937498024090292
6250.0,6320.0,6130.0,6150.0,133000.0,824949000.0,6158.0,5962.8,57.22545735422984,0.0016207455429497752,0.014802631578947345,-0.020933977455716568,902.65,0.728,0.03139464681022335,0.012865125463312357,0.16937498024090292
6130.0,6150.0,6090.0,6110.0,70600.0,432105000.0,6138.0,5969.6,54.38249292812036,-0.004854368932038833,0.0016207455429497752,0.014802631578947345,902.65,0.728,0.02351916376306614,0.01299498595334575,0.16937498024090292
6130.0,6220.0,6130.0,6180.0,97700.0,603040000.0,6158.0,5980.8,58.28790519526595,-0.006504065040650375,-0.004854368932038833,0.0016207455429497752,902.65,0.728,0.033306581059390016,0.009542986270465556,0.16937498024090292
6190.0,6250.0,6150.0,6230.0,88000.0,546491000.0,6170.0,5993.2,60.865149924459224,0.011456628477905184,-0.006504065040650375,-0.004854368932038833,902.65,0.728,0.03951144630581329,0.007841579681708597,0.16937498024090292
6240.0,6330.0,6220.0,6310.0,107400.0,674896000.0,6196.0,6008.4,64.6306714963196,0.008090614886731462,0.011456628477905184,-0.006504065040650375,902.65,0.728,0.050196391718261166,0.009206280866738503,0.16937498024090292
6250.0,6320.0,6190.0,6190.0,156000.0,974552000.0,6204.0,6020.4,55.93642213555677,0.01284109149277679,0.008090614886731462,0.011456628477905184,902.65,0.728,0.028170885655438238,0.013749008437232728,0.16937498024090292
6200.0,6200.0,6080.0,6080.0,157000.0,962544000.0,6198.0,6026.4,49.37901739966753,-0.019017432646592725,0.01284109149277679,0.008090614886731462,902.65,0.728,0.008894198858356626,0.01608719553207498,0.16937498024090292
6080.0,6100.0,6030.0,6050.0,130300.0,790065000.0,6172.0,6032.4,47.735435141313474,-0.017770597738287597,-0.019017432646592725,0.01284109149277679,902.65,0.728,0.002917578409919827,0.014540510107199912,0.16937498024090292
6100.0,6100.0,6040.0,6080.0,129700.0,787908000.0,6142.0,6037.2,49.54404990974288,-0.004934210526315819,-0.017770597738287597,-0.019017432646592725,902.65,0.728,0.007089379182402469,0.013935821704537022,0.16937498024090292
6070.0,6080.0,6020.0,6080.0,195700.0,1186101000.0,6096.0,6041.6,49.54404990974288,0.0049586776859504855,-0.004934210526315819,-0.017770597738287597,902.65,0.728,0.00635593220338977,0.010678013510849564,0.16937498024090292
5760.0,6070.0,5760.0,6040.0,204000.0,1206675000.0,6066.0,6047.2,47.02753750415449,0.0,0.0049586776859504855,-0.004934210526315819,902.65,0.728,-0.001190633681703899,0.008509843226190904,0.16937498024090292
5900.0,5910.0,5730.0,5750.0,146200.0,844333000.0,6000.0,6046.0,33.67336946966499,-0.006578947368421018,0.0,0.0049586776859504855,902.65,0.728,-0.04895798875289448,0.021224760525046175,0.16937498024090292
5800.0,5850.0,5710.0,5710.0,61300.0,353102000.0,5932.0,6046.8,32.31049791961796,-0.04801324503311255,-0.006578947368421018,0.0,902.65,0.728,-0.05569888205331749,0.021101240964675128,0.16937498024090292
5770.0,5770.0,5620.0,5660.0,72600.0,411358000.0,5848.0,6042.8,30.64107254746139,-0.006956521739130417,-0.04801324503311255,-0.006578947368421018,902.65,0.728,-0.06334811676706166,0.019268227679590997,0.16937498024090292
5510.0,5610.0,5470.0,5540.0,131400.0,727431000.0,5740.0,6034.0,27.03125322720841,-0.008756567425569184,-0.006956521739130417,-0.04801324503311255,902.65,0.728,-0.08186940669539278,0.01766656305326962,0.16937498024090292
5340.0,5370.0,5090.0,5240.0,193500.0,1009210000.0,5580.0,6010.8,20.522060192357515,-0.021201413427561877,-0.008756567425569184,-0.006956521739130417,902.65,0.728,-0.12823584215079525,0.022043289149534868,0.16937498024090292
4695.0,5060.0,4695.0,4920.0,208000.0,1017464000.0,5414.0,5972.4,16.075382173542792,-0.054151624548736454,-0.021201413427561877,-0.008756567425569184,902.65,0.728,-0.17621056861563186,0.025531128914370434,0.16937498024090292
5230.0,5500.0,5230.0,5440.0,138000.0,744214000.0,5360.0,5950.0,39.14918489866764,-0.06106870229007633,-0.054151624548736454,-0.021201413427561877,902.65,0.728,-0.08571428571428572,0.06716902776035462,0.16937498024090292
5340.0,5390.0,5230.0,5330.0,182300.0,967414000.0,5294.0,5922.0,36.841676888890994,0.10569105691056913,-0.06106870229007633,-0.054151624548736454,902.65,0.728,-0.0999662276258021,0.06740094594308779,0.16937498024090292
5690.0,5690.0,5540.0,5590.0,98000.0,548350000.0,5304.0,5901.6,45.081279219495535,-0.020220588235294157,0.10569105691056913,-0.06106870229007633,902.65,0.728,-0.052799240883828175,0.07167349502725616,0.16937498024090292
5500.0,5590.0,5380.0,5550.0,98800.0,543352000.0,5366.0,5874.8,44.12748182331065,0.04878048780487809,-0.020220588235294157,0.10569105691056913,902.65,0.728,-0.05528698849322533,0.06493784396597821,0.16937498024090292
5550.0,5610.0,5520.0,5550.0,62700.0,348950000.0,5492.0,5848.4,44.12748182331065,-0.007155635062611854,0.04878048780487809,-0.020220588235294157,902.65,0.728,-0.05102250188085625,0.05191234597338094,0.16937498024090292
5550.0,5570.0,5520.0,5530.0,35400.0,196226000.0,5510.0,5826.4,43.59265571465985,0.0,-0.007155635062611854,0.04878048780487809,902.65,0.728,-0.05087189345050111,0.02640655479906939,0.16937498024090292
5570.0,5610.0,5550.0,5580.0,29000.0,162039000.0,5560.0,5802.8,45.37511128194261,-0.003603603603603567,0.0,-0.007155635062611854,902.65,0.728,-0.03839525746191497,0.022817171416245834,0.16937498024090292
5560.0,5590.0,5550.0,5560.0,30700.0,171019000.0,5554.0,5778.0,44.76575174010297,0.009041591320072317,-0.003603603603603567,0.0,902.65,0.728,-0.03772931810314988,0.0061879755699848485,0.16937498024090292
5610.0,5760.0,5610.0,5750.0,48100.0,273972000.0,5594.0,5762.0,51.43784559827922,-0.0035842293906810374,0.009041591320072317,-0.003603603603603567,902.65,0.728,-0.0020826102047900035,0.01593559899831157,0.16937498024090292
5720.0,5750.0,5650.0,5660.0,39600.0,225284000.0,5616.0,5744.0,48.45218356733969,0.03417266187050361,-0.0035842293906810374,0.009041591320072317,902.65,0.728,-0.014623955431754874,0.01895601763328717,0.16937498024090292
5610.0,5720.0,5600.0,5650.0,45900.0,258567000.0,5640.0,5722.8,48.11798278587179,-0.01565217391304352,0.03417266187050361,-0.0035842293906810374,902.65,0.728,-0.01272104564199346,0.01878705460681254,0.16937498024090292
5700.0,5710.0,5620.0,5640.0,49500.0,279817000.0,5652.0,5699.2,47.76319216140479,-0.0017667844522968323,-0.01565217391304352,0.03417266187050361,902.65,0.728,-0.010387422796181888,0.018747481006385906,0.16937498024090292
5660.0,5660.0,5580.0,5580.0,57500.0,322832000.0,5656.0,5670.0,45.59108816718158,-0.001769911504424737,-0.0017667844522968323,-0.01565217391304352,902.65,0.728,-0.015873015873015872,0.0195474563519845,0.16937498024090292
5580.0,5660.0,5580.0,5630.0,53600.0,301467000.0,5632.0,5647.6,47.724567035879645,-0.010638297872340385,-0.001769911504424737,-0.0017667844522968323,902.65,0.728,-0.0031163680147319856,0.009455513862862848,0.16937498024090292
5670.0,5700.0,5620.0,5620.0,33500.0,189317000.0,5624.0,5629.2,47.32487776949552,0.008960573476702427,-0.010638297872340385,-0.001769911504424737,902.65,0.728,-0.0016343352519007706,0.006948030363678382,0.16937498024090292
5610.0,5610.0,5490.0,5550.0,79800.0,443088000.0,5604.0,5609.2,44.51449993963664,-0.001776198934280604,0.008960573476702427,-0.010638297872340385,902.65,0.728,-0.010554089709762501,0.00854957188891782,0.16937498024090292
5510.0,5520.0,5430.0,5460.0,77300.0,423379000.0,5568.0,5584.4,41.13238577723497,-0.01245551601423489,-0.001776198934280604,0.008960573476702427,902.65,0.728,-0.02227634123630106,0.010103392249900464,0.16937498024090292
5500.0,5530.0,5440.0,5460.0,60400.0,330584000.0,5544.0,5559.6,41.13238577723497,-0.01621621621621616,-0.01245551601423489,-0.001776198934280604,902.65,0.728,-0.017914957910641117,0.01011448218094719,0.16937498024090292
5490.0,5930.0,5480.0,5880.0,501700.0,2876046000.0,5594.0,5553.2,58.28569520124178,0.0,-0.01621621621621616,-0.01245551601423489,1238.77,0.735,0.05884895195562922,0.03842665858121087,0.17769060331989395
5840.0,6060.0,5700.0,5750.0,223100.0,1303070000.0,5620.0,5553.2,53.1256393579364,0.07692307692307687,0.0,-0.01621621621621616,1238.77,0.735,0.0354390261470864,0.040888201843861355,0.17769060331989395
5740.0,5780.0,5660.0,5700.0,156300.0,892001000.0,5650.0,5552.8,51.24646253118583,-0.022108843537414935,0.07692307692307687,0.0,1238.77,0.735,0.026509148537674655,0.04051453589303175,0.17769060331989395
5680.0,5700.0,5570.0,5650.0,98000.0,552193000.0,5688.0,5552.4,49.36595238126833,-0.008695652173912993,-0.022108843537414935,0.07692307692307687,1238.77,0.735,0.01757798429507967,0.03962186066896966,0.17769060331989395
5660.0,5750.0,5640.0,5730.0,68100.0,388303000.0,5742.0,5560.0,52.37710161180387,-0.00877192982456143,-0.008695652173912993,-0.022108843537414935,1238.77,0.735,0.030575539568345324,0.03946021716496811,0.17769060331989395
5720.0,5750.0,5600.0,5720.0,71200.0,404182000.0,5710.0,5579.2,51.961130737170144,0.014159292035398341,-0.00877192982456143,-0.008695652173912993,1238.77,0.735,0.025236593059936942,0.013203549510793484,0.17769060331989395
5660.0,5730.0,5640.0,5660.0,49200.0,278968000.0,5692.0,5608.8,49.424819827980755,-0.0017452006980802626,0.014159292035398341,-0.00877192982456143,1238.77,0.735,0.009128512337754923,0.010220142481303837,0.17769060331989395
5640.0,5680.0,5620.0,5640.0,43300.0,244884000.0,5680.0,5616.8,48.57370423114926,-0.010489510489510523,-0.0017452006980802626,0.014159292035398341,1238.77,0.735,0.004130465745620249,0.009765260846087384,0.17769060331989395
5620.0,5630.0,5480.0,5510.0,94600.0,523920000.0,5652.0,5624.0,43.34836794675645,-0.0035335689045936647,-0.010489510489510523,-0.0017452006980802626,1238.77,0.735,-0.02027027027027027,0.013562113845636872,0.17769060331989395
5510.0,5540.0,5420.0,5430.0,99200.0,542427000.0,5592.0,5617.6,40.463612559826785,-0.023049645390070927,-0.0035335689045936647,-0.010489510489510523,1238.77,0.735,-0.033395044146966736,0.008641239610355551,0.17769060331989395
5450.0,5480.0,5400.0,5400.0,54700.0,297164000.0,5528.0,5611.6,39.40460473620569,-0.014519056261342977,-0.023049645390070927,-0.0035335689045936647,1238.77,0.735,-0.03770760567396114,0.007788886406865545,0.17769060331989395
5380.0,5410.0,5330.0,5330.0,61800.0,331078000.0,5462.0,5602.8,36.97306464976219,-0.0055248618784530246,-0.014519056261342977,-0.023049645390070927,1238.77,0.735,-0.048689940743913786,0.007793296321068087,0.17769060331989395
5340.0,5450.0,5330.0,5400.0,60300.0,325906000.0,5414.0,5597.6,40.900448303085675,-0.012962962962962954,-0.0055248618784530246,-0.014519056261342977,1238.77,0.735,-0.03530084321852229,0.013644143104736463,0.17769060331989395
5440.0,5510.0,5430.0,5490.0,54900.0,300813000.0,5410.0,5594.0,45.59451222131743,0.013133208255159401,-0.012962962962962954,-0.0055248618784530246,1238.77,0.735,-0.018591347872720772,0.01464212639439221,0.17769060331989395
5550.0,5620.0,5530.0,5550.0,72500.0,403600000.0,5434.0,5593.6,48.52956602468115,0.016666666666666607,0.013133208255159401,-0.012962962962962954,1238.77,0.735,-0.007794622425629355,0.012935717296244757,0.17769060331989395
5610.0,5620.0,5550.0,5560.0,58900.0,329044000.0,5466.0,5586.0,49.02317108973426,0.010928961748633892,0.016666666666666607,0.013133208255159401,1238.77,0.735,-0.004654493376297888,0.01189681210725959,0.17769060331989395
5580.0,5620.0,5560.0,5570.0,30600.0,170835000.0,5514.0,5582.4,49.54426618760965,0.0018018018018017834,0.010928961748633892,0.016666666666666607,1238.77,0.735,-0.0022212668386356474,0.006766957696265962,0.17769060331989395
5570.0,5630.0,5520.0,5620.0,38500.0,215291000.0,5558.0,5581.2,52.17659049767138,0.0017985611510791255,0.0018018018018017834,0.010928961748633892,1238.77,0.735,0.006951909983516123,0.00635439487833474,0.17769060331989395
5570.0,5580.0,5470.0,5520.0,63300.0,349043000.0,5564.0,5576.4,46.9058617530672,0.008976660682226134,0.0017985611510791255,0.0018018018018017834,1238.77,0.735,-0.010114052076608501,0.01136430453016667,0.17769060331989395
5510.0,5520.0,5470.0,5470.0,52000.0,285460000.0,5548.0,5572.0,44.486092691677214,-0.017793594306049876,0.008976660682226134,0.0017985611510791255,1238.77,0.735,-0.01830581478822685,0.010547133237434758,0.17769060331989395
5490.0,5570.0,5480.0,5520.0,41200.0,227958000.0,5540.0,5567.6,47.407902710461556,-0.009057971014492794,-0.017793594306049876,0.008976660682226134,1238.77,0.735,-0.008549464760399519,0.011794143577559174,0.17769060331989395
5490.0,5490.0,5420.0,5430.0,56700.0,308956000.0,5512.0,5560.0,43.01889249267786,0.009140767824497242,-0.009057971014492794,-0.017793594306049876,1238.77,0.735,-0.023381294964028777,0.013259331865466769,0.17769060331989395
5450.0,5500.0,5440.0,5440.0,41600.0,227129000.0,5476.0,5555.6,43.64320823353375,-0.016304347826086918,0.009140767824497242,-0.009057971014492794,1238.77,0.735,-0.020807833537331767,0.011666283254974047,0.17769060331989395
5460.0,5480.0,5440.0,5470.0,34400.0,187870000.0,5466.0,5556.0,45.56992668382834,0.0018416206261511192,-0.016304347826086918,0.009140767824497242,1238.77,0.735,-0.015478761699064075,0.01060091198600797,0.17769060331989395
5470.0,5540.0,5460.0,5470.0,40800.0,224208000.0,5466.0,5556.4,45.56992668382834,0.005514705882353033,0.0018416206261511192,-0.016304347826086918,1238.77,0.735,-0.015549636455258736,0.00978751132453657,0.17769060331989395
5500.0,5550.0,5480.0,5530.0,35600.0,196647000.0,5468.0,5542.4,49.56908165126507,0.0,0.005514705882353033,0.0018416206261511192,1238.77,0.735,-0.0022372979214779947,0.010236402377791961,0.17769060331989395
5530.0,5540.0,5480.0,5510.0,32200.0,177195000.0,5484.0,5532.8,48.295292506491215,0.010968921389396646,0.0,0.005514705882353033,1238.77,0.735,-0.004120879120879154,0.005566241865841223,0.17769060331989395
5510.0,5510.0,5430.0,5440.0,47700.0,259904000.0,5484.0,5522.4,44.03054378767552,-0.003616636528028905,0.010968921389396646,0.0,1238.77,0.735,-0.01492104881935384,0.009016651515120672,0.17769060331989395
5440.0,5500.0,5440.0,5440.0,38900.0,212523000.0,5478.0,5514.0,44.03054378767552,-0.012704174228675091,-0.003616636528028905,0.010968921389396646,1238.77,0.735,-0.01342038447587958,0.00850095281564348,0.17769060331989395
5460.0,5490.0,5430.0,5460.0,27300.0,149016000.0,5476.0,5503.2,45.62170988371687,0.0,-0.012704174228675091,-0.003616636528028905,1238.77,0.735,-0.007849978194504982,0.008771379159292346,0.17769060331989395
5460.0,5490.0,5450.0,5480.0,30700.0,167880000.0,5466.0,5493.6,47.23710125832896,0.003676470588235281,0.0,-0.012704174228675091,1238.77,0.735,-0.0024756079801952022,0.006805829364318148,0.17769060331989395
5490.0,5510.0,5430.0,5470.0,42300.0,231469000.0,5458.0,5486.0,46.49340052191632,0.00366300366300365,0.003676470588235281,0.0,1238.77,0.735,-0.002916514764855997,0.006732796619247881,0.17769060331989395
5470.0,5470.0,5350.0,5360.0,72300.0,390444000.0,5442.0,5474.8,39.1851439236035,-0.0018248175182481452,0.00366300366300365,0.003676470588235281,1238.77,0.735,-0.020968802513333853,0.009900260052795597,0.17769060331989395
5320.0,5350.0,5280.0,5290.0,52800.0,280077000.0,5412.0,5466.0,35.37446471184856,-0.020109689213894,-0.0018248175182481452,0.00366300366300365,1238.77,0.735,-0.03219904866447128,0.010633232480312291,0.17769060331989395
5340.0,5350.0,5290.0,5320.0,36100.0,191955000.0,5384.0,5461.6,38.15050032596709,-0.013059701492537323,-0.020109689213894,-0.0018248175182481452,1238.77,0.735,-0.025926468434158554,0.011092516104479113,0.17769060331989395
5320.0,5350.0,5290.0,5330.0,50900.0,270739000.0,5354.0,5458.8,39.08973644941226,0.005671077504725952,-0.013059701492537323,-0.020109689213894,1238.77,0.735,-0.023594929288488345,0.010762798955971445,0.17769060331989395
5330.0,5340.0,5290.0,5340.0,35600.0,189354000.0,5328.0,5459.2,40.069832793815806,0.001879699248120259,0.005671077504725952,-0.013059701492537323,1238.77,0.735,-0.021834701055099617,0.011196306445936602,0.17769060331989395
5370.0,5410.0,5370.0,5400.0,65300.0,352119000.0,5336.0,5459.2,45.714025848899205,0.0018761726078799779,0.001879699248120259,0.005671077504725952,1238.77,0.735,-0.01084407971864006,0.009006319491604195,0.17769060331989395
5420.0,5500.0,5420.0,5430.0,71700.0,391297000.0,5364.0,5456.8,48.334108468305146,0.011235955056179803,0.0018761726078799779,0.001879699248120259,1238.77,0.735,-0.004911303327957811,0.00383548458061018,0.17769060331989395
5440.0,5470.0,5390.0,5400.0,43900.0,238092000.0,5380.0,5450.8,45.945970238514874,0.005555555555555536,0.011235955056179803,0.0018761726078799779,1238.77,0.735,-0.009319732883246529,0.006114594227710414,0.17769060331989395
5400.0,5400.0,5360.0,5380.0,58500.0,314739000.0,5390.0,5443.6,44.3719591854888,-0.0055248618784530246,0.005555555555555536,0.011235955056179803,1238.77,0.735,-0.011683444779190307,0.006838366741334682,0.17769060331989395
5400.0,5460.0,5390.0,5440.0,79000.0,428590000.0,5410.0,5438.4,49.91529752966326,-0.0037037037037036535,-0.0055248618784530246,0.005555555555555536,1238.77,0.735,0.00029420417769939025,0.007994933453259339,0.17769060331989395
5460.0,5460.0,5400.0,5430.0,39400.0,213908000.0,5416.0,5430.8,49.03820458689808,0.011152416356877248,-0.0037037037037036535,-0.0055248618784530246,1238.77,0.735,-0.00014730794726378836,0.0070088632261858,0.17769060331989395
5430.0,5460.0,5380.0,5380.0,39700.0,214661000.0,5406.0,5425.2,44.799440640865235,-0.0018382352941176405,0.011152416356877248,-0.0037037037037036535,1238.77,0.735,-0.008331490083314868,0.007748261523975522,0.17769060331989395
5380.0,5450.0,5380.0,5430.0,37400.0,202905000.0,5412.0,5423.6,49.50030885168052,-0.009208103130755041,-0.0018382352941176405,0.011152416356877248,1238.77,0.735,0.0011800280256655425,0.008748508015990827,0.17769060331989395
5460.0,5600.0,5460.0,5530.0,69600.0,385725000.0,5442.0,5424.0,57.32736938727983,0.009293680297397744,-0.009208103130755041,-0.0018382352941176405,1238.77,0.735,0.019542772861356934,0.010992363636692124,0.17769060331989395
5530.0,5580.0,5530.0,5540.0,31000.0,171945000.0,5462.0,5428.4,58.0279447970115,0.018416206261510082,0.009293680297397744,-0.009208103130755041,1238.77,0.735,0.020558543954019667,0.010591570517378086,0.17769060331989395
5550.0,5680.0,5550.0,5640.0,64600.0,364322000.0,5504.0,5436.4,64.3338370511875,0.001808318264014508,0.018416206261510082,0.009293680297397744,1238.77,0.735,0.037451254506658885,0.011673716035440304,0.17769060331989395
5680.0,5710.0,5640.0,5670.0,42200.0,239280000.0,5562.0,5444.4,65.98490133813878,0.018050541516245522,0.001808318264014508,0.018416206261510082,1238.77,0.735,0.041437072955697665,0.007474768601510849,0.17769060331989395
5670.0,5700.0,5640.0,5650.0,35300.0,200075000.0,5606.0,5451.6,63.86240812900474,0.005319148936170137,0.018050541516245522,0.001808318264014508,1238.77,0.735,0.03639298554552785,0.009847756386115597,0.17769060331989395
5670.0,5670.0,5620.0,5630.0,26200.0,147753000.0,5626.0,5455.6,61.724238474547,-0.003527336860670194,0.005319148936170137,0.018050541516245522,1238.77,0.735,0.0319671530170833,0.008898838301294261,0.17769060331989395
5610.0,5610.0,5530.0,5530.0,32700.0,181752000.0,5624.0,5456.4,52.29619365239186,-0.0035398230088495852,-0.003527336860670194,0.005319148936170137,1238.77,0.735,0.01348874715929924,0.013173364302040275,0.17769060331989395
5540.0,5550.0,5500.0,5510.0,32700.0,180710000.0,5598.0,5459.2,50.63050867927853,-0.017761989342806372,-0.0035398230088495852,-0.003527336860670194,1238.77,0.735,0.00930539273153579,0.00828953944563697,0.17769060331989395
5520.0,5580.0,5510.0,5550.0,35200.0,195550000.0,5574.0,5463.6,53.79993085473179,-0.003616636528028905,-0.017761989342806372,-0.0035398230088495852,1238.77,0.735,0.015813749176367162,0.008894802187678182,0.17769060331989395
5580.0,5690.0,5560.0,5690.0,79000.0,447008000.0,5582.0,5472.8,62.80118915216529,0.007259528130671544,-0.003616636528028905,-0.017761989342806372,1238.77,0.735,0.03968718023680745,0.015958239374863847,0.17769060331989395
5690.0,5740.0,5650.0,5720.0,66600.0,379143000.0,5600.0,5482.4,64.40173222706767,0.02522522522522519,0.007259528130671544,-0.003616636528028905,1238.77,0.735,0.04333868378812206,0.015745857087324507,0.17769060331989395
5750.0,5750.0,5650.0,5680.0,58500.0,334087000.0,5630.0,5490.8,60.65438502440769,0.005272407732864748,0.02522522522522519,0.007259528130671544,1238.77,0.735,0.0344576382312231,0.012563794054813253,0.17769060331989395
5700.0,5700.0,5610.0,5610.0,41100.0,232099000.0,5650.0,5500.8,54.66032202996955,-0.006993006993006978,0.005272407732864748,0.02522522522522519,1238.77,0.735,0.019851657940663143,0.014573816261228419,0.17769060331989395
5600.0,5640.0,5570.0,5610.0,35900.0,201408000.0,5662.0,5513.6,54.66032202996955,-0.01232394366197187,-0.006993006993006978,0.005272407732864748,1238.77,0.735,0.017484039466047523,0.014490431962160313,0.17769060331989395
5610.0,5700.0,5590.0,5660.0,50300.0,284411000.0,5656.0,5527.2,58.09120280728637,0.0,-0.01232394366197187,-0.006993006993006978,1238.77,0.735,0.024026631929367527,0.008699830475653017,0.17769060331989395
5630.0,5810.0,5470.0,5510.0,230500.0,1289373000.0,5614.0,5534.4,46.679312582081685,0.00891265597147961,0.0,-0.01232394366197187,269.53,0.766,-0.004408788667244803,0.013324313666526165,0.18640020763041787
5510.0,5570.0,5470.0,5540.0,74100.0,409687000.0,5586.0,5542.4,48.843824417649735,-0.026501766784452263,0.00891265597147961,0.0,269.53,0.766,-0.00043302540415697825,0.01452207144297308,0.18640020763041787
5500.0,5580.0,5470.0,5580.0,56600.0,312586000.0,5580.0,5549.6,51.661437629701474,0.005444646098003547,-0.026501766784452263,0.00891265597147961,269.53,0.766,0.005477872279083112,0.014651835501516098,0.18640020763041787
5580.0,5660.0,5570.0,5620.0,74400.0,417816000.0,5582.0,5557.2,54.368114450001265,0.0072202166064982976,0.005444646098003547,-0.026501766784452263,269.53,0.766,0.011300655006118222,0.015115673017864017,0.18640020763041787
5650.0,5720.0,5640.0,5660.0,43100.0,244588000.0,5582.0,5567.6,56.963288195834835,0.007168458781362075,0.0072202166064982976,0.005444646098003547,269.53,0.766,0.016596019829010638,0.014883915343988254,0.18640020763041787
5690.0,5730.0,5660.0,5690.0,38500.0,219318000.0,5618.0,5580.0,58.853360185772324,0.007117437722419906,0.007168458781362075,0.0072202166064982976,269.53,0.766,0.01971326164874552,0.0009858135446754886,0.18640020763041787
5710.0,5800.0,5700.0,5800.0,62000.0,357762000.0,5670.0,5594.4,64.93438574706602,0.005300353356890497,0.007117437722419906,0.007168458781362075,269.53,0.766,0.03675103675103682,0.005706309413518819,0.18640020763041787
5780.0,5880.0,5750.0,5860.0,89000.0,517892000.0,5726.0,5611.6,67.73538023392015,0.019332161687170446,0.005300353356890497,0.007117437722419906,269.53,0.766,0.04426545013899772,0.00560163043300889,0.18640020763041787
5890.0,5910.0,5800.0,5850.0,59400.0,347965000.0,5772.0,5630.4,66.77797134024384,0.010344827586206806,0.019332161687170446,0.005300353356890497,269.53,0.766,0.0390025575447571,0.007683892283068276,0.18640020763041787
5850.0,5870.0,5770.0,5800.0,64400.0,374166000.0,5800.0,5645.2,62.055019788916795,-0.0017064846416382506,0.010344827586206806,0.019332161687170446,269.53,0.766,0.027421526252391446,0.010753503820703524,0.18640020763041787
5750.0,5790.0,5720.0,5770.0,52700.0,303179000.0,5816.0,5654.8,59.34304271902701,-0.008547008547008517,-0.0017064846416382506,0.010344827586206806,269.53,0.766,0.020372073282874693,0.011649534039743496,0.18640020763041787
5800.0,5820.0,5770.0,5780.0,47500.0,275103000.0,5812.0,5664.4,59.971024434767685,-0.005172413793103403,-0.008547008547008517,-0.0017064846416382506,269.53,0.766,0.020408163265306187,0.007254216367057283,0.18640020763041787
5820.0,5910.0,5800.0,5870.0,87400.0,511845000.0,5814.0,5673.6,65.18329536160749,0.0017331022530329143,-0.005172413793103403,-0.008547008547008517,269.53,0.766,0.034616469261139246,0.009320266523864005,0.18640020763041787
5880.0,5920.0,5860.0,5900.0,56400.0,332461000.0,5824.0,5682.8,66.73805608749961,0.015570934256055269,0.0017331022530329143,-0.005172413793103403,269.53,0.766,0.038220595481100836,0.009437433877674059,0.18640020763041787
5920.0,5930.0,5890.0,5900.0,29000.0,171440000.0,5844.0,5692.8,66.73805608749961,0.005110732538330387,0.015570934256055269,0.0017331022530329143,269.53,0.766,0.03639685216413712,0.007727731323100192,0.18640020763041787
5930.0,5980.0,5900.0,5970.0,83800.0,498440000.0,5884.0,5706.4,70.32417621886798,0.0,0.005110732538330387,0.015570934256055269,269.53,0.766,0.04619374737137256,0.006658246639707588,0.18640020763041787
6050.0,6080.0,6000.0,6010.0,73100.0,441654000.0,5930.0,5725.6,72.17058524697194,0.011864406779660941,0.0,0.005110732538330387,269.53,0.766,0.04967165013273711,0.006045173400077216,0.18640020763041787
6010.0,6040.0,5940.0,5940.0,52200.0,311695000.0,5944.0,5742.8,64.59608380152133,0.00670016750418756,0.011864406779660941,0.0,269.53,0.766,0.03433865013582221,0.00892328009868489,0.18640020763041787
5980.0,5980.0,5920.0,5940.0,36100.0,214791000.0,5952.0,5758.4,64.59608380152133,-0.011647254575707144,0.00670016750418756,0.011864406779660941,269.53,0.766,0.03153653792720207,0.008828151980735222,0.18640020763041787
5940.0,6000.0,5930.0,5990.0,28300.0,169152000.0,5970.0,5770.4,67.42799511213488,0.0,-0.011647254575707144,0.00670016750418756,269.53,0.766,0.03805628725911555,0.009288944897012614,0.18640020763041787
6000.0,6010.0,5970.0,6000.0,22800.0,136608000.0,5976.0,5781.6,67.97965203184879,0.008417508417508435,0.0,-0.011647254575707144,269.53,0.766,0.03777501037775004,0.007888419333557276,0.18640020763041787
6000.0,6060.0,5970.0,6040.0,36100.0,217077000.0,5982.0,5796.0,70.15692473488238,0.0016694490818029983,0.008417508417508435,0.0,269.53,0.766,0.04209799861973775,0.00788240904978996,0.18640020763041787
6040.0,6130.0,6020.0,6120.0,51200.0,312224000.0,6018.0,5816.4,73.96923616881037,0.006666666666666599,0.0016694490818029983,0.008417508417508435,269.53,0.766,0.05219723540334234,0.0053275924930991665,0.18640020763041787
6120.0,6160.0,6070.0,6080.0,60500.0,369969000.0,6046.0,5835.2,69.20865582036616,0.013245033112582849,0.006666666666666599,0.0016694490818029983,269.53,0.766,0.04195228955305734,0.007518904828095823,0.18640020763041787
6090.0,6160.0,6090.0,6140.0,30900.0,189282000.0,6076.0,5854.4,72.10839063002821,-0.006535947712418277,0.013245033112582849,0.006666666666666599,269.53,0.766,0.0487838207160427,0.007723811221938942,0.18640020763041787
6140.0,6200.0,6110.0,6180.0,48600.0,299354000.0,6112.0,5881.2,73.87476694037177,0.009868421052631637,-0.006535947712418277,0.013245033112582849,269.53,0.766,0.05080595796776172,0.007505045904006316,0.18640020763041787
6220.0,6220.0,6160.0,6190.0,50500.0,312673000.0,6142.0,5907.2,74.31274469388002,0.006514657980456029,0.009868421052631637,-0.006535947712418277,269.53,0.766,0.047873781148429065,0.007721312688172967,0.18640020763041787
6200.0,6250.0,6110.0,6130.0,55900.0,345356000.0,6144.0,5929.2,67.04961045405926,0.0016181229773462036,0.006514657980456029,0.009868421052631637,269.53,0.766,0.033866288875396375,0.008344018521997891,0.18640020763041787
6100.0,6100.0,6040.0,6060.0,50500.0,306547000.0,6140.0,5946.8,59.716524645477165,-0.009693053311793265,0.0016181229773462036,0.006514657980456029,269.53,0.766,0.019035447635703206,0.009550701265401232,0.18640020763041787
6100.0,6100.0,6040.0,6070.0,41100.0,249449000.0,6126.0,5963.2,60.38311266166306,-0.011419249592169667,-0.009693053311793265,0.0016181229773462036,269.53,0.766,0.017909847061980178,0.007849614850733608,0.18640020763041787
6070.0,6120.0,6070.0,6090.0,34200.0,208227000.0,6108.0,5979.2,61.746491422152275,0.0016501650165017256,-0.011419249592169667,-0.009693053311793265,269.53,0.766,0.01853090714476856,0.007039475113116852,0.18640020763041787
6090.0,6140.0,6090.0,6110.0,21100.0,128979000.0,6092.0,5991.6,63.113551799438405,0.0032948929159801743,0.0016501650165017256,-0.011419249592169667,269.53,0.766,0.019760998731557452,0.007340364608231317,0.18640020763041787
6090.0,6090.0,6000.0,6000.0,52800.0,318265000.0,6066.0,5997.2,52.08797605644468,0.003284072249589487,0.0032948929159801743,0.0016501650165017256,269.53,0.766,0.0004668845461215537,0.009862170487741538,0.18640020763041787
6010.0,6010.0,5960.0,5970.0,42400.0,253666000.0,6048.0,6002.0,49.54583825174788,-0.018003273322422242,0.003284072249589487,0.0032948929159801743,269.53,0.766,-0.005331556147950683,0.009080573820875931,0.18640020763041787
5980.0,6020.0,5930.0,5950.0,56800.0,338737000.0,6024.0,6008.0,47.86855896241261,-0.0050000000000000044,-0.018003273322422242,0.003284072249589487,269.53,0.766,-0.009653794940079893,0.008714600482271982,0.18640020763041787
5980.0,5990.0,5930.0,5970.0,43100.0,256962000.0,6000.0,6016.0,49.70227152120146,-0.00335008375209378,-0.0050000000000000044,-0.018003273322422242,269.53,0.766,-0.007646276595744681,0.0087284605893341,0.18640020763041787
5960.0,5980.0,5930.0,5960.0,39800.0,236761000.0,5970.0,6023.2,48.778395432296236,0.003361344537815114,-0.00335008375209378,-0.0050000000000000044,269.53,0.766,-0.010492761322884816,0.00794909742008485,0.18640020763041787
5990.0,5990.0,5960.0,5980.0,54300.0,324490000.0,5966.0,6027.6,50.750168444483855,-0.0016750418760469454,0.003361344537815114,-0.00335008375209378,269.53,0.766,-0.00789700710067031,0.003853554971420246,0.18640020763041787
5990.0,6040.0,5980.0,6040.0,60800.0,366272000.0,5980.0,6033.2,56.19777628310712,0.003355704697986628,-0.0016750418760469454,0.003361344537815114,269.53,0.766,0.0011270967314195091,0.005238353259779353,0.18640020763041787
5950.0,5960.0,5870.0,5870.0,57200.0,337410000.0,5964.0,6032.0,42.01679307171143,0.010033444816053505,0.003355704697986628,-0.0016750418760469454,269.53,0.766,-0.026856763925729443,0.014866481488745567,0.18640020763041787
5900.0,5900.0,5740.0,5790.0,82000.0,475142000.0,5928.0,6024.8,37.252792605029356,-0.028145695364238388,0.010033444816053505,0.003355704697986628,269.53,0.766,-0.03897224804142879,0.015099112297353352,0.18640020763041787
5760.0,5770.0,5660.0,5670.0,84300.0,480199000.0,5870.0,6011.2,31.485910280822054,-0.013628620102214661,-0.028145695364238388,0.010033444816053505,269.53,0.766,-0.05676071333510777,0.01610141795990635,0.18640020763041787
5710.0,5740.0,5650.0,5690.0,34300.0,195369000.0,5812.0,6001.2,33.3381328082597,-0.020725388601036232,-0.013628620102214661,-0.028145695364238388,269.53,0.766,-0.05185629540758512,0.016136679346619928,0.18640020763041787
5670.0,5750.0,5670.0,5740.0,19400.0,110990000.0,5752.0,5993.2,37.8608872601298,0.003527336860670305,-0.020725388601036232,-0.013628620102214661,269.53,0.766,-0.04224788093172259,0.015759231253256907,0.18640020763041787
5840.0,5870.0,5810.0,5820.0,51800.0,302127000.0,5742.0,5986.4,44.36486904660387,0.008787346221441172,0.003527336860670305,-0.020725388601036232,269.53,0.766,-0.027796338366965063,0.014883378245829993,0.18640020763041787
5800.0,5890.0,5800.0,5840.0,42600.0,249399000.0,5752.0,5980.0,45.889690448782126,0.013937282229965264,0.008787346221441172,0.003527336860670305,269.53,0.766,-0.023411371237458192,0.013315320762976033,0.18640020763041787
5830.0,5880.0,5810.0,5830.0,29500.0,172618000.0,5784.0,5971.6,45.222304222369324,0.0034364261168384758,0.013937282229965264,0.008787346221441172,269.53,0.766,-0.023712237926183998,0.005960630687136418,0.18640020763041787
5830.0,5870.0,5810.0,5850.0,26200.0,153057000.0,5816.0,5960.8,46.88604414731359,-0.001712328767123239,0.0034364261168384758,0.013937282229965264,269.53,0.766,-0.018588108978660613,0.005969177742353357,0.18640020763041787
5800.0,5800.0,5690.0,5700.0,59200.0,339259000.0,5808.0,5945.6,37.6498871858332,0.0034305317324185847,-0.001712328767123239,0.0034364261168384758,269.53,0.766,-0.0413078579117331,0.014744842271224088,0.18640020763041787
5650.0,5740.0,5620.0,5720.0,60600.0,344495000.0,5788.0,5928.8,39.365007000788054,-0.02564102564102566,0.0034305317324185847,-0.001712328767123239,269.53,0.766,-0.0352179193091351,0.012635618020109799,0.18640020763041787
5760.0,5870.0,5760.0,5870.0,31300.0,182370000.0,5794.0,5916.4,50.38780003371855,0.0035087719298245723,-0.02564102564102566,0.0034305317324185847,269.53,0.766,-0.00784260699073755,0.01847572834533294,0.18640020763041787
5850.0,5910.0,5810.0,5820.0,43000.0,251380000.0,5792.0,5901.6,47.30104286218461,0.02622377622377625,0.0035087719298245723,-0.02564102564102566,269.53,0.766,-0.013826758845059028,0.018984103452179747,0.18640020763041787
5810.0,5840.0,5770.0,5800.0,29800.0,172766000.0,5782.0,5888.4,46.08491146519322,-0.008517887563884163,0.02622377622377625,0.0035087719298245723,269.53,0.766,-0.01501256708104063,0.018904092492305954,0.18640020763041787
5790.0,5800.0,5750.0,5750.0,42700.0,246234000.0,5792.0,5876.0,43.101411932311315,-0.0034364261168384758,-0.008517887563884163,0.02622377622377625,269.53,0.766,-0.021443158611300205,0.014507804086170448,0.18640020763041787
5760.0,5770.0,5660.0,5670.0,54900.0,312932000.0,5782.0,5860.0,38.775933556043334,-0.008620689655172376,-0.0034364261168384758,-0.008517887563884163,269.53,0.766,-0.032423208191126277,0.0160177971934558,0.18640020763041787
5670.0,5710.0,5660.0,5700.0,51400.0,292487000.0,5748.0,5844.4,41.16059574731321,-0.013913043478260834,-0.008620689655172376,-0.0034364261168384758,269.53,0.766,-0.024707412223667038,0.007241439639580714,0.18640020763041787
5680.0,5730.0,5640.0,5710.0,39300.0,223741000.0,5726.0,5828.4,41.97194186154254,0.005291005291005346,-0.013913043478260834,-0.008620689655172376,269.53,0.766,-0.020314322970283377,0.007732097577477955,0.18640020763041787
5750.0,5750.0,5680.0,5680.0,26200.0,149567000.0,5702.0,5815.6,40.18185614884444,0.0017543859649122862,0.005291005291005346,-0.013913043478260834,269.53,0.766,-0.02331659673980335,0.007754307046654474,0.18640020763041787
5700.0,5750.0,5690.0,5750.0,67500.0,385544000.0,5702.0,5806.8,45.97206948181114,-0.005253940455341555,0.0017543859649122862,0.005291005291005346,269.53,0.766,-0.009781635324102807,0.010051376453487134,0.18640020763041787
5720.0,5720.0,5600.0,5600.0,85000.0,480507000.0,5688.0,5792.8,37.57798993641665,0.012323943661971759,-0.005253940455341555,0.0017543859649122862,269.53,0.766,-0.03328269576025414,0.014683508825675373,0.18640020763041787
5620.0,5620.0,5580.0,5580.0,54300.0,303934000.0,5664.0,5777.2,36.61793454676856,-0.02608695652173909,0.012323943661971759,-0.005253940455341555,269.53,0.766,-0.0341341826490341,0.014044880501459156,0.18640020763041787
5580.0,5650.0,5580.0,5650.0,88100.0,496523000.0,5652.0,5764.8,42.18534698625464,-0.0035714285714285587,-0.02608695652173909,0.012323943661971759,269.53,0.766,-0.019913960588398588,0.015889975325487183,0.18640020763041787
5650.0,5740.0,5560.0,5640.0,156100.0,881076000.0,5644.0,5751.2,41.62286882966735,0.012544802867383575,-0.0035714285714285587,-0.02608695652173909,523.7,0.764,-0.019335095284462343,0.015788153124153267,0.18175879807299747
5660.0,5670.0,5530.0,5530.0,96800.0,541003000.0,5600.0,5730.8,35.94528747763421,-0.001769911504424737,0.012544802867383575,-0.0035714285714285587,523.7,0.764,-0.03503873804704408,0.01532534186727796,0.18175879807299747
5510.0,5540.0,5380.0,5410.0,148600.0,808709000.0,5562.0,5712.4,30.98057528077392,-0.019503546099290725,-0.001769911504424737,0.012544802867383575,523.7,0.764,-0.052937469364890355,0.014083071011500055,0.18175879807299747
5420.0,5430.0,5360.0,5360.0,108400.0,585550000.0,5518.0,5695.2,29.172567828336057,-0.02169981916817365,-0.019503546099290725,-0.001769911504424737,523.7,0.764,-0.058856580980474756,0.013986071368414161,0.18175879807299747
5350.0,5440.0,5350.0,5440.0,54000.0,291682000.0,5476.0,5686.0,35.64405475064595,-0.009242144177449174,-0.02169981916817365,-0.019503546099290725,523.7,0.764,-0.043264157580021105,0.014870083289096198,0.18175879807299747
5450.0,5500.0,5440.0,5470.0,36300.0,198769000.0,5442.0,5677.2,37.93423998328088,0.014925373134328401,-0.009242144177449174,-0.02169981916817365,523.7,0.764,-0.03649686465158878,0.01588868516040932,0.18175879807299747
1529.0,1529.0,1513.0,1513.0,1500.0,2278400.0,1521.0,1528.28,54.65196890798835,-0.0019646365422396617,0.0039447731755424265,0.0006578947368420796,107.02,0.579,-0.009998167874996711,0.004601386628809895,0.0217138586730881
1520.0,1526.0,1510.0,1515.0,4900.0,7432600.0,1520.0,1528.16,55.78031030905712,-0.007217847769028896,-0.0019646365422396617,0.0039447731755424265,107.02,0.579,-0.008611663700136165,0.00423012143109539,0.0217138586730881
1515.0,1525.0,1515.0,1525.0,3700.0,5620500.0,1520.8,1528.08,61.00484297616778,0.0013218770654328527,-0.007217847769028896,-0.0019646365422396617,107.02,0.579,-0.002015601277419983,0.005371051403684823,0.0217138586730881
1537.0,1537.0,1520.0,1520.0,3000.0,4596600.0,1519.4,1527.52,57.35591999740687,0.0066006600660066805,0.0013218770654328527,-0.007217847769028896,107.02,0.579,-0.004923012464648569,0.0051938220770658084,0.0217138586730881
1521.0,1534.0,1521.0,1532.0,1200.0,1830700.0,1521.0,1527.44,63.065777489341336,-0.003278688524590123,0.0066006600660066805,0.0013218770654328527,107.02,0.579,0.002985387314722637,0.006419268203144803,0.0217138586730881
1532.0,1534.0,1526.0,1528.0,2900.0,4433300.0,1524.0,1527.64,60.17353009430274,0.007894736842105177,-0.003278688524590123,0.0066006600660066805,107.02,0.579,0.0002356576156685475,0.0051356197027969406,0.0217138586730881
1480.0,1495.0,1480.0,1494.0,4600.0,6841100.0,1519.8,1526.48,42.38161216986691,-0.0026109660574412663,0.007894736842105177,-0.003278688524590123,107.02,0.579,-0.02127771081180233,0.012055527525438932,0.0217138586730881
1498.0,1505.0,1493.0,1505.0,1400.0,2100400.0,1515.8,1525.44,47.7629962106833,-0.022251308900523514,-0.0026109660574412663,0.007894736842105177,107.02,0.579,-0.013399412628487553,0.012206847858180119,0.0217138586730881
1505.0,1512.0,1502.0,1505.0,1300.0,1956500.0,1512.8,1524.12,47.7629962106833,0.007362784471218298,-0.022251308900523514,-0.0026109660574412663,107.02,0.579,-0.012544943967666517,0.012247704866631985,0.0217138586730881
1505.0,1514.0,1505.0,1510.0,500.0,755500.0,1508.4,1523.32,50.214230342770364,0.0,0.007362784471218298,-0.022251308900523514,107.02,0.579,-0.008744059028963013,0.011478099959532454,0.0217138586730881
1505.0,1512.0,1501.0,1512.0,500.0,753300.0,1505.2,1522.4,51.20065785972669,0.0033222591362125353,0.0,0.007362784471218298,107.02,0.579,-0.0068313189700473535,0.011631254447041627,0.0217138586730881
1504.0,1514.0,1504.0,1514.0,300.0,453100.0,1509.2,1521.52,52.220162725578795,0.0013245033112583293,0.0033222591362125353,0.0,107.02,0.579,-0.004942425995057562,0.002881056479027778,0.0217138586730881
1501.0,1508.0,1499.0,1499.0,1200.0,1800800.0,1508.0,1520.28,44.68068733952659,0.001322751322751392,0.0013245033112583293,0.0033222591362125353,107.02,0.579,-0.013997421527613317,0.005234475549835198,0.0217138586730881
1499.0,1500.0,1490.0,1491.0,1000.0,1494300.0,1505.2,1518.52,41.25925686220002,-0.009907529722589126,0.001322751322751392,0.0013245033112583293,107.02,0.579,-0.018122909148381307,0.00556727398784235,0.0217138586730881
1491.0,1508.0,1491.0,1500.0,3800.0,5695300.0,1503.2,1517.12,46.24619826465831,-0.005336891260840582,-0.009907529722589126,0.001322751322751392,107.02,0.579,-0.011284539126766434,0.006284350453320222,0.0217138586730881
1500.0,1530.0,1500.0,1530.0,5300.0,8042500.0,1506.8,1517.32,58.80177712243689,0.006036217303822866,-0.005336891260840582,-0.009907529722589126,107.02,0.579,0.008356839691034235,0.011570163039205963,0.0217138586730881
1514.0,1522.0,1511.0,1514.0,600.0,909700.0,1506.8,1516.56,51.84627446553426,0.020000000000000018,0.006036217303822866,-0.005336891260840582,107.02,0.579,-0.0016880308065621839,0.012965480826511515,0.0217138586730881
1512.0,1512.0,1496.0,1499.0,900.0,1357800.0,1506.8,1515.52,46.31510821702067,-0.010457516339869244,0.020000000000000018,0.006036217303822866,107.02,0.579,-0.010900548986486475,0.012965480826511515,0.0217138586730881
1500.0,1503.0,1490.0,1503.0,1500.0,2241900.0,1509.2,1514.44,47.91098272377363,-0.009907529722589126,-0.010457516339869244,0.020000000000000018,107.02,0.579,-0.007553947333667926,0.012621068424567585,0.0217138586730881
1491.0,1502.0,1490.0,1502.0,1300.0,1941500.0,1509.6,1513.28,47.530579267338325,0.0026684456304202353,-0.009907529722589126,-0.010457516339869244,107.02,0.579,-0.007454007189680676,0.012395013279711698,0.0217138586730881
1491.0,1501.0,1491.0,1501.0,200.0,299200.0,1503.8,1512.16,47.127612255045,-0.0006653359946773296,0.0026684456304202353,-0.009907529722589126,107.02,0.579,-0.007380171410432812,0.005981524436091809,0.0217138586730881
1529.0,1529.0,1489.0,1491.0,4100.0,6187800.0,1499.2,1511.0,43.184751030112544,-0.0006657789613848664,-0.0006653359946773296,0.0026684456304202353,107.02,0.579,-0.013236267372600927,0.0051025869834873784,0.0217138586730881
1491.0,1520.0,1491.0,1520.0,3400.0,5128100.0,1503.4,1510.96,54.95456334634018,-0.006662225183211246,-0.0006657789613848664,-0.0006653359946773296,107.02,0.579,0.005982951236300076,0.009884225742076556,0.0217138586730881
1519.0,1519.0,1510.0,1510.0,1800.0,2732400.0,1504.8,1510.28,51.02894647871196,0.019450033534540667,-0.006662225183211246,-0.0006657789613848664,107.02,0.579,-0.0001853960854940625,0.0107482446207948,0.0217138586730881
1507.0,1521.0,1492.0,1500.0,800.0,1206700.0,1504.4,1509.32,47.38377089360378,-0.006578947368421018,0.019450033534540667,-0.006662225183211246,107.02,0.579,-0.006174966209948809,0.011292027594101856,0.0217138586730881
1500.0,1509.0,1498.0,1508.0,600.0,901500.0,1505.8,1509.12,50.434184814145816,-0.0066225165562914245,-0.006578947368421018,0.019450033534540667,107.02,0.579,-0.0007421543681084943,0.011548085571789305,0.0217138586730881
1518.0,1518.0,1498.0,1498.0,900.0,1360100.0,1507.2,1508.44,46.78309356500298,0.005333333333333412,-0.0066225165562914245,-0.006578947368421018,107.02,0.579,-0.0069210575163745685,0.011542973671249608,0.0217138586730881
1498.0,1502.0,1493.0,1502.0,1300.0,1949000.0,1503.6,1507.52,48.39246206513328,-0.006631299734747964,0.005333333333333412,-0.0066225165562914245,107.02,0.579,-0.0036616429632774236,0.005888610962854238,0.0217138586730881
1503.0,1513.0,1491.0,1491.0,700.0,1050500.0,1499.8,1506.36,44.41460601389039,0.002670226969292422,-0.006631299734747964,0.005333333333333412,107.02,0.579,-0.010196765713375223,0.0060295286313913395,0.0217138586730881
1491.0,1502.0,1491.0,1492.0,800.0,1196100.0,1498.2,1504.76,44.85836076458578,-0.007323568575232975,0.002670226969292422,-0.006631299734747964,107.02,0.579,-0.008479757569313373,0.005658095791233839,0.0217138586730881
1500.0,1500.0,1492.0,1492.0,500.0,748800.0,1495.0,1503.32,44.85836076458578,0.0006706908115359234,-0.007323568575232975,0.002670226969292422,107.02,0.579,-0.007530000266077706,0.004545809661472958,0.0217138586730881
1493.0,1493.0,1489.0,1489.0,1300.0,1938100.0,1493.2,1503.12,43.646039317620726,0.0,0.0006706908115359234,-0.007323568575232975,107.02,0.579,-0.009393794241311334,0.0038102984594672513,0.0217138586730881
1489.0,1492.0,1489.0,1492.0,500.0,744900.0,1491.2,1502.6,45.23980352754166,-0.002010723860589758,0.0,0.0006706908115359234,107.02,0.579,-0.007054438972447697,0.0036518978833385957,0.0217138586730881
1494.0,1495.0,1494.0,1495.0,1200.0,1793700.0,1492.0,1502.2,46.858328914207725,0.002014775016789816,-0.002010723860589758,0.0,107.02,0.579,-0.00479297031021172,0.0016697919089685754,0.0217138586730881
1501.0,1506.0,1492.0,1492.0,1100.0,1653700.0,1492.0,1501.48,45.412830005119815,0.002010723860589758,0.002014775016789816,-0.002010723860589758,121.64,0.59,-0.006313770413192329,0.0020107291447127437,0.01659177324576564
1488.0,1498.0,1479.0,1498.0,4000.0,5943000.0,1493.2,1500.92,48.81376871595121,-0.0020066889632106566,0.002010723860589758,0.002014775016789816,121.64,0.59,-0.001945473442955036,0.0026970703150009465,0.01659177324576564
1485.0,1493.0,1476.0,1476.0,500.0,742500.0,1490.6,1499.4,39.1758587490236,0.004021447721179516,-0.0020066889632106566,0.002010723860589758,121.64,0.59,-0.01560624249699886,0.007566974795151284,0.01659177324576564
1476.0,1482.0,1469.0,1471.0,1800.0,2654600.0,1486.4,1498.28,37.369952984636704,-0.014686248331108098,0.004021447721179516,-0.0020066889632106566,121.64,0.59,-0.018207544651200024,0.007278945396658207,0.01659177324576564
1475.0,1475.0,1472.0,1472.0,700.0,1031100.0,1481.8,1497.52,37.98567300219737,-0.003387533875338744,-0.014686248331108098,0.004021447721179516,121.64,0.59,-0.017041508627597617,0.007080222735584205,0.01659177324576564
1472.0,1478.0,1456.0,1478.0,2400.0,3525300.0,1479.0,1496.64,41.68976095974113,0.0006798096532971698,-0.003387533875338744,-0.014686248331108098,121.64,0.59,-0.012454564892024868,0.007796236146069953,0.01659177324576564
1478.0,1478.0,1459.0,1459.0,1800.0,2641000.0,1471.2,1493.8,34.6348761255621,0.0040760869565217295,0.0006798096532971698,-0.003387533875338744,121.64,0.59,-0.023296291337528422,0.008253607324147242,0.01659177324576564
1460.0,1468.0,1459.0,1459.0,1300.0,1899900.0,1467.8,1491.6,34.6348761255621,-0.012855209742895779,0.0040760869565217295,0.0006798096532971698,121.64,0.59,-0.021855725395548344,0.006469522750815993,0.01659177324576564
1459.0,1473.0,1459.0,1459.0,400.0,585000.0,1465.4,1490.0,34.6348761255621,0.0,-0.012855209742895779,0.0040760869565217295,121.64,0.59,-0.02080536912751678,0.006504100032482558,0.01659177324576564
1458.0,1458.0,1453.0,1454.0,1000.0,1454800.0,1461.8,1488.04,32.80998480198018,0.0,0.0,-0.012855209742895779,121.64,0.59,-0.022875729147065916,0.006399557683443817,0.01659177324576564
1451.0,1451.0,1430.0,1431.0,3200.0,4614800.0,1452.4,1485.2,26.01870579404364,-0.0034270047978066653,0.0,0.0,121.64,0.59,-0.03649340156207921,0.007435275163632338,0.01659177324576564
1448.0,1448.0,1420.0,1432.0,3200.0,4589600.0,1447.0,1482.44,26.728831944908634,-0.015818431911966968,-0.0034270047978066653,0.0,121.64,0.59,-0.03402498583416533,0.006958089371309797,0.01659177324576564
1432.0,1435.0,1410.0,1410.0,2200.0,3145200.0,1437.2,1479.2,21.77650670221003,0.0006988120195667857,-0.015818431911966968,-0.0034270047978066653,121.64,0.59,-0.04678204434829641,0.008193090582252231,0.01659177324576564
1410.0,1426.0,1405.0,1405.0,4800.0,6774800.0,1426.4,1474.6,20.83181875600721,-0.015363128491620137,0.0006988120195667857,-0.015818431911966968,121.64,0.59,-0.047199240471992344,0.007590583782170114,0.01659177324576564
1402.0,1415.0,1402.0,1412.0,1600.0,2246100.0,1418.0,1470.68,25.691957848702387,-0.0035460992907800915,-0.015363128491620137,0.0006988120195667857,121.64,0.59,-0.03989991024560072,0.009425929271006021,0.01659177324576564
1412.0,1421.0,1405.0,1421.0,2500.0,3530300.0,1416.0,1467.52,31.51342722417141,0.004982206405693912,-0.0035460992907800915,-0.015363128491620137,121.64,0.59,-0.031699738334060173,0.008734158940559327,0.01659177324576564
1421.0,1421.0,1416.0,1416.0,1600.0,2271600.0,1412.8,1463.84,30.102478498960195,0.006373937677053743,0.004982206405693912,-0.0035460992907800915,121.64,0.59,-0.032681167340692915,0.008687839731203411,0.01659177324576564
1412.0,1421.0,1408.0,1408.0,1800.0,2541100.0,1412.4,1460.24,27.94648497622164,-0.0035186488388458947,0.006373937677053743,0.004982206405693912,121.64,0.59,-0.035774941105571695,0.0055216725841874745,0.01659177324576564
1410.0,1424.0,1400.0,1424.0,1800.0,2532400.0,1416.2,1457.12,37.57613551938825,-0.005649717514124242,-0.0035186488388458947,0.006373937677053743,121.64,0.59,-0.022729768310091065,0.007109038726141907,0.01659177324576564
1420.0,1420.0,1404.0,1419.0,1300.0,1835300.0,1417.6,1454.24,35.95881737065967,0.011363636363636465,-0.005649717514124242,-0.0035186488388458947,121.64,0.59,-0.024232588843657175,0.007437601644327858,0.01659177324576564
1507.0,1511.0,1500.0,1500.0,900.0,1354600.0,1502.0,1475.64,51.49152361319261,-0.00396563119629878,0.012040133779264162,0.0,121.64,0.59,0.01650809140440751,0.007135891003111123,0.01659177324576564
1505.0,1509.0,1483.0,1494.0,1900.0,2840800.0,1501.8,1478.4,50.56171640169366,-0.004644990046449915,-0.00396563119629878,0.012040133779264162,121.64,0.59,0.01055194805194799,0.007039209713278492,0.01659177324576564
1485.0,1491.0,1477.0,1477.0,1600.0,2373100.0,1498.2,1481.08,47.92132482884132,-0.0040000000000000036,-0.004644990046449915,-0.00396563119629878,121.64,0.59,-0.0027547465363112916,0.008648523805178651,0.01659177324576564
1477.0,1477.0,1474.0,1475.0,300.0,442600.0,1490.6,1483.28,47.60634904617868,-0.011378848728246349,-0.0040000000000000036,-0.004644990046449915,121.64,0.59,-0.005582223181058177,0.003746820965923705,0.01659177324576564
1483.0,1483.0,1476.0,1476.0,400.0,591800.0,1484.4,1486.68,47.79112581305634,-0.0013540961408260443,-0.011378848728246349,-0.0040000000000000036,121.64,0.59,-0.007183792073613732,0.004573007859355125,0.01659177324576564
1474.0,1474.0,1473.0,1473.0,200.0,294700.0,1479.0,1490.24,47.2527301590742,0.0006779661016949046,-0.0013540961408260443,-0.011378848728246349,121.64,0.59,-0.011568606398969299,0.00464948994410957,0.01659177324576564
1472.0,1472.0,1472.0,1472.0,500.0,736000.0,1474.6,1494.04,47.06240690811722,-0.002032520325203291,0.0006779661016949046,-0.0013540961408260443,121.64,0.59,-0.014751947739016334,0.004815449336759992,0.01659177324576564
1476.0,1480.0,1470.0,1472.0,1100.0,1620100.0,1473.6,1497.64,47.062406908117225,-0.0006788866259335169,-0.002032520325203291,0.0006779661016949046,121.64,0.59,-0.017120269223578496,0.0010712328113903864,0.01659177324576564
1472.0,1479.0,1463.0,1463.0,2100.0,3083500.0,1471.2,1500.56,45.16366475350901,0.0,-0.0006788866259335169,-0.002032520325203291,121.64,0.59,-0.025030655222050398,0.002699892190695536,0.01659177324576564
1463.0,1463.0,1456.0,1456.0,600.0,874900.0,1467.2,1503.48,43.68732101753665,-0.006114130434782594,0.0,-0.0006788866259335169,121.64,0.59,-0.03158006757655574,0.0026372435064172107,0.01659177324576564
1461.0,1470.0,1461.0,1470.0,600.0,879400.0,1466.6,1504.6,47.39131630390809,-0.004784688995215336,-0.006114130434782594,0.0,121.64,0.59,-0.022996145154858375,0.006172969443872015,0.01659177324576564
1475.0,1485.0,1475.0,1485.0,1200.0,1776000.0,1469.2,1502.68,51.10239156401215,0.009615384615384581,-0.004784688995215336,-0.006114130434782594,121.64,0.59,-0.011765645380253988,0.007761107445005038,0.01659177324576564
1485.0,1499.0,1473.0,1492.0,700.0,1040500.0,1473.2,1502.2,52.776531188777135,0.010204081632652962,0.009615384615384581,-0.004784688995215336,121.64,0.59,-0.006790041272799923,0.007776487706335289,0.01659177324576564
1492.0,1514.0,1491.0,1508.0,5100.0,7675000.0,1482.2,1500.4,56.447056281119885,0.00471380471380467,0.010204081632652962,0.009615384615384581,25.88,0.589,0.005065315915755738,0.006537953460508033,0.016211497692979176
1462.0,1520.0,1462.0,1520.0,4800.0,7091600.0,1495.0,1500.76,59.019765474678145,0.01072386058981234,0.00471380471380467,0.010204081632652962,25.88,0.589,0.0128201711133026,0.0024300664860361985,0.016211497692979176
1450.0,1450.0,1227.0,1267.0,6000.0,8247300.0,1454.4,1486.4,25.209074556849146,0.007957559681697646,0.01072386058981234,0.00471380471380467,25.88,0.589,-0.14760495156081813,0.07822990497279417,0.016211497692979176
1254.0,1333.0,1254.0,1271.0,3400.0,4362000.0,1411.6,1473.72,25.93153498508066,-0.16644736842105268,0.007957559681697646,0.01072386058981234,25.88,0.589,-0.13755665933827324,0.07746145936838478,0.016211497692979176
1300.0,1360.0,1300.0,1360.0,700.0,928000.0,1385.2,1467.6,39.85323130830271,0.0031570639305444903,-0.16644736842105268,0.007957559681697646,25.88,0.589,-0.07331698010357039,0.08899962032173098,0.016211497692979176
1360.0,1369.0,1316.0,1332.0,1800.0,2409600.0,1350.0,1460.76,37.46726910620325,0.07002360346184111,0.0031570639305444903,-0.16644736842105268,25.88,0.589,-0.08814589665653495,0.0878384111045066,0.016211497692979176
1340.0,1340.0,1316.0,1332.0,800.0,1060900.0,1312.4,1452.28,37.467269106203254,-0.020588235294117685,0.07002360346184111,0.0031570639305444903,25.88,0.589,-0.08282149447764892,0.08724861700372281,0.016211497692979176
1324.0,1356.0,1324.0,1356.0,900.0,1198500.0,1330.2,1446.44,40.97982382313073,0.0,-0.020588235294117685,0.07002360346184111,25.88,0.589,-0.06252592572108076,0.03414904598645982,0.016211497692979176
1386.0,1387.0,1369.0,1369.0,800.0,1106800.0,1349.8,1441.4,42.85236242207095,0.018018018018018056,0.0,-0.020588235294117685,25.88,0.589,-0.05022894408214242,0.033751650165128884,0.016211497692979176
1369.0,1387.0,1369.0,1387.0,700.0,961900.0,1355.2,1437.08,45.433835165384146,0.009587020648967659,0.018018018018018056,0.0,25.88,0.589,-0.03484844267542512,0.015264227646206104,0.016211497692979176
1387.0,1388.0,1370.0,1379.0,1300.0,1797700.0,1364.6,1431.72,44.47230900222312,0.013148283418553675,0.009587020648967659,0.018018018018018056,25.88,0.589,-0.036822842455228696,0.009719935583078623,0.016211497692979176
1379.0,1398.0,1373.0,1398.0,800.0,1103800.0,1377.8,1427.36,47.323628332882066,-0.005767844268204758,0.013148283418553675,0.009587020648967659,25.88,0.589,-0.02056944288756859,0.009178290397217188,0.016211497692979176
1397.0,1411.0,1397.0,1411.0,1200.0,1678400.0,1388.8,1423.8,49.244054440322714,0.013778100072516342,-0.005767844268204758,0.013148283418553675,25.88,0.589,-0.008990026689141702,0.007963203393294158,0.016211497692979176
1400.0,1400.0,1394.0,1394.0,500.0,699300.0,1393.8,1419.8,46.83923858196382,0.009298998569384764,0.013778100072516342,-0.005767844268204758,25.88,0.589,-0.018171573461050822,0.011830373542138471,0.016211497692979176
1398.0,1412.0,1395.0,1395.0,400.0,561700.0,1395.4,1416.52,47.003189374631084,-0.012048192771084376,0.009298998569384764,0.013778100072516342,25.88,0.589,-0.015192161070793199,0.010584194499833846,0.016211497692979176
1400.0,1415.0,1400.0,1415.0,400.0,562600.0,1402.6,1414.12,50.304269643254216,0.0007173601147776321,-0.012048192771084376,0.009298998569384764,25.88,0.589,0.0006222951376121611,0.011084467544524529,0.016211497692979176
1432.0,1432.0,1395.0,1395.0,1100.0,1567200.0,1402.0,1410.88,47.14199905635985,0.014336917562723928,0.0007173601147776321,-0.012048192771084376,25.88,0.589,-0.011255386709004386,0.012617455098538443,0.016211497692979176
1405.0,1405.0,1381.0,1381.0,800.0,1116700.0,1396.0,1407.2,45.009067501334904,-0.014134275618374548,0.014336917562723928,0.0007173601147776321,25.88,0.589,-0.01861853325753272,0.01185467607079072,0.016211497692979176
1387.0,1388.0,1387.0,1388.0,200.0,277500.0,1394.8,1403.84,46.316926675572255,-0.01003584229390686,-0.014134275618374548,0.014336917562723928,25.88,0.589,-0.011283337132436688,0.011499723975824263,0.016211497692979176
1418.0,1418.0,1409.0,1410.0,600.0,848500.0,1397.8,1401.36,50.316310298507865,0.005068790731354023,-0.01003584229390686,-0.014134275618374548,25.88,0.589,0.00616543928754931,0.01376938713651937,0.016211497692979176
1404.0,1409.0,1400.0,1400.0,900.0,1264200.0,1394.8,1398.84,48.54591445332328,0.015850144092218965,0.005068790731354023,-0.01003584229390686,25.88,0.589,0.0008292585284950973,0.01231176019982144,0.016211497692979176
1419.0,1419.0,1380.0,1380.0,1900.0,2648300.0,1391.8,1395.8,45.12608878610985,-0.007092198581560294,0.015850144092218965,0.005068790731354023,25.88,0.589,-0.011319673305631148,0.01234899287756036,0.016211497692979176
1386.0,1400.0,1371.0,1379.0,3200.0,4416300.0,1391.4,1392.16,44.95556325439591,-0.014285714285714235,-0.007092198581560294,0.015850144092218965,25.88,0.589,-0.009452936444086945,0.011527635611085224,0.016211497692979176
1371.0,1387.0,1370.0,1387.0,1000.0,1373800.0,1391.2,1388.24,46.691108890661376,-0.0007246376811593791,-0.014285714285714235,-0.007092198581560294,25.88,0.589,-0.0008932173111277654,0.011616233528399503,0.016211497692979176
1371.0,1372.0,1371.0,1372.0,200.0,274300.0,1383.6,1383.44,43.89639461893395,0.005801305293691161,-0.0007246376811593791,-0.014285714285714235,25.88,0.589,-0.008269241889782031,0.008038409065645331,0.016211497692979176
1372.0,1372.0,1343.0,1355.0,2000.0,2726300.0,1374.6,1377.32,40.90789822008342,-0.010814708002883977,0.005801305293691161,-0.0007246376811593791,25.88,0.589,-0.016205384369645352,0.008640160717517945,0.016211497692979176
1325.0,1355.0,1325.0,1354.0,600.0,802900.0,1369.4,1370.68,40.73222813367196,-0.012390670553935834,-0.010814708002883977,0.005801305293691161,25.88,0.589,-0.0121691423235183,0.007648871022416708,0.016211497692979176
1359.0,1368.0,1350.0,1368.0,400.0,543000.0,1367.2,1374.72,44.33615967591009,-0.0007380073800737907,-0.012390670553935834,-0.010814708002883977,25.88,0.589,-0.004888268156424601,0.009992762423535048,0.016211497692979176
1397.0,1397.0,1397.0,1397.0,100.0,139700.0,1369.2,1379.76,50.98494178503266,0.010339734121122657,-0.0007380073800737907,-0.012390670553935834,25.88,0.589,0.012494926653910832,0.014281057783856048,0.016211497692979176
1390.0,1390.0,1359.0,1378.0,700.0,966100.0,1370.4,1380.48,47.02206205730443,0.02119883040935666,0.010339734121122657,-0.0007380073800737907,25.88,0.589,-0.0017964765878535135,0.014922496109363892,0.016211497692979176
1378.0,1390.0,1371.0,1390.0,1000.0,1377500.0,1377.4,1382.8,49.68219289873828,-0.013600572655690812,0.02119883040935666,0.010339734121122657,25.88,0.589,0.005206826728377239,0.013071029036030432,0.016211497692979176
1383.0,1383.0,1367.0,1370.0,500.0,687200.0,1380.6,1384.32,45.574800826993076,0.00870827285921627,-0.013600572655690812,0.02119883040935666,25.88,0.589,-0.010344429033749377,0.015764581462207727,0.016211497692979176
1389.0,1389.0,1389.0,1389.0,300.0,416700.0,1384.8,1385.64,49.81915541321455,-0.014388489208633115,0.00870827285921627,-0.013600572655690812,25.88,0.589,0.002424872261193311,0.016276696249883194,0.016211497692979176
1360.0,1388.0,1328.0,1328.0,1800.0,2436000.0,1371.0,1384.0,39.23903006430258,0.013868613138686037,-0.014388489208633115,0.00870827285921627,25.88,0.589,-0.04046242774566474,0.022924719504904573,0.016211497692979176
1343.0,1389.0,1343.0,1352.0,1100.0,1506700.0,1365.8,1382.6,44.255122255484046,-0.043916486681065514,0.013868613138686037,-0.014388489208633115,25.88,0.589,-0.022132214668016716,0.025826928999287603,0.016211497692979176
1349.0,1350.0,1338.0,1338.0,1700.0,2284900.0,1355.4,1380.96,42.07315910476185,0.01807228915662651,-0.043916486681065514,0.013868613138686037,25.88,0.589,-0.031108793882516535,0.024960972636887416,0.016211497692979176
1344.0,1344.0,1326.0,1329.0,900.0,1206300.0,1347.2,1378.2,40.684449410617574,-0.010355029585798814,0.01807228915662651,-0.043916486681065514,25.88,0.589,-0.035698737483674386,0.02465366633837812,0.016211497692979176
1329.0,1329.0,1320.0,1328.0,1800.0,2387400.0,1335.0,1374.88,40.524395950090394,-0.006726457399103158,-0.010355029585798814,0.01807228915662651,25.88,0.589,-0.03409752123821723,0.022509707191989956,0.016211497692979176
1330.0,1330.0,1320.0,1329.0,400.0,530400.0,1335.2,1372.28,40.77530949646778,-0.0007524454477050302,-0.006726457399103158,-0.010355029585798814,25.88,0.589,-0.031538753024164146,0.010954635332970164,0.016211497692979176
1329.0,1329.0,1309.0,1311.0,1400.0,1848500.0,1327.0,1368.92,37.692823537808884,0.0007530120481926694,-0.0007524454477050302,-0.006726457399103158,25.88,0.589,-0.042310726704263266,0.0061128578097024815,0.016211497692979176
1314.0,1320.0,1309.0,1314.0,1200.0,1575600.0,1322.2,1364.88,38.52693130844437,-0.013544018058690765,0.0007530120481926694,-0.0007524454477050302,25.88,0.589,-0.03727800246175496,0.006526635207085313,0.016211497692979176
1327.0,1327.0,1310.0,1312.0,500.0,657300.0,1318.8,1361.56,38.160166396702124,0.0022883295194509046,-0.013544018058690765,0.0007530120481926694,25.88,0.589,-0.03639942418989978,0.0063141794547219255,0.016211497692979176
1312.0,1319.0,1307.0,1307.0,900.0,1179700.0,1314.6,1358.6,37.206563390239054,-0.0015220700152207556,0.0022883295194509046,-0.013544018058690765,25.88,0.589,-0.03798027381127625,0.006243599073264182,0.016211497692979176
1307.0,1312.0,1305.0,1306.0,1100.0,1438500.0,1310.0,1355.32,37.007376692491455,-0.003810975609756073,-0.0015220700152207556,0.0022883295194509046,25.88,0.589,-0.036389930053419076,0.006038859912216957,0.016211497692979176
1315.0,1315.0,1308.0,1310.0,1000.0,1312100.0,1309.8,1351.32,38.427327990424345,-0.0007651109410864443,-0.003810975609756073,-0.0015220700152207556,25.88,0.589,-0.030577509398217993,0.002825381845338784,0.016211497692979176
1305.0,1312.0,1301.0,1312.0,1000.0,1304800.0,1309.4,1347.8,39.16571970760658,0.003062787136294043,-0.0007651109410864443,-0.003810975609756073,25.88,0.589,-0.026561804422021038,0.0026777767097418107,0.016211497692979176
1310.0,1310.0,1302.0,1310.0,1000.0,1304900.0,1309.0,1345.0,38.66635626284372,0.0015267175572519776,0.003062787136294043,-0.0007651109410864443,25.88,0.589,-0.026022304832713755,0.002678041246404873,0.016211497692979176
1310.0,1310.0,1300.0,1300.0,1800.0,2342600.0,1307.6,1341.84,36.182299649976876,-0.0015243902439023849,0.0015267175572519776,0.003062787136294043,25.88,0.589,-0.03118106480653425,0.0040988696658593535,0.016211497692979176
1305.0,1306.0,1301.0,1305.0,1000.0,1303900.0,1307.4,1338.56,38.31610461311625,-0.007633587786259555,-0.0015243902439023849,0.0015267175572519776,25.88,0.589,-0.025071718862060683,0.004663569179478636,0.016211497692979176
1305.0,1306.0,1305.0,1306.0,300.0,391600.0,1306.6,1335.92,38.75715036138048,0.0038461538461538325,-0.007633587786259555,-0.0015243902439023849,25.88,0.589,-0.022396550691658235,0.004372748731365345,0.016211497692979176
1306.0,1308.0,1305.0,1305.0,900.0,1176100.0,1305.2,1333.92,38.46099672736402,0.0007662835249042654,0.0038461538461538325,-0.007633587786259555,25.88,0.589,-0.021680460597337223,0.004210699493096162,0.016211497692979176
1310.0,1313.0,1306.0,1308.0,700.0,916800.0,1304.8,1332.08,39.94361834836553,-0.0007656967840734552,0.0007662835249042654,0.0038461538461538325,25.88,0.589,-0.018076992372830405,0.004446344877492429,0.016211497692979176
1306.0,1309.0,1302.0,1309.0,2200.0,2868800.0,1306.6,1329.72,40.458565421659465,0.0022988505747125743,-0.0007656967840734552,0.0007662835249042654,25.88,0.589,-0.015582227837439481,0.0017525446893999995,0.016211497692979176
1309.0,1310.0,1309.0,1310.0,500.0,654900.0,1307.6,1326.24,41.00333839294509,0.000764525993883769,0.0022988505747125743,-0.0007656967840734552,25.88,0.589,-0.012245144166968277,0.0010834818334696185,0.016211497692979176
1310.0,1312.0,1307.0,1311.0,900.0,1179000.0,1308.6,1323.56,41.57897724304276,0.0007639419404126269,0.000764525993883769,0.0022988505747125743,25.88,0.589,-0.009489558463537691,0.001083482148909878,0.016211497692979176
1311.0,1314.0,1311.0,1312.0,1000.0,1312400.0,1310.0,1320.44,42.18646408407705,0.0007633587786259888,0.0007639419404126269,0.000764525993883769,25.88,0.589,-0.006391808791009099,0.0006865625184753688,0.016211497692979176
1315.0,1315.0,1306.0,1315.0,1000.0,1310700.0,1311.4,1318.24,44.065576757560784,0.0007627765064837089,0.0007633587786259888,0.0007639419404126269,25.88,0.589,-0.0024578225512805023,0.0006810773528152732,0.016211497692979176
1315.0,1315.0,1309.0,1309.0,800.0,1051400.0,1311.4,1315.04,41.18253430379827,0.0022865853658535773,0.0007627765064837089,0.0007633587786259888,25.88,0.589,-0.0045930161820172495,0.002636055792355132,0.016211497692979176
1309.0,1309.0,1307.0,1307.0,1000.0,1308000.0,1310.8,1314.2,40.23750335102416,-0.004562737642585524,0.0022865853658535773,0.0007627765064837089,25.88,0.589,-0.0054786181707503,0.0026696560981941207,0.016211497692979176
1307.0,1330.0,1307.0,1330.0,3000.0,3957100.0,1314.6,1313.32,53.46304461629122,-0.0015278838808250317,-0.004562737642585524,0.0022865853658535773,25.88,0.589,0.012700636554685884,0.008606102502848573,0.016211497692979176
1330.0,1351.0,1326.0,1350.0,1900.0,2545800.0,1322.2,1313.8,61.45174736992833,0.01759755164498844,-0.0015278838808250317,-0.004562737642585524,25.88,0.589,0.02755366113563712,0.009974191178442417,0.016211497692979176
1350.0,1375.0,1350.0,1375.0,1600.0,2180100.0,1334.2,1315.64,68.68759505720094,0.015037593984962516,0.01759755164498844,-0.0015278838808250317,25.88,0.589,0.04511872548721527,0.011132789707639671,0.016211497692979176
1382.0,1410.0,1375.0,1410.0,4900.0,6818700.0,1354.4,1318.92,75.59452069553498,0.0185185185185186,0.015037593984962516,0.01759755164498844,51.78,0.623,0.06905650077335997,0.010019928096250401,0.017717293619206573
1355.0,1356.0,1350.0,1352.0,2800.0,3789700.0,1363.4,1319.84,54.24201654564483,0.025454545454545396,0.0185185185185186,0.015037593984962516,51.78,0.623,0.02436658988968366,0.027235395308864138,0.017717293619206573
1352.0,1352.0,1341.0,1345.0,1500.0,2020600.0,1366.4,1321.2,52.32117851909834,-0.041134751773049594,0.025454545454545396,0.0185185185185186,51.78,0.623,0.018013926733272748,0.026942639437082996,0.017717293619206573
1345.0,1345.0,1328.0,1338.0,1700.0,2272300.0,1364.0,1322.16,50.39913727113125,-0.005177514792899407,-0.041134751773049594,0.025454545454545396,51.78,0.623,0.011980395716100864,0.026102916107458355,0.017717293619206573
1338.0,1338.0,1320.0,1320.0,1000.0,1326200.0,1353.0,1322.48,45.74549821025138,-0.005204460966542701,-0.005177514792899407,-0.041134751773049594,51.78,0.623,-0.0018752646542859008,0.023783329778714436,0.017717293619206573
1320.0,1320.0,1312.0,1312.0,700.0,921500.0,1333.4,1322.68,43.80935012974352,-0.013452914798206317,-0.005204460966542701,-0.005177514792899407,51.78,0.623,-0.008074515377869223,0.015448410127719855,0.017717293619206573
1313.0,1317.0,1310.0,1314.0,1400.0,1838200.0,1325.8,1323.0,44.44242947771652,-0.0060606060606061,-0.013452914798206317,-0.005204460966542701,51.78,0.623,-0.006802721088435374,0.005313773753354561,0.017717293619206573
1314.0,1317.0,1302.0,1317.0,1200.0,1568200.0,1320.2,1323.28,45.43550027635924,0.0015243902439023849,-0.0060606060606061,-0.013452914798206317,51.78,0.623,-0.004745783205368457,0.006420376174322769,0.017717293619206573
1307.0,1310.0,1304.0,1304.0,700.0,914900.0,1313.4,1322.96,41.93730339807526,0.0022831050228311334,0.0015243902439023849,-0.0060606060606061,51.78,0.623,-0.014331499062707894,0.006925446144280448,0.017717293619206573
1304.0,1310.0,1296.0,1306.0,2700.0,3515000.0,1310.6,1322.8,42.66863201036428,-0.009870918754745661,0.0022831050228311334,0.0015243902439023849,51.78,0.623,-0.012700332627759265,0.005514160088247979,0.017717293619206573
1306.0,1309.0,1296.0,1308.0,1000.0,1304900.0,1309.8,1323.12,43.435889276814386,0.0015337423312884457,-0.009870918754745661,0.0022831050228311334,51.78,0.623,-0.011427534917467721,0.005193047210702963,0.017717293619206573
1307.0,1309.0,1300.0,1309.0,700.0,914800.0,1308.8,1323.28,43.84058255165674,0.0015313935681469104,0.0015337423312884457,-0.009870918754745661,51.78,0.623,-0.0107913669064748,0.005126033953124813,0.017717293619206573
1297.0,1308.0,1297.0,1297.0,1300.0,1690300.0,1304.8,1322.92,40.13017193833236,0.000764525993883769,0.0015313935681469104,0.0015337423312884457,51.78,0.623,-0.01959302149789864,0.00592656009061185,0.017717293619206573
1293.0,1305.0,1293.0,1294.0,1800.0,2332500.0,1302.8,1322.48,39.236132772458895,-0.009167303284950301,0.000764525993883769,0.0015313935681469104,51.78,0.623,-0.02153529732018633,0.004554257202166514,0.017717293619206573
1292.0,1301.0,1290.0,1301.0,1200.0,1552400.0,1301.8,1322.2,42.457468272883595,-0.0023130300693908756,-0.009167303284950301,0.000764525993883769,51.78,0.623,-0.01603388292240209,0.005448232254080579,0.017717293619206573
1301.0,1304.0,1295.0,1295.0,1600.0,2079600.0,1299.2,1321.64,40.47670055111439,0.005409582689335446,-0.0023130300693908756,-0.009167303284950301,51.78,0.623,-0.02015677491601351,0.005496205368136379,0.017717293619206573
1295.0,1297.0,1292.0,1297.0,1100.0,1424300.0,1296.8,1321.12,41.45713121451629,-0.004611837048424272,0.005409582689335446,-0.0023130300693908756,51.78,0.623,-0.0182572362843647,0.005603705700082118,0.017717293619206573
1297.0,1301.0,1295.0,1299.0,700.0,908100.0,1297.2,1320.64,42.47748882800541,0.001544401544401497,-0.004611837048424272,0.005409582689335446,51.78,0.623,-0.016385994669251346,0.00387788735953054,0.017717293619206573
1299.0,1302.0,1290.0,1292.0,1600.0,2072700.0,1296.8,1319.84,39.85896147076358,0.0015420200462605838,0.001544401544401497,-0.004611837048424272,51.78,0.623,-0.021093465874651413,0.004579345155114398,0.017717293619206573
1292.0,1300.0,1292.0,1300.0,400.0,518600.0,1296.6,1319.24,44.1001316279006,-0.005388760585065433,0.0015420200462605838,0.001544401544401497,51.78,0.623,-0.01458415451320458,0.0048297699778070665,0.017717293619206573
1300.0,1305.0,1296.0,1305.0,1400.0,1819900.0,1298.6,1319.08,46.6332207372787,0.006191950464396356,-0.005388760585065433,0.0015420200462605838,51.78,0.623,-0.010674106195226922,0.004329159258825529,0.017717293619206573
1310.0,1312.0,1305.0,1305.0,1100.0,1439000.0,1300.2,1319.0,46.6332207372787,0.0038461538461538325,0.006191950464396356,-0.005388760585065433,51.78,0.623,-0.01061410159211524,0.004384150982722692,0.017717293619206573
1304.0,1309.0,1301.0,1301.0,800.0,1042800.0,1300.6,1317.84,44.751701810148425,0.0,0.0038461538461538325,0.006191950464396356,51.78,0.623,-0.012778486007405996,0.0047713989988753674,0.017717293619206573
1301.0,1302.0,1296.0,1300.0,1800.0,2341500.0,1302.2,1315.84,44.27080128102758,-0.0030651340996168397,0.0,0.0038461538461538325,51.78,0.623,-0.0120379377431906,0.003722239239010895,0.017717293619206573
1297.0,1308.0,1297.0,1303.0,1500.0,1951600.0,1302.8,1312.96,46.140676108330624,-0.000768639508070712,-0.0030651340996168397,0.0,51.78,0.623,-0.007585912746770683,0.002693865698832384,0.017717293619206573
1303.0,1319.0,1303.0,1313.0,3700.0,4849700.0,1304.4,1309.08,51.93046925104205,0.002307692307692344,-0.000768639508070712,-0.0030651340996168397,51.78,0.623,0.0029944693983561532,0.004081969152781102,0.017717293619206573
1328.0,1328.0,1320.0,1321.0,1200.0,1590500.0,1307.6,1307.84,56.00502183640823,0.007674597083653145,0.002307692307692344,-0.000768639508070712,51.78,0.623,0.010062392953266518,0.004510095344290016,0.017717293619206573
1326.0,1326.0,1322.0,1322.0,600.0,794000.0,1311.8,1306.92,56.501363107598934,0.006092916984006047,0.007674597083653145,0.002307692307692344,51.78,0.623,0.011538579255042333,0.003567377538085908,0.017717293619206573
1326.0,1326.0,1326.0,1326.0,400.0,530400.0,1317.0,1306.44,58.51735329823108,0.0007570022710068347,0.006092916984006047,0.007674597083653145,51.78,0.623,0.014971984936162353,0.0028376527325547148,0.017717293619206573
1326.0,1326.0,1321.0,1321.0,300.0,397200.0,1320.6,1306.48,55.08091456188877,0.00302571860816947,0.0007570022710068347,0.006092916984006047,51.78,0.623,0.011113832588328931,0.004527545556023833,0.017717293619206573
1319.0,1319.0,1319.0,1319.0,200.0,263800.0,1321.8,1306.76,53.7219126372633,-0.0037707390648566985,0.00302571860816947,0.0007570022710068347,51.78,0.623,0.009366677890354778,0.0038453570621618375,0.017717293619206573
1319.0,1319.0,1300.0,1317.0,1700.0,2224100.0,1321.0,1306.88,52.33142798962799,-0.0015140045420136694,-0.0037707390648566985,0.00302571860816947,51.78,0.623,0.00774363369245829,0.002584367430825963,0.017717293619206573
1325.0,1325.0,1294.0,1297.0,3400.0,4456300.0,1316.0,1306.08,40.92421043281278,-0.0015163002274450887,-0.0015140045420136694,-0.0037707390648566985,51.78,0.623,-0.006952100943280601,0.006831429296926313,0.017717293619206573
1294.0,1299.0,1291.0,1292.0,2200.0,2848200.0,1309.2,1305.6,38.6556280034808,-0.01518602885345477,-0.0015163002274450887,-0.0015140045420136694,51.78,0.623,-0.010416666666666598,0.005716722635456151,0.017717293619206573
1292.0,1298.0,1290.0,1292.0,2100.0,2715500.0,1303.4,1305.04,38.65562800348081,-0.0038550501156514594,-0.01518602885345477,-0.0015163002274450887,51.78,0.623,-0.009992030895604706,0.006177359141213537,0.017717293619206573
1291.0,1291.0,1273.0,1285.0,6400.0,8232200.0,1296.6,1304.12,35.463682368504124,0.0,-0.0038550501156514594,-0.01518602885345477,51.78,0.623,-0.014661227494402273,0.005962103024683899,0.017717293619206573
1285.0,1293.0,1281.0,1293.0,4500.0,5794400.0,1291.8,1303.48,41.417397412686576,-0.005417956656346701,0.0,-0.0038550501156514594,51.78,0.623,-0.008040015957283594,0.007859694594740705,0.017717293619206573
1301.0,1301.0,1280.0,1291.0,2900.0,3743200.0,1290.6,1303.24,40.41362250326249,0.006225680933852118,-0.005417956656346701,0.0,51.78,0.623,-0.009391976919063265,0.0045040578528260065,0.017717293619206573
1289.0,1301.0,1289.0,1294.0,3800.0,4924600.0,1291.0,1303.24,42.65852922905685,-0.0015467904098994678,0.006225680933852118,-0.005417956656346701,51.78,0.623,-0.007090021791841878,0.004341762543440279,0.017717293619206573
1298.0,1300.0,1287.0,1287.0,1100.0,1423200.0,1290.0,1302.68,38.969301940137896,0.0023237800154918276,-0.0015467904098994678,0.006225680933852118,51.78,0.623,-0.01203672429146073,0.005055777194173815,0.017717293619206573
1280.0,1298.0,1280.0,1294.0,2200.0,2828800.0,1291.8,1302.64,44.16912594817538,-0.005409582689335446,0.0023237800154918276,-0.0015467904098994678,51.78,0.623,-0.0066326843947676255,0.004886407551965345,0.017717293619206573
1291.0,1292.0,1277.0,1286.0,3700.0,4737100.0,1290.4,1302.2,39.97706276404499,0.00543900543900544,-0.005409582689335446,0.0023237800154918276,51.78,0.623,-0.012440485332514241,0.004976959368480269,0.017717293619206573
1290.0,1291.0,1286.0,1290.0,1100.0,1417400.0,1290.2,1301.84,42.89539565066264,-0.0061823802163832875,0.00543900543900544,-0.005409582689335446,51.78,0.623,-0.00909481963989424,0.005292436425054398,0.017717293619206573
1290.0,1291.0,1281.0,1291.0,500.0,644200.0,1289.6,1301.8,43.63324099563018,0.0031104199066873672,-0.0061823802163832875,0.00543900543900544,51.78,0.623,-0.008296205254263294,0.00515547422776652,0.017717293619206573
1284.0,1290.0,1284.0,1285.0,400.0,514300.0,1289.2,1301.2,40.27104484757777,0.0007751937984497026,0.0031104199066873672,-0.0061823802163832875,51.78,0.623,-0.012450046111281927,0.004980633961740423,0.017717293619206573
1292.0,1292.0,1283.0,1292.0,400.0,515000.0,1288.8,1300.68,45.54321086537819,-0.004647560030983766,0.0007751937984497026,0.0031104199066873672,51.78,0.623,-0.006673432358458701,0.0049830738428610095,0.017717293619206573
1292.0,1292.0,1283.0,1285.0,700.0,900900.0,1288.6,1299.88,41.58976904590675,0.005447470817120603,-0.004647560030983766,0.0007751937984497026,51.78,0.623,-0.011447210511739627,0.004764382250639067,0.017717293619206573
1281.0,1294.0,1281.0,1294.0,1000.0,1289300.0,1289.4,1299.6,47.85701512426781,-0.005417956656346701,0.005447470817120603,-0.004647560030983766,51.78,0.623,-0.004309018159433602,0.0056631702398812185,0.017717293619206573
1296.0,1305.0,1296.0,1303.0,1300.0,1689700.0,1291.8,1299.72,53.258076221284526,0.007003891050583633,-0.005417956656346701,0.005447470817120603,51.78,0.623,0.0025236204721016623,0.006336541886423317,0.017717293619206573
1302.0,1328.0,1299.0,1328.0,2900.0,3813800.0,1300.4,1300.72,64.31532595518505,0.006955177743431129,0.007003891050583633,-0.005417956656346701,51.78,0.623,0.020972999569469197,0.008724427679521776,0.017717293619206573
1358.0,1358.0,1325.0,1325.0,2100.0,2827000.0,1307.0,1301.2,62.407480828648026,0.019186492709132752,0.006955177743431129,0.007003891050583633,51.78,0.623,0.018290808484475833,0.009621309552932108,0.017717293619206573
1337.0,1355.0,1337.0,1350.0,1800.0,2428300.0,1320.0,1302.36,70.31110259002142,-0.0022590361445783413,0.019186492709132752,0.006955177743431129,51.78,0.623,0.03657974753524379,0.00910427445445198,0.017717293619206573
1350.0,1359.0,1335.0,1335.0,1300.0,1754100.0,1328.2,1302.88,61.9017326618006,0.018867924528301883,-0.0022590361445783413,0.019186492709132752,51.78,0.623,0.02465307626181988,0.013236726180226335,0.017717293619206573
1335.0,1335.0,1316.0,1316.0,400.0,531400.0,1330.8,1302.48,53.2190540628582,-0.011111111111111072,0.018867924528301883,-0.0022590361445783413,51.78,0.623,0.010380197776549338,0.01607316703595072,0.017717293619206573
1316.0,1328.0,1313.0,1328.0,800.0,1054600.0,1330.8,1302.76,57.293402957124684,-0.014232209737827684,-0.011111111111111072,0.018867924528301883,51.78,0.623,0.01937425158893427,0.013876533132893635,0.017717293619206573
1356.0,1356.0,1350.0,1355.0,800.0,1084100.0,1336.8,1304.2,64.73548329905083,0.00911854103343468,-0.014232209737827684,-0.011111111111111072,51.78,0.623,0.03895108112252718,0.016378007241020287,0.017717293619206573
1355.0,1357.0,1340.0,1340.0,1100.0,1489300.0,1334.8,1305.12,58.6234853447329,0.02033132530120474,0.00911854103343468,-0.014232209737827684,51.78,0.623,0.026725511830329864,0.015291928149024699,0.017717293619206573
1334.0,1356.0,1329.0,1353.0,1000.0,1337200.0,1338.4,1307.36,61.97433115298159,-0.011070110701106972,0.02033132530120474,0.00911854103343468,51.78,0.623,0.034910047729776114,0.014810245679814257,0.017717293619206573
1338.0,1353.0,1338.0,1348.0,400.0,539000.0,1344.8,1309.6,59.962947811089784,0.009701492537313339,-0.011070110701106972,0.02033132530120474,51.78,0.623,0.029321930360415464,0.012327819345073977,0.017717293619206573
1345.0,1345.0,1345.0,1345.0,200.0,269000.0,1348.2,1311.72,58.73129441972706,-0.003695491500369519,0.009701492537313339,-0.011070110701106972,51.78,0.623,0.025371268258469776,0.01239578075078933,0.017717293619206573
1345.0,1360.0,1334.0,1355.0,2600.0,3520200.0,1348.2,1314.52,61.56524989403358,-0.002225519287833877,-0.003695491500369519,0.009701492537313339,51.78,0.623,0.030794510543772646,0.008522764727930511,0.017717293619206573
1368.0,1385.0,1342.0,1360.0,2400.0,3283900.0,1352.2,1317.2,62.93575914833083,0.0074349442379182396,-0.002225519287833877,-0.003695491500369519,109.15,0.62,0.03249316732462796,0.005856380160792526,0.02482332155477032
1378.0,1378.0,1356.0,1360.0,2300.0,3139000.0,1353.6,1319.96,62.93575914833083,0.0036900369003689537,0.0074349442379182396,-0.002225519287833877,109.15,0.62,0.030334252553107642,0.00453012417589063,0.02482332155477032
1355.0,1361.0,1352.0,1355.0,500.0,677800.0,1355.0,1322.4,60.43641548883427,0.0,0.0036900369003689537,0.0074349442379182396,109.15,0.62,0.024652147610405253,0.004525157806327859,0.02482332155477032
1351.0,1351.0,1350.0,1350.0,800.0,1080100.0,1356.0,1324.92,57.957712884912866,-0.003676470588235281,0.0,0.0036900369003689537,109.15,0.62,0.018929444796666913,0.004827068251646456,0.02482332155477032
1350.0,1351.0,1350.0,1351.0,200.0,270100.0,1355.2,1327.2,58.32584794119639,-0.0036900369003689537,-0.003676470588235281,0.0,109.15,0.62,0.017932489451476758,0.0031454004330065113,0.02482332155477032
1348.0,1348.0,1337.0,1340.0,600.0,804700.0,1351.2,1329.36,52.84437841007469,0.0007407407407407085,-0.0036900369003689537,-0.003676470588235281,109.15,0.62,0.008003851477402736,0.0035481507791459833,0.02482332155477032
1335.0,1337.0,1330.0,1330.0,700.0,933800.0,1345.2,1330.96,48.39191133055711,-0.008142116950407119,0.0007407407407407085,-0.0036900369003689537,109.15,0.62,-0.0007212838853158896,0.0035646743724284374,0.02482332155477032
1347.0,1349.0,1328.0,1328.0,700.0,941200.0,1339.8,1332.44,47.52937244680574,-0.007462686567164201,-0.008142116950407119,0.0007407407407407085,109.15,0.62,-0.003332232595839253,0.0038061981882644967,0.02482332155477032
1321.0,1344.0,1321.0,1344.0,800.0,1060100.0,1338.6,1334.8,54.51421012372885,-0.0015037593984962294,-0.007462686567164201,-0.008142116950407119,109.15,0.62,0.006892418339826225,0.008158168572336097,0.02482332155477032
1331.0,1349.0,1323.0,1349.0,600.0,800400.0,1338.2,1337.08,56.464582245763545,0.012048192771084265,-0.0015037593984962294,-0.007462686567164201,109.15,0.62,0.008914948993328802,0.008409622187035608,0.02482332155477032
1349.0,1350.0,1349.0,1350.0,400.0,539800.0,1340.2,1339.68,56.862970617065415,0.0037202380952381375,0.012048192771084265,-0.0015037593984962294,109.15,0.62,0.007703332139018225,0.007178464590711436,0.02482332155477032
1339.0,1343.0,1339.0,1343.0,400.0,536100.0,1342.8,1341.64,53.193485672842435,0.000741289844329085,0.0037202380952381375,0.012048192771084265,109.15,0.62,0.0010136847440445275,0.006507813383806297,0.02482332155477032
1341.0,1350.0,1341.0,1350.0,500.0,671400.0,1347.2,1343.52,56.234982421463116,-0.005185185185185182,0.000741289844329085,0.0037202380952381375,109.15,0.62,0.004823151125401943,0.006302958129523086,0.02482332155477032
1358.0,1358.0,1348.0,1348.0,1100.0,1490600.0,1348.0,1344.32,55.13266497581423,0.005212211466865124,-0.005185185185185182,0.000741289844329085,109.15,0.62,0.002737443465841514,0.004148170258863486,0.02482332155477032
1340.0,1356.0,1340.0,1356.0,500.0,673200.0,1349.4,1345.56,58.626237837614404,-0.001481481481481528,0.005212211466865124,-0.005185185185185182,109.15,0.62,0.0077588513332739195,0.004652030420033368,0.02482332155477032
1350.0,1360.0,1339.0,1346.0,500.0,674200.0,1348.6,1345.4,53.06417786756974,0.005934718100890191,-0.001481481481481528,0.005212211466865124,109.15,0.62,0.0004459640255685365,0.006003721195917076,0.02482332155477032
1346.0,1364.0,1346.0,1360.0,1000.0,1351600.0,1352.0,1346.4,58.93771209984644,-0.007374631268436627,0.005934718100890191,-0.001481481481481528,109.15,0.62,0.010101010101010032,0.0069809620882847105,0.02482332155477032
1359.0,1359.0,1352.0,1352.0,900.0,1221500.0,1352.4,1347.84,54.723507334091856,0.010401188707280795,-0.007374631268436627,0.005934718100890191,109.15,0.62,0.0030864197530864807,0.007649792345007482,0.02482332155477032
1352.0,1359.0,1348.0,1359.0,800.0,1081500.0,1354.6,1349.08,57.58155730328018,-0.00588235294117645,0.010401188707280795,-0.007374631268436627,109.15,0.62,0.00735315918996655,0.007835269230893635,0.02482332155477032
1359.0,1359.0,1348.0,1356.0,400.0,541900.0,1354.6,1349.12,55.951449666541016,0.005177514792899407,-0.00588235294117645,0.010401188707280795,109.15,0.62,0.005099620493358715,0.007563879958119544,0.02482332155477032
1350.0,1357.0,1347.0,1354.0,1000.0,1349100.0,1356.2,1349.68,54.836900580073944,-0.002207505518763808,0.005177514792899407,-0.00588235294117645,109.15,0.62,0.003200758698358082,0.0065078511490865125,0.02482332155477032
1340.0,1358.0,1337.0,1358.0,700.0,943000.0,1355.8,1349.88,56.69488362290386,-0.001474926253687281,-0.002207505518763808,0.005177514792899407,109.15,0.62,0.0060153495125491825,0.004381034312056917,0.02482332155477032
1358.0,1358.0,1339.0,1351.0,1600.0,2157000.0,1355.6,1350.0,52.615500931613056,0.002954209748892156,-0.001474926253687281,-0.002207505518763808,109.15,0.62,0.0007407407407407407,0.004154915915423766,0.02482332155477032
1337.0,1342.0,1312.0,1341.0,3800.0,5020400.0,1352.0,1349.84,47.37159131178912,-0.005154639175257714,0.002954209748892156,-0.001474926253687281,109.15,0.62,-0.006548924316956023,0.0039318420756452935,0.02482332155477032
1337.0,1337.0,1330.0,1331.0,1800.0,2397800.0,1347.0,1348.88,42.77996441950417,-0.007401924500370138,-0.005154639175257714,0.002954209748892156,109.15,0.62,-0.01325544155150948,0.004448747193008179,0.02482332155477032
1328.0,1336.0,1322.0,1335.0,2600.0,3455500.0,1343.2,1347.88,45.07334658393815,-0.007457121551081247,-0.007401924500370138,-0.005154639175257714,109.15,0.62,-0.009555746802386049,0.005367080031747634,0.02482332155477032
1320.0,1332.0,1320.0,1332.0,600.0,794400.0,1338.0,1346.76,43.659970646214326,0.003005259203606281,-0.007457121551081247,-0.007401924500370138,109.15,0.62,-0.01095963646083934,0.004384436851270097,0.02482332155477032
1339.0,1339.0,1332.0,1336.0,14300.0,19053200.0,1335.0,1346.0,46.08742666845671,-0.0022471910112359383,0.003005259203606281,-0.007457121551081247,109.15,0.62,-0.007429420505200594,0.005216886435256194,0.02482332155477032
1336.0,1343.0,1336.0,1337.0,1600.0,2142000.0,1334.2,1345.48,46.70564264371065,0.0030030030030030463,-0.0022471910112359383,0.003005259203606281,109.15,0.62,-0.006302583464637169,0.004402578472544397,0.02482332155477032
1336.0,1351.0,1336.0,1350.0,1200.0,1615500.0,1338.0,1345.44,54.07789195080105,0.0007485029940119681,0.0030030030030030463,-0.0022471910112359383,109.15,0.62,0.003389225829468386,0.004407006339363034,0.02482332155477032
1350.0,1350.0,1340.0,1350.0,7300.0,9848800.0,1341.0,1345.84,54.07789195080105,0.00972326103216159,0.0007485029940119681,0.0030030030030030463,109.15,0.62,0.003091006360340072,0.004581437101524417,0.02482332155477032
1348.0,1350.0,1344.0,1350.0,1500.0,2021600.0,1344.6,1346.64,54.07789195080105,0.0,0.00972326103216159,0.0007485029940119681,109.15,0.62,0.002495098912849685,0.0041172266020201185,0.02482332155477032
1382.0,1382.0,1362.0,1362.0,2100.0,2873600.0,1379.6,1335.88,50.38234817659474,0.005102040816326481,-0.00723589001447178,-0.014967925873129007,148.61,0.667,0.019552654430038542,0.010738411132338904,0.02325176650770998
1337.0,1347.0,1333.0,1334.0,2600.0,3478100.0,1365.8,1335.96,45.681778780798034,-0.012327773749093551,0.005102040816326481,-0.00723589001447178,148.61,0.667,-0.0014671097937064255,0.009711876157068096,0.02325176650770998
1334.0,1345.0,1332.0,1332.0,1200.0,1603000.0,1355.8,1336.8,45.35626751816271,-0.02055800293685761,-0.012327773749093551,0.005102040816326481,148.61,0.667,-0.003590664272890451,0.009855410978205819,0.02325176650770998
1332.0,1332.0,1332.0,1332.0,100.0,133200.0,1347.8,1339.0,45.35626751816271,-0.0014992503748125774,-0.02055800293685761,-0.012327773749093551,148.61,0.667,-0.005227781926811053,0.010384909795710173,0.02325176650770998
1343.0,1343.0,1343.0,1343.0,100.0,134300.0,1340.6,1344.32,47.73196555182477,0.0,-0.0014992503748125774,-0.02055800293685761,148.61,0.667,-0.0009819090692691744,0.011275309994577114,0.02325176650770998
1345.0,1345.0,1345.0,1345.0,200.0,269000.0,1337.2,1348.6,48.173157548733634,0.008258258258258211,0.0,-0.0014992503748125774,148.61,0.667,-0.0026694349695980343,0.010781808725544064,0.02325176650770998
1345.0,1345.0,1324.0,1325.0,1000.0,1329800.0,1335.4,1353.12,44.15899189300494,0.0014892032762472418,0.008258258258258211,0.0,148.61,0.667,-0.02078160104055804,0.0084410983990895,0.02325176650770998
1325.0,1336.0,1325.0,1336.0,700.0,929400.0,1336.2,1357.16,46.78543539758851,-0.014869888475836479,0.0014892032762472418,0.008258258258258211,148.61,0.667,-0.015591382003595803,0.009466119459256007,0.02325176650770998
1325.0,1334.0,1323.0,1326.0,1200.0,1591600.0,1335.0,1361.0,44.72591523522764,0.008301886792452917,-0.014869888475836479,0.0014892032762472418,148.61,0.667,-0.025716385011021307,0.010158365393886398,0.02325176650770998
1320.0,1325.0,1320.0,1322.0,500.0,661200.0,1330.8,1363.24,43.89357478825671,-0.007485029940119792,0.008301886792452917,-0.014869888475836479,148.61,0.667,-0.030251459757636226,0.0087867547337582,0.02325176650770998
1322.0,1322.0,1320.0,1320.0,500.0,660600.0,1325.8,1365.4,43.458095861169596,-0.003016591251885359,-0.007485029940119792,0.008301886792452917,148.61,0.667,-0.03325032957375135,0.008490986663336475,0.02325176650770998
1337.0,1337.0,1320.0,1320.0,1000.0,1332100.0,1324.8,1366.76,43.458095861169596,-0.001512859304084735,-0.003016591251885359,-0.007485029940119792,148.61,0.667,-0.03421229769674265,0.005778816772758284,0.02325176650770998
1317.0,1317.0,1315.0,1315.0,600.0,789900.0,1320.6,1366.16,42.24294620689432,0.0,-0.001512859304084735,-0.003016591251885359,148.61,0.667,-0.03744802951338063,0.0028204322888140043,0.02325176650770998
1330.0,1330.0,1330.0,1330.0,400.0,532000.0,1321.4,1362.2,47.02824817010325,-0.0037878787878787845,0.0,-0.001512859304084735,148.61,0.667,-0.02363823227132583,0.006203701796952795,0.02325176650770998
1330.0,1330.0,1328.0,1329.0,700.0,930500.0,1322.8,1360.16,46.7501610643764,0.011406844106463865,-0.0037878787878787845,0.0,148.61,0.667,-0.022909069521232856,0.005949467132650348,0.02325176650770998
1329.0,1329.0,1329.0,1329.0,200.0,265800.0,1324.6,1355.84,46.7501610643764,-0.0007518796992481702,0.011406844106463865,-0.0037878787878787845,148.61,0.667,-0.019795846117535935,0.00582232917916701,0.02325176650770998
1329.0,1349.0,1313.0,1349.0,2500.0,3323400.0,1330.4,1352.8,53.172879273543224,0.0,-0.0007518796992481702,0.011406844106463865,148.61,0.667,-0.0028089887640449103,0.008298146454829609,0.02325176650770998
1397.0,1400.0,1370.0,1395.0,2800.0,3896500.0,1346.4,1351.92,63.94456795313275,0.015048908954100826,0.0,-0.0007518796992481702,148.61,0.667,0.03186579087519966,0.01418300816085684,0.02325176650770998
1418.0,1418.0,1374.0,1374.0,2600.0,3647700.0,1355.2,1350.08,57.44768534663959,0.03409933283914013,0.015048908954100826,0.0,148.61,0.667,0.017717468594453716,0.018668620065567427,0.02325176650770998
1384.0,1384.0,1376.0,1376.0,200.0,276000.0,1364.6,1348.8,57.886536962552675,-0.01505376344086018,0.03409933283914013,0.015048908954100826,148.61,0.667,0.0201660735468565,0.01847435428921188,0.02325176650770998
1365.0,1380.0,1352.0,1355.0,1500.0,2049600.0,1369.8,1347.4,51.84091291896953,0.0014556040756914523,-0.01505376344086018,0.03409933283914013,148.61,0.667,0.00564049280094991,0.02102713572233466,0.02325176650770998
1365.0,1375.0,1344.0,1367.0,1100.0,1496900.0,1373.4,1345.96,54.74919490166144,-0.015261627906976716,0.0014556040756914523,-0.01505376344086018,148.61,0.667,0.015631965288715834,0.020390618478290837,0.02325176650770998
1366.0,1390.0,1366.0,1390.0,1200.0,1650100.0,1372.4,1346.28,59.76451627746905,0.008856088560885711,-0.015261627906976716,0.0014556040756914523,148.61,0.667,0.03247467094512288,0.014327837552437378,0.02325176650770998
1362.0,1375.0,1362.0,1375.0,300.0,409900.0,1372.6,1346.4,55.4482483589499,0.016825164594001407,0.008856088560885711,-0.015261627906976716,148.61,0.667,0.02124183006535941,0.013348887462743705,0.02325176650770998
1345.0,1375.0,1345.0,1354.0,500.0,680300.0,1368.2,1345.4,50.00349665586188,-0.010791366906474864,0.016825164594001407,0.008856088560885711,148.61,0.667,0.006392151033149924,0.014959893641110427,0.02325176650770998
1340.0,1356.0,1340.0,1356.0,600.0,811800.0,1368.4,1345.16,50.50200591829075,-0.015272727272727327,-0.010791366906474864,0.016825164594001407,148.61,0.667,0.008058520919444466,0.01335260856917233,0.02325176650770998
1357.0,1358.0,1322.0,1358.0,1600.0,2147300.0,1366.6,1346.12,51.027862535815075,0.001477104874446189,-0.015272727272727327,-0.010791366906474864,148.61,0.667,0.008825364752028133,0.012542409950788445,0.02325176650770998
1358.0,1358.0,1348.0,1348.0,700.0,947800.0,1358.2,1346.76,48.26675973544261,0.001474926253687281,0.001477104874446189,-0.015272727272727327,148.61,0.667,0.0009207282663577839,0.007458834921387147,0.02325176650770998
1333.0,1347.0,1333.0,1346.0,5800.0,7798100.0,1352.4,1347.32,47.71071997335781,-0.007363770250368162,0.001474926253687281,0.001477104874446189,148.61,0.667,-0.0009797227087847997,0.007148807269488562,0.02325176650770998
1346.0,1346.0,1330.0,1330.0,2200.0,2931700.0,1347.6,1346.8,43.40295795485462,-0.0014836795252225476,-0.007363770250368162,0.001474926253687281,148.61,0.667,-0.01247401247401244,0.005891577950198572,0.02325176650770998
1331.0,1331.0,1331.0,1331.0,300.0,399300.0,1342.6,1346.24,43.744829440267665,-0.011887072808320909,-0.0014836795252225476,-0.007363770250368162,148.61,0.667,-0.01132041835036844,0.0057437473121115384,0.02325176650770998
1271.0,1276.0,1247.0,1270.0,38700.0,49031300.0,1325.0,1344.04,31.317644669957275,0.0007518796992480592,-0.011887072808320909,-0.0014836795252225476,148.61,0.667,-0.055087646201005896,0.01892376548896848,0.02325176650770998
1240.0,1246.0,1227.0,1234.0,17100.0,21123800.0,1302.2,1339.96,26.5279571162893,-0.04583020285499628,0.0007518796992480592,-0.011887072808320909,148.61,0.667,-0.07907698737275742,0.01962973094174317,0.02325176650770998
1234.0,1244.0,1230.0,1244.0,4900.0,6057300.0,1281.8,1336.68,29.742314156435853,-0.028346456692913358,-0.04583020285499628,0.0007518796992480592,148.61,0.667,-0.069335966723524,0.02190461375636117,0.02325176650770998
1242.0,1242.0,1220.0,1232.0,11400.0,14005000.0,1262.2,1333.08,28.15073699590326,0.008103727714748876,-0.028346456692913358,-0.04583020285499628,148.61,0.667,-0.07582440663726103,0.022018146658809547,0.02325176650770998
1237.0,1238.0,1219.0,1229.0,6500.0,7992400.0,1241.8,1329.44,27.750925656176335,-0.009646302250803873,0.008103727714748876,-0.028346456692913358,148.61,0.667,-0.07555060777470217,0.021488143829614417,0.02325176650770998
1228.0,1230.0,1226.0,1230.0,2900.0,3563900.0,1233.8,1325.84,28.117407529520975,-0.0024350649350649567,-0.009646302250803873,0.008103727714748876,148.61,0.667,-0.07228624871779395,0.013876719359701539,0.02325176650770998
1230.0,1240.0,1230.0,1233.0,2100.0,2592400.0,1233.6,1322.56,29.27642597908158,0.0008136696501219731,-0.0024350649350649567,-0.009646302250803873,148.61,0.667,-0.06771715460924264,0.006541346962340047,0.02325176650770998
1230.0,1233.0,1230.0,1232.0,3600.0,4429100.0,1231.2,1318.64,29.1079485815835,0.0024390243902439046,0.0008136696501219731,-0.0024350649350649567,148.61,0.667,-0.06570405872717353,0.00468146827725249,0.02325176650770998
1237.0,1245.0,1236.0,1245.0,4000.0,4955800.0,1233.8,1315.28,34.39359225337161,-0.0008110300081103361,0.0024390243902439046,0.0008136696501219731,148.61,0.667,-0.0534334894471139,0.005055819253559991,0.02325176650770998
1245.0,1245.0,1239.0,1239.0,1100.0,1365400.0,1235.8,1311.68,33.16454941382037,0.010551948051948035,-0.0008110300081103361,0.0024390243902439046,148.61,0.667,-0.055409856062454306,0.0056673132309203724,0.02325176650770998
1240.0,1241.0,1238.0,1238.0,1600.0,1983400.0,1237.4,1307.24,32.95319058886999,-0.004819277108433773,0.010551948051948035,-0.0008110300081103361,148.61,0.667,-0.05296655549095806,0.005771421542853625,0.02325176650770998
1238.0,1245.0,1238.0,1245.0,800.0,993200.0,1239.8,1301.24,36.02665418188066,-0.0008071025020177647,-0.004819277108433773,0.010551948051948035,148.61,0.667,-0.043220312932279986,0.006098425030153098,0.02325176650770998
1241.0,1244.0,1240.0,1243.0,700.0,869100.0,1242.0,1296.0,35.525573461101104,0.0056542810985460434,-0.0008071025020177647,-0.004819277108433773,148.61,0.667,-0.04089506172839506,0.0061981345015085405,0.02325176650770998
1255.0,1255.0,1245.0,1245.0,4400.0,5506900.0,1242.0,1290.76,36.47705220259788,-0.0016064257028112205,0.0056542810985460434,-0.0008071025020177647,148.61,0.667,-0.03545198177817719,0.0039056713043418875,0.02325176650770998
1252.0,1258.0,1246.0,1246.0,2600.0,3256200.0,1243.4,1286.4,36.97784667551954,0.0016090104585679832,-0.0016064257028112205,0.0056542810985460434,148.61,0.667,-0.031405472636815986,0.0028304482982975617,0.02325176650770998
1246.0,1258.0,1241.0,1258.0,2400.0,2989300.0,1247.4,1282.04,42.80495655271167,0.0008032128514057213,0.0016090104585679832,-0.0016064257028112205,148.61,0.667,-0.018751365012012078,0.00443719606725814,0.02325176650770998
1242.0,1246.0,1236.0,1243.0,6400.0,7933000.0,1247.0,1276.16,38.06688120796476,0.009630818619582593,0.0008032128514057213,0.0016090104585679832,148.61,0.667,-0.025984202607823532,0.007750796806779262,0.02325176650770998
1236.0,1239.0,1236.0,1238.0,1300.0,1609400.0,1246.0,1270.68,36.612105515277754,-0.0119236883942766,0.009630818619582593,0.0008032128514057213,148.61,0.667,-0.025718512922214925,0.007926140975590145,0.02325176650770998
1235.0,1240.0,1233.0,1237.0,1700.0,2100900.0,1244.4,1266.0,36.31320408811965,-0.004022526146419958,-0.0119236883942766,0.009630818619582593,148.61,0.667,-0.022906793048973143,0.00781692114738925,0.02325176650770998
1235.0,1236.0,1234.0,1236.0,800.0,988200.0,1242.4,1261.2,35.996720710272626,-0.0008077544426494665,-0.004022526146419958,-0.0119236883942766,148.61,0.667,-0.019980970504281673,0.007743251849185319,0.02325176650770998
1233.0,1236.0,1233.0,1233.0,900.0,1110000.0,1237.4,1256.2,35.010905276201484,-0.0008084074373484462,-0.0008077544426494665,-0.004022526146419958,148.61,0.667,-0.01846839675210957,0.004626979762495777,0.02325176650770998
1230.0,1243.0,1230.0,1243.0,2600.0,3208800.0,1237.4,1252.0,40.828075810057626,-0.0024271844660194164,-0.0008084074373484462,-0.0008077544426494665,148.61,0.667,-0.00718849840255591,0.004721083125155579,0.02325176650770998
1235.0,1245.0,1235.0,1237.0,2000.0,2479400.0,1237.2,1247.64,38.59580273998053,0.008110300081102917,-0.0024271844660194164,-0.0008084074373484462,148.61,0.667,-0.008528101054791525,0.004903031459211907,0.02325176650770998
1245.0,1245.0,1239.0,1240.0,1700.0,2112000.0,1237.8,1244.04,40.35186521606405,-0.00482703137570395,0.008110300081102917,-0.0024271844660194164,148.61,0.667,-0.0032474840037297545,0.005007010175283818,0.02325176650770998
1245.0,1247.0,1241.0,1247.0,1600.0,1992600.0,1240.0,1240.68,44.350954437346964,0.0024252223120453387,-0.00482703137570395,0.008110300081102917,148.61,0.667,0.0050939807202501335,0.005403276954087873,0.02325176650770998
1247.0,1247.0,1239.0,1239.0,2900.0,3600200.0,1241.2,1239.44,40.97023370116243,0.005645161290322553,0.0024252223120453387,-0.00482703137570395,148.61,0.667,-0.0003549990318208663,0.006385663501828045,0.02325176650770998
1241.0,1244.0,1241.0,1244.0,800.0,994000.0,1241.4,1239.84,43.85103171220407,-0.006415396952686447,0.005645161290322553,0.0024252223120453387,148.61,0.667,0.003355271647954641,0.00543928637588224,0.02325176650770998
1246.0,1247.0,1242.0,1247.0,800.0,996300.0,1243.4,1239.96,45.56750067262351,0.004035512510088823,-0.006415396952686447,0.005645161290322553,148.61,0.667,0.005677602503306529,0.004687195383946072,0.02325176650770998
1250.0,1260.0,1206.0,1253.0,17100.0,21208000.0,1246.0,1240.8,48.93009083488539,0.002411575562700996,0.004035512510088823,-0.006415396952686447,8.89,0.672,0.009832366215344977,0.004906014317673806,0.004007398273736128
1230.0,1249.0,1230.0,1248.0,3700.0,4568800.0,1246.2,1241.56,46.359921198527644,0.004811547714514752,0.002411575562700996,0.004035512510088823,8.89,0.672,0.0051870227777957205,0.005054388786156033,0.004007398273736128
1247.0,1247.0,1238.0,1244.0,1300.0,1615900.0,1247.2,1242.12,44.352765152951534,-0.003990422984836428,0.004811547714514752,0.002411575562700996,8.89,0.672,0.001513541364763557,0.004127548922876285,0.004007398273736128
1240.0,1250.0,1240.0,1250.0,800.0,998200.0,1248.4,1242.8,47.99023406657175,-0.0032051282051281937,-0.003990422984836428,0.004811547714514752,8.89,0.672,0.005793369810106248,0.004293014504814936,0.004007398273736128
1250.0,1260.0,1246.0,1260.0,2900.0,3626100.0,1251.0,1243.92,53.45151688769017,0.004823151125401992,-0.0032051282051281937,-0.003990422984836428,8.89,0.672,0.012926876326451803,0.005357586673709615,0.004007398273736128
1250.0,1258.0,1247.0,1248.0,1700.0,2127800.0,1250.0,1244.04,47.064874450602126,0.008000000000000007,0.004823151125401992,-0.0032051282051281937,8.89,0.672,0.0031831773897945696,0.007090944351815756,0.004007398273736128
1248.0,1250.0,1244.0,1244.0,2200.0,2747000.0,1249.2,1244.24,45.129194385349805,-0.00952380952380949,0.008000000000000007,0.004823151125401992,8.89,0.672,-0.00019288883173664977,0.007010275851518616,0.004007398273736128
1244.0,1244.0,1244.0,1244.0,300.0,373200.0,1249.2,1244.48,45.129194385349805,-0.0032051282051281937,-0.00952380952380949,0.008000000000000007,8.89,0.672,-0.00038570326562099687,0.006859970958443814,0.004007398273736128
1244.0,1250.0,1244.0,1245.0,600.0,747400.0,1248.2,1244.48,45.77579960322777,0.0,-0.0032051282051281937,-0.00952380952380949,8.89,0.672,0.00041784520442271614,0.006374573197886834,0.004007398273736128
1246.0,1246.0,1244.0,1246.0,600.0,747100.0,1245.4,1244.6,46.455314409887905,0.000803858520900258,0.0,-0.0032051282051281937,8.89,0.672,0.0011248593925760012,0.00440249792198844,0.004007398273736128
1244.0,1269.0,1241.0,1244.0,4400.0,5517400.0,1244.6,1244.56,45.234388881976955,0.0008032128514057213,0.000803858520900258,0.0,8.89,0.672,-0.00044995821816541225,0.0017384303101822985,0.004007398273736128
1244.0,1245.0,1244.0,1245.0,400.0,497800.0,1244.8,1244.52,45.99860021829425,-0.0016051364365970988,0.0008032128514057213,0.000803858520900258,8.89,0.672,0.0003856908687686965,0.0010469157426777034,0.004007398273736128
1244.0,1244.0,1244.0,1244.0,500.0,622000.0,1244.8,1243.96,45.3175847498878,0.000803858520900258,-0.0016051364365970988,0.0008032128514057213,8.89,0.672,3.215537477086371e-05,0.0011356870674581673,0.004007398273736128
1255.0,1255.0,1248.0,1248.0,900.0,1126800.0,1245.4,1244.16,48.595928959816355,-0.0008032128514056103,0.000803858520900258,-0.0016051364365970988,8.89,0.672,0.0030864197530863537,0.0018497526602512292,0.004007398273736128
1248.0,1275.0,1247.0,1275.0,3400.0,4280900.0,1251.2,1245.64,64.19850931760718,0.003215434083601254,-0.0008032128514056103,0.000803858520900258,8.89,0.672,0.0235702129026042,0.00967202411219102,0.004007398273736128
1273.0,1277.0,1256.0,1277.0,3300.0,4189000.0,1257.8,1247.24,65.04488002629657,0.02163461538461542,0.003215434083601254,-0.0008032128514056103,8.89,0.672,0.02386068439113562,0.009254072204486716,0.004007398273736128
1277.0,1277.0,1260.0,1260.0,800.0,1014900.0,1260.8,1248.2,53.47313686856428,0.0015686274509802978,0.02163461538461542,0.003215434083601254,8.89,0.672,0.009453613203012301,0.012534451219263196,0.004007398273736128
1279.0,1279.0,1268.0,1268.0,2500.0,3195400.0,1265.6,1249.6,57.32104906393686,-0.013312451057165275,0.0015686274509802978,0.02163461538461542,8.89,0.672,0.014724711907810573,0.012476850535844419,0.004007398273736128
1268.0,1275.0,1268.0,1275.0,500.0,636800.0,1271.0,1250.88,60.40662764343951,0.006349206349206327,-0.013312451057165275,0.0015686274509802978,8.89,0.672,0.019282425172678346,0.01248822470258777,0.004007398273736128
1275.0,1275.0,1270.0,1273.0,1000.0,1273200.0,1270.6,1252.32,59.092102324649865,0.005520504731861164,0.006349206349206327,-0.013312451057165275,8.89,0.672,0.016513351220135482,0.007945354481408332,0.004007398273736128
1273.0,1289.0,1273.0,1289.0,2800.0,3595600.0,1273.0,1254.28,65.55071508598326,-0.0015686274509804088,0.005520504731861164,0.006349206349206327,8.89,0.672,0.0276812195044169,0.009876421281018956,0.004007398273736128
1289.0,1289.0,1266.0,1274.0,1100.0,1409700.0,1275.8,1255.36,56.53848605153277,0.01256873527101332,-0.0015686274509804088,0.005520504731861164,8.89,0.672,0.014848330359418894,0.00923856879735845,0.004007398273736128
1274.0,1279.0,1262.0,1276.0,2500.0,3175500.0,1277.4,1256.84,57.379867632916856,-0.011636927851047307,0.01256873527101332,-0.0015686274509804088,8.89,0.672,0.015244581649215558,0.008950734223480125,0.004007398273736128
1276.0,1276.0,1270.0,1270.0,600.0,763200.0,1276.4,1257.88,54.00228322982057,0.0015698587127157548,-0.011636927851047307,0.01256873527101332,8.89,0.672,0.009635259325213764,0.008910465328114611,0.004007398273736128
1270.0,1275.0,1260.0,1260.0,2200.0,2792700.0,1273.8,1258.4,48.84199998351865,-0.00470219435736674,0.0015698587127157548,-0.011636927851047307,8.89,0.672,0.00127145581691029,0.009482445900508073,0.004007398273736128
1259.0,1271.0,1259.0,1271.0,700.0,883800.0,1270.2,1259.12,54.044114685485184,-0.007874015748031482,-0.00470219435736674,0.0015698587127157548,8.89,0.672,0.00943516106487079,0.008054408558854748,0.004007398273736128
1261.0,1264.0,1261.0,1261.0,1200.0,1514000.0,1267.6,1259.64,49.15094541020488,0.0087301587301587,-0.007874015748031482,-0.00470219435736674,8.89,0.672,0.0010796735575242925,0.007143411015508715,0.004007398273736128
1257.0,1273.0,1257.0,1273.0,1000.0,1263300.0,1267.0,1260.8,54.47736258461536,-0.007867820613689958,0.0087301587301587,-0.007874015748031482,8.89,0.672,0.00967639593908633,0.008829245043942854,0.004007398273736128
1270.0,1270.0,1270.0,1270.0,100.0,127000.0,1267.0,1261.6,52.983142061398475,0.009516256938937317,-0.007867820613689958,0.0087301587301587,8.89,0.672,0.00665821179454668,0.008605621817680178,0.004007398273736128
1260.0,1261.0,1256.0,1256.0,700.0,880100.0,1266.2,1261.44,46.5644756605887,-0.00235663786331497,0.009516256938937317,-0.007867820613689958,8.89,0.672,-0.004312531709792027,0.009406771569853438,0.004007398273736128
1256.0,1260.0,1252.0,1255.0,1200.0,1507400.0,1263.0,1261.72,46.13455327180764,-0.011023622047244053,-0.00235663786331497,0.009516256938937317,8.89,0.672,-0.005326062834860371,0.0078863721996213,0.004007398273736128
1253.0,1259.0,1253.0,1254.0,1400.0,1756100.0,1261.6,1262.12,45.680350835587966,-0.0007961783439490722,-0.011023622047244053,-0.00235663786331497,8.89,0.672,-0.006433619624124403,0.007296337863191384,0.004007398273736128
1250.0,1259.0,1250.0,1253.0,1600.0,2001400.0,1257.6,1262.48,45.201106608240416,-0.0007968127490040056,-0.0007961783439490722,-0.011023622047244053,8.89,0.672,-0.007509029846017377,0.004450722657352177,0.004007398273736128
1251.0,1255.0,1247.0,1247.0,15200.0,19051700.0,1253.0,1262.56,42.3314709940284,-0.0007974481658692412,-0.0007968127490040056,-0.0007961783439490722,8.89,0.672,-0.012324166772272166,0.004474597165319685,0.004007398273736128
1249.0,1251.0,1245.0,1246.0,1600.0,1995000.0,1251.0,1262.56,41.854542013160234,-0.004788507581803714,-0.0007974481658692412,-0.0007968127490040056,8.89,0.672,-0.013116208338613568,0.001784569989801561,0.004007398273736128
1255.0,1257.0,1255.0,1256.0,600.0,753500.0,1251.2,1263.04,48.14607750336121,-0.000801924619085792,-0.004788507581803714,-0.0007974481658692412,8.89,0.672,-0.00557385355966554,0.004720006463713039,0.004007398273736128
1257.0,1258.0,1257.0,1258.0,900.0,1131500.0,1252.0,1263.56,49.32702857856014,0.008025682182985605,-0.000801924619085792,-0.004788507581803714,8.89,0.672,-0.004400265915350237,0.004718824034237068,0.004007398273736128
1257.0,1257.0,1248.0,1248.0,400.0,500400.0,1251.0,1263.72,43.938720867621335,0.0015923566878981443,0.008025682182985605,-0.000801924619085792,8.89,0.672,-0.012439464438324967,0.006136631769254623,0.004007398273736128
1260.0,1260.0,1250.0,1259.0,1300.0,1636800.0,1253.4,1264.16,50.36202988864714,-0.007949125596184436,0.0015923566878981443,0.008025682182985605,8.89,0.672,-0.0040817618023035705,0.006886990520757784,0.004007398273736128
1259.0,1259.0,1230.0,1256.0,2100.0,2617800.0,1255.4,1263.4,48.72242953782496,0.008814102564102644,-0.007949125596184436,0.0015923566878981443,8.89,0.672,-0.0058572107012823255,0.00707777438629337,0.004007398273736128
1255.0,1255.0,1235.0,1240.0,1400.0,1741500.0,1252.2,1261.92,41.04704586339716,-0.002382843526608447,0.008814102564102644,-0.007949125596184436,8.89,0.672,-0.01737035628249023,0.008356011511035195,0.004007398273736128
1235.0,1235.0,1230.0,1231.0,700.0,861800.0,1246.8,1260.76,37.47122120271447,-0.01273885350318471,-0.002382843526608447,0.008814102564102644,8.89,0.672,-0.023604809797265133,0.008199628696396092,0.004007398273736128
1231.0,1253.0,1230.0,1253.0,1400.0,1733500.0,1247.8,1260.16,49.13585069493188,-0.007258064516128981,-0.01273885350318471,-0.002382843526608447,8.89,0.672,-0.005681818181818246,0.012389630408018298,0.004007398273736128
1253.0,1254.0,1248.0,1248.0,1500.0,1878600.0,1245.6,1259.08,46.99033568963015,0.017871649065800188,-0.007258064516128981,-0.01273885350318471,8.89,0.672,-0.008800076246147924,0.011635185078968378,0.004007398273736128
1245.0,1258.0,1244.0,1250.0,2200.0,2749800.0,1244.4,1258.16,47.96901365481979,-0.003990422984836428,0.017871649065800188,-0.007258064516128981,8.89,0.672,-0.006485661601068291,0.01171293891552546,0.004007398273736128
1250.0,1250.0,1243.0,1243.0,300.0,373600.0,1245.0,1256.32,44.84810148166507,0.0016025641025640969,-0.003990422984836428,0.017871649065800188,8.89,0.672,-0.010602394294447225,0.010253635222398735,0.004007398273736128
1244.0,1245.0,1244.0,1245.0,300.0,373400.0,1247.8,1255.16,45.930506260223304,-0.005600000000000049,0.0016025641025640969,-0.003990422984836428,8.89,0.672,-0.008094585550846172,0.009292733034041309,0.004007398273736128
1242.0,1255.0,1242.0,1255.0,1300.0,1623700.0,1248.2,1254.32,51.098329134883535,0.0016090104585679832,-0.005600000000000049,0.0016025641025640969,8.89,0.672,0.0005421264111232091,0.0053946506701409965,0.004007398273736128
1246.0,1250.0,1242.0,1250.0,1300.0,1619000.0,1248.6,1253.52,48.597281407736176,0.008032128514056325,0.0016090104585679832,-0.005600000000000049,8.89,0.672,-0.0028080924117684456,0.00539337784250428,0.004007398273736128
1246.0,1250.0,1245.0,1250.0,500.0,623500.0,1248.6,1253.12,48.597281407736176,-0.003984063745019917,0.008032128514056325,0.0016090104585679832,8.89,0.672,-0.002489785495403386,0.0053464033595063834,0.004007398273736128
1250.0,1258.0,1250.0,1252.0,700.0,877400.0,1250.4,1252.36,49.73852889393332,0.0,-0.003984063745019917,0.008032128514056325,8.89,0.672,-0.00028745728065404517,0.00433023494959175,0.004007398273736128
1242.0,1242.0,1236.0,1236.0,500.0,619900.0,1248.6,1251.36,41.7521909158584,0.0016000000000000458,0.0,-0.003984063745019917,8.89,0.672,-0.012274645186037512,0.007682662232851908,0.004007398273736128
1236.0,1240.0,1236.0,1240.0,5600.0,6943100.0,1245.6,1250.04,44.16586822971202,-0.012779552715655007,0.0016000000000000458,0.0,8.89,0.672,-0.008031742984224476,0.006398644113764689,0.004007398273736128
1241.0,1248.0,1240.0,1240.0,1300.0,1620200.0,1243.6,1248.84,44.16586822971202,0.003236245954692629,-0.012779552715655007,0.0016000000000000458,8.89,0.672,-0.007078568911950225,0.006397871345840838,0.004007398273736128
1240.0,1241.0,1240.0,1240.0,300.0,372100.0,1241.6,1248.2,44.16586822971202,0.0,0.003236245954692629,-0.012779552715655007,8.89,0.672,-0.006569460022432339,0.006397871345840838,0.004007398273736128
1240.0,1242.0,1239.0,1239.0,700.0,867800.0,1239.0,1247.56,43.60171478737414,0.0,0.0,0.003236245954692629,8.89,0.672,-0.0068613934399948265,0.006185004446561633,0.004007398273736128
1240.0,1245.0,1240.0,1245.0,900.0,1118200.0,1240.8,1247.2,47.90172738362311,-0.0008064516129032695,0.0,0.0,8.89,0.672,-0.0017639512508018324,0.002449335862870664,0.004007398273736128
1245.0,1249.0,1245.0,1249.0,2200.0,2740700.0,1242.6,1247.04,50.60553353269418,0.004842615012106588,-0.0008064516129032695,0.0,8.89,0.672,0.0015717218373107811,0.0024450999665623727,0.004007398273736128
1249.0,1251.0,1249.0,1249.0,800.0,999700.0,1244.4,1247.12,50.60553353269418,0.003212851405622441,0.004842615012106588,-0.0008064516129032695,8.89,0.672,0.0015074732182950392,0.0024450999665623727,0.004007398273736128
1254.0,1254.0,1247.0,1247.0,600.0,749800.0,1245.8,1247.16,49.12706390347629,0.0,0.003212851405622441,0.004842615012106588,8.89,0.672,-0.00012829147823862364,0.0027662438461085567,0.004007398273736128
1246.0,1254.0,1242.0,1254.0,900.0,1122000.0,1248.8,1247.08,54.17348993637261,-0.0016012810248198228,0.0,0.003212851405622441,8.89,0.672,0.005548962376110653,0.0031113837062392478,0.004007398273736128
1249.0,1249.0,1243.0,1247.0,1500.0,1872500.0,1249.2,1246.64,48.944849366918774,0.005613472333600544,-0.0016012810248198228,0.0,8.89,0.672,0.0002887762305075242,0.0043306470148494714,0.004007398273736128
1247.0,1247.0,1247.0,1247.0,700.0,872900.0,1248.8,1246.6,48.944849366918774,-0.005582137161084577,0.005613472333600544,-0.0016012810248198228,8.89,0.672,0.00032087277394520376,0.004023135650518144,0.004007398273736128
1247.0,1273.0,1241.0,1242.0,9500.0,11927200.0,1247.4,1245.92,45.32121129706399,0.0,-0.005582137161084577,0.005613472333600544,3.58,0.688,-0.003146269423398029,0.00433261431714763,0.0
1231.0,1232.0,1230.0,1231.0,1700.0,2092700.0,1244.2,1244.92,38.55791090406936,-0.004009623095429071,0.0,-0.005582137161084577,3.58,0.688,-0.011181441377759272,0.005573193416705712,0.0
1228.0,1230.0,1225.0,1230.0,800.0,982400.0,1239.4,1244.52,38.00269290225831,-0.008856682769726287,-0.004009623095429071,0.0,3.58,0.688,-0.011667148780252613,0.003610486786230471,0.0
1230.0,1237.0,1229.0,1236.0,1200.0,1477500.0,1237.2,1244.72,43.28010930222639,-0.0008123476848090894,-0.008856682769726287,-0.004009623095429071,3.58,0.688,-0.007005591618998672,0.005086330869474975,0.0
1326.0,1343.7,1325.3,1339.7,341100.0,455734700.0,1315.48,1319.912,44.324494158349744,-0.003999094544631321,0.01969685311995062,0.0054150228204532525,256.76,0.81,0.014991908551479197,0.009384177988448478,0.13605084654187521
1362.7,1362.7,1342.0,1357.7,448200.0,607922200.0,1328.48,1322.448,47.868821181351805,0.014924242424242395,-0.003999094544631321,0.01969685311995062,256.76,0.81,0.02665662468391948,0.009314279855698913,0.13605084654187521
1363.3,1378.3,1352.3,1374.7,519900.0,711325700.0,1343.48,1326.6760000000002,51.03898103422635,0.013435843845637008,0.014924242424242395,-0.003999094544631321,256.76,0.81,0.036198740310369584,0.008996616295683322,0.13605084654187521
1383.3,1383.3,1369.3,1369.3,517800.0,712634400.0,1352.28,1330.42,49.998884960093896,0.01252117551741927,0.013435843845637008,0.014924242424242395,256.76,0.81,0.02922385412125485,0.009672951872568102,0.13605084654187521
1374.7,1374.7,1353.3,1360.0,541200.0,738810200.0,1360.28,1331.0480000000002,48.1779531656524,-0.003928129773768885,0.01252117551741927,0.013435843845637008,256.76,0.81,0.021751281696828186,0.01048394116271958,0.13605084654187521
1365.3,1384.3,1361.0,1371.7,675900.0,927669800.0,1366.6799999999998,1332.664,50.61474407143579,-0.0067917914262761725,-0.003928129773768885,0.01252117551741927,256.76,0.81,0.029291704435626727,0.009476305612212157,0.13605084654187521
1341.7,1354.7,1336.3,1342.0,466200.0,625963800.0,1363.5400000000002,1332.396,44.84951315666014,0.008602941176470535,-0.0067917914262761725,-0.003928129773768885,256.76,0.81,0.00720806727129175,0.013563316160353873,0.13605084654187521
1341.0,1346.3,1327.3,1340.7,314100.0,420434300.0,1356.74,1332.156,44.60999226713399,-0.02165196471531683,0.008602941176470535,-0.0067917914262761725,256.76,0.81,0.00641366326466277,0.010987776688036271,0.13605084654187521
1340.7,1341.3,1316.7,1329.3,327300.0,434955200.0,1348.7400000000002,1329.608,42.46811383371993,-0.0009687034277198192,-0.02165196471531683,0.008602941176470535,256.76,0.81,-0.0002316472223392103,0.01107182643040255,0.13605084654187521
1324.7,1343.7,1321.0,1325.3,360900.0,479424400.0,1341.8,1328.9920000000002,41.711356211143894,-0.00850302081002463,-0.0009687034277198192,-0.02165196471531683,256.76,0.81,-0.0027780453155475987,0.011121577775036178,0.13605084654187521
1320.7,1331.7,1314.3,1331.7,417600.0,554165300.0,1333.8,1328.02,43.447750629387606,-0.0030091025351688394,-0.00850302081002463,-0.0009687034277198192,256.76,0.81,0.0027710426047800963,0.010033454822088379,0.13605084654187521
1345.0,1360.0,1340.0,1353.3,432900.0,585267000.0,1336.06,1328.632,48.97266760209509,0.004829095299177633,-0.0030091025351688394,-0.00850302081002463,256.76,0.81,0.018566465356848166,0.009407658752423408,0.13605084654187521
1336.7,1375.3,1333.3,1374.3,433800.0,590838900.0,1342.78,1331.336,53.70781773736759,0.01621986933994135,0.004829095299177633,-0.0030091025351688394,256.76,0.81,0.03227134247102155,0.010988764528663281,0.13605084654187521
1386.3,1408.3,1379.3,1384.0,632400.0,879037500.0,1353.72,1333.5480000000002,55.75039012948936,0.015517623586787765,0.01621986933994135,0.004829095299177633,256.76,0.81,0.037832908901666656,0.008002299601741371,0.13605084654187521
1392.7,1401.3,1385.7,1395.0,473700.0,659717700.0,1367.66,1337.2680000000003,58.0129041246125,0.00705813868878713,0.015517623586787765,0.01621986933994135,256.76,0.81,0.0431716006066097,0.0052019195374695204,0.13605084654187521
1393.3,1396.7,1367.0,1371.7,660000.0,910034900.0,1375.66,1339.844,51.95331707535121,0.007947976878612817,0.00705813868878713,0.015517623586787765,256.76,0.81,0.0237759022692194,0.01337300204460611,0.13605084654187521
1360.0,1379.3,1347.3,1373.7,461700.0,631463300.0,1379.7400000000002,1342.2319999999997,52.412797857272984,-0.01670250896057346,0.007947976878612817,0.00705813868878713,256.76,0.81,0.023444531198779577,0.01212634272427813,0.13605084654187521
1373.7,1386.3,1369.3,1378.3,529500.0,729516900.0,1380.54,1344.7120000000002,53.513929634890125,0.0014580447619740866,-0.01670250896057346,0.007947976878612817,256.76,0.81,0.024977839120941682,0.010041985105403,0.13605084654187521
1371.0,1400.0,1367.0,1399.0,470100.0,652609700.0,1383.54,1347.2720000000002,58.20110422584242,0.003348620513940359,0.0014580447619740866,-0.01670250896057346,256.76,0.81,0.03839462261518077,0.011795410985243605,0.13605084654187521
1379.0,1383.3,1364.3,1366.7,464100.0,636291700.0,1377.8799999999999,1350.02,49.76853338167055,0.015018501052020738,0.003348620513940359,0.0014580447619740866,256.76,0.81,0.012355372512999854,0.015582025210530316,0.13605084654187521
1367.7,1373.7,1333.3,1346.7,420900.0,567998300.0,1372.88,1352.9,45.38381291983116,-0.023087919942816226,0.015018501052020738,0.003348620513940359,256.76,0.81,-0.004582748170596529,0.015182532045690662,0.13605084654187521
1350.7,1372.3,1337.7,1364.0,325500.0,443435000.0,1370.94,1355.7520000000002,49.526228058301164,-0.014633789419770227,-0.023087919942816226,0.015018501052020738,256.76,0.81,0.006083708524862821,0.016885807481973252,0.13605084654187521
1348.7,1362.3,1330.3,1343.7,625800.0,840752600.0,1364.02,1357.5120000000002,45.19457952424958,0.012846216677804945,-0.014633789419770227,-0.023087919942816226,256.76,0.81,-0.010174495695065771,0.017584543972876003,0.13605084654187521
1359.0,1376.7,1354.7,1371.0,375900.0,514793200.0,1358.42,1359.34,51.356222668859644,-0.014882697947214085,0.012846216677804945,-0.014633789419770227,256.76,0.81,0.008577692115291306,0.019176222441208823,0.13605084654187521
1372.7,1377.7,1366.7,1367.3,308400.0,422629900.0,1358.54,1361.2320000000002,50.52709554467369,0.02031703505246707,-0.014882697947214085,0.012846216677804945,256.76,0.81,0.004457726530084332,0.015973049571685244,0.13605084654187521
1360.3,1377.3,1354.0,1371.3,342300.0,468035600.0,1363.4599999999998,1362.496,51.43984393189187,-0.002698760029175795,0.02031703505246707,-0.014882697947214085,256.76,0.81,0.006461670346188069,0.013662355278305192,0.13605084654187521
1352.0,1356.7,1332.7,1338.0,482700.0,646689200.0,1358.2599999999998,1361.7079999999999,44.138970904075,0.0029254735610326765,-0.002698760029175795,0.02031703505246707,256.76,0.81,-0.01741048741727291,0.017105910191369485,0.13605084654187521
1333.0,1353.0,1323.3,1350.7,966000.0,1295922400.0,1359.66,1360.7479999999998,47.215933182030376,-0.024283526580616943,0.0029254735610326765,-0.002698760029175795,256.76,0.81,-0.007384173998418352,0.016596611397180834,0.13605084654187521
1356.7,1357.7,1342.3,1356.7,527100.0,712358400.0,1356.8,1360.244,48.654879621927016,0.009491778774290083,-0.024283526580616943,0.0029254735610326765,256.76,0.81,-0.002605414910854133,0.013180129487284462,0.13605084654187521
1341.7,1353.3,1327.0,1334.3,429000.0,572847100.0,1350.2,1359.2160000000001,43.848899895678244,0.004442141112015907,0.009491778774290083,-0.024283526580616943,256.76,0.81,-0.01833115560735024,0.01471479999176588,0.13605084654187521
1341.0,1348.3,1328.3,1333.3,426300.0,568838100.0,1342.6,1357.68,43.64165045669331,-0.01651065084395964,0.004442141112015907,0.009491778774290083,256.76,0.81,-0.0179571032938543,0.014319742999250543,0.13605084654187521
1333.0,1333.0,1300.0,1300.3,661500.0,864881500.0,1335.06,1356.0120000000002,37.365367153573374,-0.0007494566439331107,-0.01651065084395964,0.004442141112015907,256.76,0.81,-0.04108518213703139,0.01447343667404505,0.13605084654187521
1307.3,1313.3,1297.3,1304.3,486900.0,635597000.0,1325.78,1354.556,38.519535728870146,-0.024750618765469135,-0.0007494566439331107,-0.01651065084395964,256.76,0.81,-0.03710145612289199,0.013009682608937504,0.13605084654187521
1295.3,1323.3,1295.3,1315.0,322800.0,423955400.0,1317.44,1353.984,41.61864812063948,0.003076213181573584,-0.024750618765469135,-0.0007494566439331107,256.76,0.81,-0.028792068443940198,0.013907207863996397,0.13605084654187521
1318.7,1320.0,1303.3,1312.0,405900.0,531671000.0,1312.98,1353.4520000000002,40.994697763787435,0.008203634133251647,0.003076213181573584,-0.024750618765469135,327.81,0.808,-0.03062687114134836,0.012655647144747921,0.12830710257638864
1304.0,1304.0,1272.3,1283.0,460500.0,590997500.0,1302.92,1351.504,35.460349259941,-0.0022813688212928174,0.008203634133251647,0.003076213181573584,327.81,0.808,-0.050687234370005496,0.014970971023273681,0.12830710257638864
1290.0,1293.0,1276.3,1279.7,350100.0,449028300.0,1298.8,1348.56,34.883242335619514,-0.022103658536585358,-0.0022813688212928174,0.008203634133251647,327.81,0.808,-0.051061873405706754,0.011489118169032966,0.12830710257638864
1298.0,1303.3,1267.7,1267.7,324300.0,414966300.0,1291.48,1344.296,32.79322723340914,-0.0025720966484801266,-0.022103658536585358,-0.0022813688212928174,327.81,0.808,-0.05697852258728733,0.011150744136665128,0.12830710257638864
1273.3,1274.0,1242.7,1255.3,435300.0,545748800.0,1279.54,1339.1480000000001,30.743433900150293,-0.009377197780729873,-0.0025720966484801266,-0.022103658536585358,327.81,0.808,-0.06261294494708589,0.008041576580008855,0.12830710257638864
1253.0,1274.0,1253.0,1267.7,407700.0,515426600.0,1270.6799999999998,1334.056,35.11139760971885,-0.009781494044332373,-0.009377197780729873,-0.0025720966484801266,327.81,0.808,-0.04974004089783337,0.01168083456532798,0.12830710257638864
1276.7,1287.7,1276.7,1285.0,456600.0,586110300.0,1271.08,1330.588,40.72803626321964,0.009878116784832303,-0.009781494044332373,-0.009377197780729873,327.81,0.808,-0.034261544520167,0.010878794665416122,0.12830710257638864
1277.7,1288.0,1270.7,1270.7,320400.0,409512200.0,1269.2800000000002,1326.4679999999998,37.814371582790976,0.013646761852173173,0.009878116784832303,-0.009781494044332373,327.81,0.808,-0.042042476712593,0.01206354670728936,0.12830710257638864
1270.0,1273.3,1242.3,1243.0,390000.0,488425500.0,1264.3400000000001,1321.056,32.90391290580281,-0.011128404669260683,0.013646761852173173,0.009878116784832303,327.81,0.808,-0.05908606448174796,0.015040958203605754,0.12830710257638864
1240.0,1255.3,1228.7,1253.3,537900.0,669851000.0,1263.94,1315.2279999999998,36.22047833873039,-0.0217990084205556,-0.011128404669260683,0.013646761852173173,327.81,0.808,-0.04708537227005499,0.015421290464205888,0.12830710257638864
1240.0,1260.0,1233.0,1250.3,353400.0,442145300.0,1260.4599999999998,1310.572,35.66746910443351,0.008286403861625047,-0.0217990084205556,-0.011128404669260683,327.81,0.808,-0.04598907957746689,0.014351124871239542,0.12830710257638864
1261.0,1267.0,1251.0,1266.0,224700.0,283617600.0,1256.6599999999999,1307.344,40.76456565541431,-0.002393680682996835,0.008286403861625047,-0.0217990084205556,327.81,0.808,-0.031624423258147856,0.014046258221138763,0.12830710257638864
1266.7,1266.7,1252.3,1252.3,225000.0,282787500.0,1252.98,1302.876,37.93973683656781,0.012556986323282393,-0.002393680682996835,0.008286403861625047,327.81,0.808,-0.038818736395482015,0.01400188544373506,0.12830710257638864
1252.3,1263.0,1239.0,1241.7,285000.0,355627200.0,1252.7199999999998,1298.7959999999998,35.86866794231874,-0.010821484992101116,0.012556986323282393,-0.002393680682996835,327.81,0.808,-0.0439607143847069,0.010255282675801834,0.12830710257638864
1233.0,1241.7,1230.0,1240.0,357600.0,442619300.0,1250.06,1293.556,35.53365021034085,-0.008464425457158753,-0.010821484992101116,0.012556986323282393,327.81,0.808,-0.04140215035143437,0.009110679486352056,0.12830710257638864
1238.0,1251.3,1238.0,1247.3,450600.0,561568400.0,1249.46,1288.7559999999999,38.20284135285547,-0.0013690907626641158,-0.008464425457158753,-0.010821484992101116,327.81,0.808,-0.03216745450651629,0.009772200717347919,0.12830710257638864
1252.3,1271.0,1252.3,1256.7,370800.0,466976900.0,1247.6,1284.172,41.55835276359358,0.005887096774193523,-0.0013690907626641158,-0.008464425457158753,327.81,0.808,-0.02139277293072889,0.008240442374284668,0.12830710257638864
1250.0,1270.0,1245.3,1264.0,449400.0,567021100.0,1249.94,1281.212,44.097014877080554,0.007536278361260473,0.005887096774193523,-0.0013690907626641158,327.81,0.808,-0.013434154534924735,0.006727741339163272,0.12830710257638864
1250.0,1260.0,1245.3,1260.0,450600.0,565593300.0,1253.6,1277.5839999999998,42.994913989027495,0.005808864486353205,0.007536278361260473,0.005887096774193523,327.81,0.808,-0.013763478565792806,0.004844466330738866,0.12830710257638864
1258.7,1258.7,1238.3,1240.3,306000.0,380283700.0,1253.66,1272.928,37.96268903606542,-0.0031645569620253333,0.005808864486353205,0.007536278361260473,327.81,0.808,-0.025632243143367223,0.009741971233021536,0.12830710257638864
1253.3,1265.0,1253.0,1261.7,330600.0,416524500.0,1256.54,1270.024,45.43400755188878,-0.015634920634920668,-0.0031645569620253333,0.005808864486353205,327.81,0.808,-0.006554206849634214,0.012398128760932823,0.12830710257638864
1253.3,1262.3,1252.7,1262.3,279600.0,351979300.0,1257.66,1267.184,45.63171003342962,0.017253890187857834,-0.015634920634920668,-0.0031645569620253333,327.81,0.808,-0.0038542153310016656,0.012058603253742252,0.12830710257638864
1258.3,1265.3,1252.3,1257.0,293400.0,368947300.0,1256.26,1265.452,44.11133893613251,0.0004755488626455584,0.017253890187857834,-0.015634920634920668,327.81,0.808,-0.006679036423349126,0.011879237171982481,0.12830710257638864
1250.3,1259.7,1248.7,1255.7,273000.0,342547300.0,1255.4,1263.508,43.726499351734795,-0.004198684940188491,0.0004755488626455584,0.017253890187857834,327.81,0.808,-0.0061796205485046335,0.011822671857816817,0.12830710257638864
1256.0,1256.7,1226.7,1227.0,359700.0,443908400.0,1252.74,1259.988,36.21479114560401,-0.0010342084327764622,-0.004198684940188491,0.0004755488626455584,327.81,0.808,-0.026181201725730765,0.01429637410658065,0.12830710257638864
1216.7,1231.7,1214.3,1226.7,471600.0,575343000.0,1245.7400000000002,1256.576,36.14489310762926,-0.022855777653898235,-0.0010342084327764622,-0.004198684940188491,327.81,0.808,-0.023775720688601388,0.00982549784922166,0.12830710257638864
1228.3,1240.7,1222.3,1239.0,536400.0,661600200.0,1241.08,1254.816,41.15936170324271,-0.00024449877750609694,-0.022855777653898235,-0.0010342084327764622,327.81,0.808,-0.012604238390329762,0.011986030977841547,0.12830710257638864
1241.7,1246.3,1234.7,1239.3,402900.0,499371400.0,1237.54,1253.2,41.280480792666864,0.01002690144289553,-0.00024449877750609694,-0.022855777653898235,327.81,0.808,-0.01109160548994581,0.012100239286811828,0.12830710257638864
1242.0,1253.3,1240.3,1250.7,249300.0,311484300.0,1236.5400000000002,1252.52,45.842548449700075,0.0002421307506053072,0.01002690144289553,-0.00024449877750609694,327.81,0.808,-0.0014530706096508928,0.013276121008760872,0.12830710257638864
1241.7,1246.3,1237.0,1244.7,258300.0,320885100.0,1240.0800000000002,1252.096,43.90896246973104,0.009198741224885065,0.0002421307506053072,0.01002690144289553,327.81,0.808,-0.00590689531793086,0.00645496989803903,0.12830710257638864
1248.7,1253.3,1234.7,1236.7,491400.0,608627100.0,1242.0800000000002,1250.856,41.40150114086552,-0.0047973135044374615,0.009198741224885065,0.0002421307506053072,327.81,0.808,-0.011317050084102366,0.007680297885389389,0.12830710257638864
1245.7,1250.0,1226.0,1240.7,472500.0,585811100.0,1242.4199999999998,1249.0839999999998,43.149612854396764,-0.006427251546557433,-0.0047973135044374615,0.009198741224885065,327.81,0.808,-0.006712118640539618,0.006305548417672196,0.12830710257638864
1240.0,1245.3,1236.3,1245.3,326700.0,405855700.0,1243.6200000000001,1248.068,45.17516104710365,0.0032344141667339787,-0.006427251546557433,-0.0047973135044374615,327.81,0.808,-0.0022178278747632574,0.0064868035627603385,0.12830710257638864
1236.7,1237.3,1227.7,1233.7,443400.0,546452800.0,1240.2199999999998,1247.696,41.189666070810894,0.0037075844281453385,0.0032344141667339787,-0.006427251546557433,327.81,0.808,-0.011217476051858681,0.00588052255258138,0.12830710257638864
1235.3,1248.3,1233.3,1245.3,472800.0,587776900.0,1240.34,1247.376,46.29240066622358,-0.009315024492090207,0.0037075844281453385,0.0032344141667339787,327.81,0.808,-0.0016642936853042082,0.007756019848837526,0.12830710257638864
1250.0,1250.7,1234.3,1243.7,435000.0,539889900.0,1241.74,1247.112,45.70336152306572,0.00940261003485432,-0.009315024492090207,0.0037075844281453385,327.81,0.808,-0.00273592107204488,0.006972028522110499,0.12830710257638864
1250.0,1251.7,1240.0,1244.0,348900.0,433894000.0,1242.4,1246.232,45.8425101530606,-0.0012848309644262201,0.00940261003485432,-0.009315024492090207,327.81,0.808,-0.0017909987867427341,0.006876039993907739,0.12830710257638864
1246.0,1259.3,1245.7,1254.3,606000.0,759734000.0,1244.2,1246.3120000000001,50.53008099697762,0.00024121572726532037,-0.0012848309644262201,0.00940261003485432,327.81,0.808,0.00640931002830738,0.007660197745818981,0.12830710257638864
1255.3,1277.7,1252.3,1270.0,471600.0,598805000.0,1251.46,1247.444,56.68440942101993,0.008279742765273213,0.00024121572726532037,-0.0012848309644262201,327.81,0.808,0.01808177361067915,0.006027754442969197,0.12830710257638864
1270.7,1270.7,1261.7,1267.3,333300.0,422068400.0,1255.8600000000001,1248.536,55.40779676505466,0.012516941720481567,0.008279742765273213,0.00024121572726532037,327.81,0.808,0.015028801732589124,0.0065060343119142435,0.12830710257638864
1091.7,1142.3,1082.7,1100.0,679500.0,755937700.0,1107.8,1208.5,36.51778104537248,0.08642341540591336,-0.11156988491610298,-0.04400772654740914,81.75,0.795,-0.08978071990070335,0.07209835679459518,0.12273373622467117
1099.0,1101.3,1059.0,1069.7,828600.0,889616700.0,1083.6,1200.4879999999998,33.55680367486114,0.001183216528624742,0.08642341540591336,-0.11156988491610298,81.75,0.795,-0.10894569541719684,0.07209195547753135,0.12273373622467117
1100.0,1101.3,1053.0,1071.3,796800.0,856545500.0,1070.2,1192.6480000000001,33.86176540561328,-0.02754545454545454,0.001183216528624742,0.08642341540591336,81.75,0.795,-0.10174670145759702,0.07102636134012419,0.12273373622467117
1075.7,1113.0,1074.7,1111.3,752700.0,828267800.0,1090.2,1187.18,41.135731475161315,0.0014957464709730584,-0.02754545454545454,0.001183216528624742,81.75,0.795,-0.06391617109452662,0.04378776818326175,0.12273373622467117
1104.3,1109.7,1092.7,1099.7,440400.0,484059600.0,1090.4,1182.4080000000001,39.769721400046826,0.03733781387099788,0.0014957464709730584,-0.02754545454545454,81.75,0.795,-0.069948782484557,0.023794072395897804,0.12273373622467117
1101.0,1108.7,1097.3,1105.0,309900.0,341796400.0,1091.4,1177.46,40.738028984778104,-0.010438225501664622,0.03733781387099788,0.0014957464709730584,81.75,0.795,-0.061539245494539124,0.023879161405696417,0.12273373622467117
1122.3,1123.0,1106.7,1117.7,703200.0,784404300.0,1101.0,1172.2079999999999,43.09868808641741,0.004819496226243558,-0.010438225501664622,0.03733781387099788,81.75,0.795,-0.04650027981382128,0.017754336091469838,0.12273373622467117
1126.0,1132.3,1117.0,1121.7,369000.0,415241100.0,1111.0800000000002,1166.528,43.857251354505536,0.011493212669683395,0.004819496226243558,-0.010438225501664622,81.75,0.795,-0.038428567509738276,0.017559307264780964,0.12273373622467117
1130.0,1140.0,1127.3,1135.3,250800.0,284574200.0,1115.8799999999999,1161.152,46.47018781780009,0.0035787778473650445,0.011493212669683395,0.004819496226243558,81.75,0.795,-0.02226409634569814,0.009096269962419745,0.12273373622467117
1126.7,1140.0,1126.7,1136.0,186900.0,212091900.0,1123.14,1156.312,46.60792645475139,0.012124453953820113,0.0035787778473650445,0.011493212669683395,81.75,0.795,-0.01756619320736955,0.005062989222723775,0.12273373622467117
1136.0,1140.3,1127.0,1139.3,181500.0,206001000.0,1130.0,1151.392,47.29642138979249,0.0006165771161807942,0.012124453953820113,0.0035787778473650445,81.75,0.795,-0.010502070537228066,0.005291603029111378,0.12273373622467117
1138.7,1147.0,1138.0,1144.0,189600.0,216633400.0,1135.2599999999998,1146.832,48.31860010282896,0.0029049295774647987,0.0006165771161807942,0.012124453953820113,81.75,0.795,-0.002469411387195428,0.004376128842653796,0.12273373622467117
1143.7,1146.7,1137.3,1142.0,209100.0,238687600.0,1139.32,1143.044,47.89292824417548,0.004125340121126975,0.0029049295774647987,0.0006165771161807942,81.75,0.795,-0.0009133506671660026,0.005266163759342739,0.12273373622467117
1146.7,1156.3,1140.0,1151.7,198900.0,228772400.0,1142.6,1140.8319999999999,50.1850955818657,-0.0017482517482517723,0.004125340121126975,0.0029049295774647987,81.75,0.795,0.009526380746683268,0.0038604021954630916,0.12273373622467117
1152.0,1155.0,1147.0,1154.3,230100.0,264999800.0,1146.2599999999998,1138.6960000000001,50.809714724822314,0.00849387040280214,-0.0017482517482517723,0.004125340121126975,81.75,0.795,0.013703394057764155,0.003685837828592668,0.12273373622467117
1151.7,1163.3,1147.0,1158.7,553500.0,639811300.0,1150.14,1137.192,51.908686749810535,0.00225753234349213,0.00849387040280214,-0.0017482517482517723,81.75,0.795,0.01891325299509673,0.0036895886429525173,0.12273373622467117
1162.7,1170.7,1158.3,1164.3,408900.0,476000300.0,1154.2,1136.1760000000002,53.337563411299136,0.003811834011955284,0.00225753234349213,0.00849387040280214,81.75,0.795,0.02475320724958087,0.003738193746757595,0.12273373622467117
1170.3,1173.3,1160.7,1168.3,299400.0,349292200.0,1159.46,1134.9360000000001,54.38021213322557,0.0048330025028047174,0.003811834011955284,0.00225753234349213,81.75,0.795,0.029397252356079814,0.0023809233063865815,0.12273373622467117
1168.7,1171.3,1154.3,1162.3,305100.0,354639200.0,1161.5800000000002,1132.92,52.48574148109093,0.003435540668212722,0.0048330025028047174,0.003811834011955284,81.75,0.795,0.025932987324788933,0.004007062784513316,0.12273373622467117
1117.0,1138.7,1117.0,1130.0,351600.0,396687400.0,1156.72,1129.8519999999999,43.666498498985206,-0.005135667208764905,0.003435540668212722,0.0048330025028047174,81.75,0.795,0.00013099060761952738,0.013797028678096747,0.12273373622467117
1125.7,1153.7,1121.7,1141.3,292200.0,332668400.0,1153.2399999999998,1126.5159999999998,47.02046498025502,-0.027789727264905806,-0.005135667208764905,0.003435540668212722,81.75,0.795,0.013123648487904396,0.014923473238412692,0.12273373622467117
1141.3,1143.3,1123.0,1132.7,298200.0,337632700.0,1146.92,1124.1960000000001,44.83274375067827,0.010000000000000009,-0.027789727264905806,-0.005135667208764905,81.75,0.795,0.00756451721941717,0.014327907870861526,0.12273373622467117
1106.7,1129.7,1106.7,1129.0,438900.0,490883700.0,1139.06,1123.8239999999998,43.88666860537508,-0.007535266801016349,0.010000000000000009,-0.027789727264905806,81.75,0.795,0.004605703384159939,0.013588504221040767,0.12273373622467117
1122.7,1134.3,1122.7,1132.0,420900.0,475209100.0,1133.0,1128.652,44.90191403036553,-0.0032665312969012428,-0.007535266801016349,0.010000000000000009,81.75,0.795,0.0029663705021565163,0.014250110297432719,0.12273373622467117
1117.0,1123.0,1096.7,1104.0,531900.0,589277800.0,1127.8,1128.864,37.99272745966827,0.0026572187776794376,-0.0032665312969012428,-0.007535266801016349,81.75,0.795,-0.022025682455991184,0.013054077589009274,0.12273373622467117
1125.0,1125.0,1099.0,1115.3,540300.0,602219600.0,1122.6,1129.4759999999999,41.879561889096315,-0.02473498233215543,0.0026572187776794376,-0.0032665312969012428,81.75,0.795,-0.012550952831224331,0.013120076254377592,0.12273373622467117
1104.7,1115.3,1101.7,1106.0,533100.0,589649200.0,1117.2599999999998,1130.928,39.67530178856069,0.010235507246376674,-0.02473498233215543,0.0026572187776794376,81.75,0.795,-0.022042075180736625,0.013170914786230661,0.12273373622467117
1109.3,1115.0,1085.7,1098.0,604800.0,665099400.0,1111.06,1131.9959999999999,37.83072355607654,-0.008338563615170713,0.010235507246376674,-0.02473498233215543,81.75,0.795,-0.03003190823995833,0.013183238929479943,0.12273373622467117
1106.7,1113.0,1095.3,1103.7,449700.0,496305900.0,1105.4,1131.692,39.972131050201334,-0.007233273056057921,-0.008338563615170713,0.010235507246376674,81.75,0.795,-0.02473464511545541,0.013616006781390449,0.12273373622467117
1115.7,1120.7,1108.0,1113.0,525300.0,585655500.0,1107.2,1132.224,43.39783125283073,0.005191256830601176,-0.007233273056057921,-0.008338563615170713,81.75,0.795,-0.016978972358826463,0.008815499249858189,0.12273373622467117
1126.3,1126.7,1105.3,1109.0,1077300.0,1200905600.0,1105.94,1132.384,42.28020840116524,0.008426202772492397,0.005191256830601176,-0.007233273056057921,81.75,0.795,-0.020650238788255587,0.007525976957710108,0.12273373622467117
1123.7,1124.7,1107.0,1118.3,941400.0,1055621300.0,1108.4,1132.4080000000001,45.77661183436602,-0.003593890386343168,0.008426202772492397,0.005191256830601176,81.75,0.795,-0.012458407217186891,0.007220259410990117,0.12273373622467117
1139.7,1139.7,1118.3,1135.3,837900.0,951320600.0,1115.8600000000001,1132.952,51.55368881078767,0.008385933273219015,-0.003593890386343168,0.008426202772492397,81.75,0.795,0.0020724620284001054,0.006825286353273821,0.12273373622467117
1144.0,1158.7,1139.3,1153.3,1430100.0,1640536000.0,1125.78,1133.672,56.801718039051096,0.015201645354556037,0.008385933273219015,-0.003593890386343168,81.75,0.795,0.01731364980347043,0.007820748551135627,0.12273373622467117
1138.3,1148.7,1133.3,1138.3,573900.0,653931700.0,1130.84,1133.7640000000001,51.768935104764665,0.01585484013036198,0.015201645354556037,0.008385933273219015,81.75,0.795,0.004000832624778905,0.01255499113391802,0.12273373622467117
1102.0,1127.7,1101.7,1121.0,387900.0,433489100.0,1133.24,1133.032,46.63661989338013,-0.013006156247290401,0.01585484013036198,0.015201645354556037,81.75,0.795,-0.010619294071129435,0.01522886259237345,0.12273373622467117
1124.3,1129.7,1113.3,1126.3,390300.0,438883800.0,1134.8399999999997,1132.3239999999998,48.32676574944927,-0.01519810243345332,-0.013006156247290401,0.01585484013036198,81.75,0.795,-0.005320032075624899,0.014945483489926135,0.12273373622467117
1129.0,1140.0,1117.7,1125.3,264000.0,297528700.0,1132.84,1131.656,48.01774232214279,0.004727921498661969,-0.01519810243345332,-0.013006156247290401,81.75,0.795,-0.005616547784839204,0.012846965345096044,0.12273373622467117
1144.7,1145.7,1128.7,1128.7,230700.0,261706700.0,1127.92,1130.736,49.206987088911646,-0.000887862913966031,0.004727921498661969,-0.01519810243345332,81.75,0.795,-0.0018005971331947139,0.009237289045787635,0.12273373622467117
1137.3,1150.0,1134.7,1145.7,317100.0,362475000.0,1129.4,1130.392,54.77784467567382,0.0030214165111526192,-0.000887862913966031,0.004727921498661969,81.75,0.795,0.01354220482805964,0.010966527276924551,0.12273373622467117
1159.3,1159.3,1140.3,1143.0,277200.0,317960300.0,1133.8,1129.7640000000001,53.76917040373793,0.015061575263577653,0.0030214165111526192,-0.000887862913966031,81.75,0.795,0.011715721159463281,0.006857594181471482,0.12273373622467117
1133.3,1135.0,1115.7,1119.0,297300.0,333557300.0,1132.3400000000001,1127.952,45.711592459424125,-0.002356637863315081,0.015061575263577653,0.0030214165111526192,81.75,0.795,-0.007936507936507934,0.01299639805057437,0.12273373622467117
1119.0,1123.3,1112.7,1118.7,302700.0,338581800.0,1131.02,1125.9679999999998,45.61956508821055,-0.02099737532808399,-0.002356637863315081,0.015061575263577653,81.75,0.795,-0.0064548903698860025,0.013003451754160516,0.12273373622467117
1118.7,1126.0,1116.7,1119.7,268200.0,300388700.0,1129.2199999999998,1124.264,46.00974907321033,-0.0002680965147452419,-0.02099737532808399,-0.002356637863315081,81.75,0.795,-0.004059544733265364,0.01286866361157253,0.12273373622467117
1113.3,1117.3,1109.7,1111.7,265200.0,295134000.0,1122.42,1123.532,43.33118523054871,0.0008938946992045338,-0.0002680965147452419,-0.02099737532808399,81.75,0.795,-0.010531075216371123,0.00894263845328393,0.12273373622467117
1116.7,1122.7,1110.7,1117.0,349200.0,390135800.0,1117.22,1122.56,45.59110294091218,-0.007144770920782362,0.0008938946992045338,-0.0002680965147452419,81.75,0.795,-0.004952964652223441,0.010149322459861082,0.12273373622467117
1107.3,1125.0,1105.7,1113.3,242400.0,270063100.0,1116.08,1121.7839999999999,44.2639849296113,0.00476747323918314,-0.007144770920782362,0.0008938946992045338,81.75,0.795,-0.0075629532958215884,0.0044858404115081215,0.12273373622467117
1110.0,1115.7,1103.7,1104.0,189000.0,209179600.0,1113.1399999999999,1120.7839999999999,41.03097395822616,-0.0033124440465532867,0.00476747323918314,-0.007144770920782362,81.75,0.795,-0.014975231623577674,0.0054942761320758106,0.12273373622467117
1114.7,1114.7,1104.3,1107.7,158100.0,175289100.0,1110.7400000000002,1119.812,42.82035000971378,-0.008353543519266982,-0.0033124440465532867,0.00476747323918314,81.75,0.795,-0.010816101274142315,0.0059770324668951425,0.12273373622467117
1109.0,1115.7,1105.3,1107.7,153600.0,170421900.0,1109.94,1119.96,42.82035000971378,0.0033514492753623504,-0.008353543519266982,-0.0033124440465532867,81.75,0.795,-0.010946819529268894,0.005296193305712541,0.12273373622467117
1107.0,1107.0,1094.0,1095.7,304500.0,334383500.0,1105.68,1119.1760000000002,38.433647736118154,0.0,0.0033514492753623504,-0.008353543519266982,81.75,0.795,-0.020976146736527687,0.0058313387594006285,0.12273373622467117
1093.7,1107.0,1093.3,1096.3,216000.0,237178800.0,1102.2800000000002,1118.788,38.77139899086649,-0.010833258102374344,0.0,0.0033514492753623504,81.75,0.795,-0.02010032284936919,0.00616299722289358,0.12273373622467117
1090.7,1092.7,1083.3,1086.0,222000.0,241238200.0,1098.68,1118.308,35.201280221137935,0.0005475951446562988,-0.010833258102374344,0.0,81.75,0.795,-0.028890073217753956,0.006399840992556139,0.12273373622467117
1083.3,1088.3,1072.7,1078.0,208200.0,224374900.0,1092.7400000000002,1117.28,32.68393393066117,-0.009395238529599559,0.0005475951446562988,-0.010833258102374344,81.75,0.795,-0.035156809394243135,0.005335792277453569,0.12273373622467117
1073.3,1089.0,1069.0,1084.7,286800.0,310707900.0,1088.1399999999999,1116.1480000000001,36.76268697472878,-0.007366482504604033,-0.009395238529599559,0.0005475951446562988,81.75,0.795,-0.0281754749370156,0.007280589321898795,0.12273373622467117
1086.3,1098.7,1083.0,1096.7,365700.0,400125400.0,1088.34,1115.656,43.37983623279794,0.006215213358070626,-0.007366482504604033,-0.009395238529599559,81.75,0.795,-0.01699090042091819,0.008712449417477567,0.12273373622467117
1097.0,1106.3,1096.3,1101.3,494700.0,544737100.0,1089.34,1114.976,45.72440711820298,0.011062966718908385,0.006215213358070626,-0.007366482504604033,81.75,0.795,-0.01226573486783586,0.008898149288188672,0.12273373622467117
1101.3,1110.0,1097.7,1104.0,301500.0,332918700.0,1092.94,1113.7240000000002,47.10882151238866,0.004194401385976043,0.011062966718908385,0.006215213358070626,81.75,0.795,-0.008731068020443268,0.00678334279957036,0.12273373622467117
1096.7,1108.7,1093.3,1101.3,272400.0,300508700.0,1097.6,1111.644,45.84937526775744,0.0024516480523018025,0.004194401385976043,0.011062966718908385,81.75,0.795,-0.009305137256171986,0.00495825192238153,0.12273373622467117
1106.3,1119.7,1101.3,1111.0,441900.0,491932800.0,1102.8600000000001,1110.552,50.92543271211394,-0.0024456521739131265,0.0024516480523018025,0.004194401385976043,81.75,0.795,0.00040340299238585207,0.005330735490718018,0.12273373622467117
1116.0,1131.0,1113.3,1120.0,409500.0,459312900.0,1107.52,1110.512,55.1283474477376,0.008807772632343669,-0.0024456521739131265,0.0024516480523018025,81.75,0.795,0.00854380682063774,0.0045734825703860615,0.12273373622467117
1127.0,1152.3,1127.0,1139.0,379800.0,434181700.0,1115.06,1111.02,62.441408129152485,0.008100810081008047,0.008807772632343669,-0.0024456521739131265,81.75,0.795,0.02518406509333767,0.007304506757859197,0.12273373622467117
1140.7,1144.0,1120.0,1121.0,291600.0,329995500.0,1118.46,1110.848,53.53911503404644,0.016964285714285765,0.008100810081008047,0.008807772632343669,92.24,0.786,0.009138964106700505,0.01262826689211183,0.09737390079846599
1097.7,1099.0,1070.3,1073.3,873000.0,943213000.0,1112.86,1108.632,38.055377725989864,-0.015803336259877065,0.016964285714285765,0.008100810081008047,92.24,0.786,-0.03186990813903992,0.0243488893970585,0.09737390079846599
1075.0,1087.3,1073.3,1084.7,648000.0,699900100.0,1107.6,1106.192,42.346780948510215,-0.042551293487957276,-0.015803336259877065,0.016964285714285765,92.24,0.786,-0.019428815250878657,0.024616127121073632,0.09737390079846599
1083.7,1089.0,1080.0,1080.3,581100.0,629575200.0,1099.6599999999999,1103.684,41.16150500996489,0.010621447871052014,-0.042551293487957276,-0.015803336259877065,92.24,0.786,-0.0211872238792988,0.02363712211010558,0.09737390079846599
1085.0,1092.0,1076.7,1077.7,614700.0,666090300.0,1087.4,1102.032,40.44118041431863,-0.0040564211302664965,0.010621447871052014,-0.042551293487957276,92.24,0.786,-0.022079213670746296,0.02004975946951632,0.09737390079846599
1082.7,1092.0,1079.7,1081.0,379200.0,411117900.0,1079.4,1100.524,41.83254935264807,-0.002406738868832692,-0.0040564211302664965,0.010621447871052014,92.24,0.786,-0.017740639913350266,0.020648220757051014,0.09737390079846599
1081.0,1102.3,1077.7,1096.7,426900.0,466716000.0,1084.0800000000002,1099.604,48.05050919544163,0.0030620766447062575,-0.002406738868832692,-0.0040564211302664965,92.24,0.786,-0.002640950742267213,0.008074855302672108,0.09737390079846599
1105.0,1121.7,1105.0,1113.0,480300.0,534901300.0,1089.74,1099.656,53.59663815734049,0.01452358926919528,0.0030620766447062575,-0.002406738868832692,92.24,0.786,0.012134703943778828,0.009061083333296558,0.09737390079846599
1104.0,1117.3,1102.7,1111.0,270300.0,299719400.0,1095.8799999999999,1099.4160000000002,52.85106631580851,0.014862770128567515,0.01452358926919528,0.0030620766447062575,92.24,0.786,0.0105365030161466,0.00852468614752769,0.09737390079846599
1111.0,1114.3,1101.0,1104.0,197400.0,218305200.0,1101.1399999999999,1099.044,50.21798680368083,-0.0017969451931716396,0.014862770128567515,0.01452358926919528,92.24,0.786,0.004509373601056831,0.009559641226851007,0.09737390079846599
1104.3,1115.0,1100.7,1108.0,303300.0,336425000.0,1106.54,1099.2040000000002,51.69884796774835,-0.006300630063006296,-0.0017969451931716396,0.014862770128567515,92.24,0.786,0.00800215428619239,0.009536374459885793,0.09737390079846599
1113.0,1114.7,1097.3,1098.3,361800.0,399391000.0,1106.8600000000001,1098.828,47.97212371634625,0.0036231884057971175,-0.006300630063006296,-0.0017969451931716396,92.24,0.786,-0.0004805119636558406,0.009394998219321184,0.09737390079846599
1098.3,1101.0,1087.0,1096.7,276000.0,301867700.0,1103.6,1098.388,47.36560747173328,-0.008754512635379075,0.0036231884057971175,-0.006300630063006296,92.24,0.786,-0.0015367975615173095,0.004787594870104995,0.09737390079846599
1093.3,1093.3,1068.3,1073.3,271500.0,291939400.0,1096.06,1097.492,39.50001696762267,-0.0014567968678866894,-0.008754512635379075,0.0036231884057971175,92.24,0.786,-0.022042985279163773,0.009388406865875347,0.09737390079846599
1078.0,1084.3,1075.0,1079.3,247200.0,266981900.0,1091.1200000000001,1096.812,42.15261841975037,-0.021336737485182944,-0.0014567968678866894,-0.008754512635379075,92.24,0.786,-0.015966273162583876,0.010938821566865762,0.09737390079846599
1081.0,1086.0,1079.0,1080.7,294600.0,318934300.0,1085.66,1096.6,42.78299969480323,0.005590235721606218,-0.021336737485182944,-0.0014567968678866894,92.24,0.786,-0.014499361663322875,0.01055134641034193,0.09737390079846599
1080.3,1084.0,1076.0,1078.3,246300.0,266016300.0,1081.6599999999999,1096.612,41.93926043849613,0.0012971370332623966,0.005590235721606218,-0.021336737485182944,92.24,0.786,-0.016698704737865465,0.010362511484443282,0.09737390079846599
1080.0,1098.3,1080.0,1090.7,462300.0,504120500.0,1080.46,1096.8519999999999,47.68038167740443,-0.002220782825946177,0.0012971370332623966,0.005590235721606218,92.24,0.786,-0.005608778577237236,0.01245005016329943,0.09737390079846599
1087.0,1089.0,1080.7,1080.7,193200.0,209284100.0,1081.94,1096.212,43.909558055579026,0.01149958267643525,-0.002220782825946177,0.0012971370332623966,92.24,0.786,-0.014150547521829667,0.00781619917915198,0.09737390079846599
1084.0,1091.0,1075.3,1076.3,282300.0,304882100.0,1081.34,1095.212,42.323512846069654,-0.009168423947923388,0.01149958267643525,-0.002220782825946177,92.24,0.786,-0.01726788968711084,0.007714793068365947,0.09737390079846599
1078.0,1090.0,1078.0,1086.0,333600.0,361888800.0,1082.4,1094.492,46.87891936470809,-0.004071435180901362,-0.009168423947923388,0.01149958267643525,92.24,0.786,-0.007758850681411981,0.008859011225395385,0.09737390079846599
1162.0,1174.7,1150.3,1164.0,1485600.0,1726993200.0,1099.5400000000002,1097.0,68.45481899289808,0.009012357149493777,-0.004071435180901362,-0.009168423947923388,92.24,0.786,0.061075660893345485,0.03248637957989802,0.09737390079846599
1174.7,1205.7,1170.3,1196.7,1051200.0,1253575500.0,1120.74,1100.428,73.34303650378565,0.07182320441988943,0.009012357149493777,-0.004071435180901362,92.24,0.786,0.08748596000828762,0.03278101231354555,0.09737390079846599
1188.0,1189.7,1167.7,1184.7,698100.0,823287200.0,1141.54,1103.016,69.11069286401484,0.02809278350515476,0.07182320441988943,0.009012357149493777,92.24,0.786,0.07405513609956697,0.03296819718104206,0.09737390079846599
1184.7,1190.0,1174.7,1186.7,567300.0,671836100.0,1163.6200000000001,1104.924,69.42734947611957,-0.01002757583354219,0.02809278350515476,0.07182320441988943,92.24,0.786,0.07401052018057357,0.03204986051947288,0.09737390079846599
1181.3,1190.7,1165.3,1170.3,549600.0,645145800.0,1180.48,1106.896,63.664025596420764,0.0016881911032329278,-0.01002757583354219,0.02809278350515476,92.24,0.786,0.05728090082537113,0.03547162377623077,0.09737390079846599
1168.7,1175.0,1153.7,1154.7,414000.0,480928800.0,1178.6200000000001,1110.152,58.67452099873049,-0.013819836521446138,0.0016881911032329278,-0.01002757583354219,92.24,0.786,0.040127838350063776,0.017680074021283413,0.09737390079846599
1159.3,1161.0,1151.3,1151.3,259500.0,299704800.0,1169.54,1112.816,57.61469252964658,-0.013329915406306014,-0.013819836521446138,0.0016881911032329278,92.24,0.786,0.034582536555908545,0.0068065796043169785,0.09737390079846599
1150.0,1153.3,1130.7,1132.7,279900.0,318269600.0,1159.14,1114.912,52.073289333721405,-0.0029444877457348584,-0.013329915406306014,-0.013819836521446138,92.24,0.786,0.015954622427599676,0.007811058770810067,0.09737390079846599
1120.3,1146.3,1116.7,1139.7,252000.0,286677400.0,1149.74,1117.392,53.8714404009075,-0.016155650134630384,-0.0029444877457348584,-0.013329915406306014,92.24,0.786,0.019964345547489146,0.009426300923274039,0.09737390079846599
1147.3,1153.0,1128.3,1128.3,1167000.0,1322354300.0,1141.3400000000001,1119.2839999999999,50.5454419347607,0.006179924075218501,-0.016155650134630384,-0.0029444877457348584,92.24,0.786,0.008055149542028723,0.008982667407343698,0.09737390079846599
1129.0,1134.0,1122.0,1134.0,280200.0,316618000.0,1137.2,1120.7759999999998,52.13662966436518,-0.010002632271650547,0.006179924075218501,-0.016155650134630384,92.24,0.786,0.011798967857984255,0.009612047200688534,0.09737390079846599
1127.0,1134.7,1124.0,1128.7,342300.0,386206200.0,1132.68,1121.404,50.50931233640198,0.005051847912789231,-0.010002632271650547,0.006179924075218501,92.24,0.786,0.006506129815838047,0.009614834459220064,0.09737390079846599
1130.0,1132.0,1117.0,1132.0,258900.0,291166800.0,1132.5400000000002,1122.244,51.523877448683024,-0.004673721340388015,0.005051847912789231,-0.010002632271650547,92.24,0.786,0.008693296644936472,0.00696603934961243,0.09737390079846599
1137.3,1140.0,1131.7,1140.0,339300.0,385956100.0,1132.6,1123.684,53.9865246684276,0.0029237175511649394,-0.004673721340388015,0.005051847912789231,92.24,0.786,0.014520096397207784,0.007174315465283384,0.09737390079846599
1148.0,1167.7,1144.3,1165.0,516600.0,598427500.0,1139.94,1125.964,60.704677643670706,0.007067137809187329,0.0029237175511649394,-0.004673721340388015,92.24,0.786,0.03466895922072114,0.009722808554362337,0.09737390079846599
1165.0,1174.3,1160.7,1165.7,286800.0,334395700.0,1146.2800000000002,1128.66,60.876920255403306,0.021929824561403466,0.007067137809187329,0.0029237175511649394,92.24,0.786,0.03281767759998579,0.010081099724149016,0.09737390079846599
1168.7,1168.7,1148.3,1152.3,357300.0,412508000.0,1151.0,1130.884,55.831786202132136,0.0006008583690988445,0.021929824561403466,0.007067137809187329,92.24,0.786,0.018937397646442908,0.012077771542635608,0.09737390079846599
1146.0,1146.0,1131.7,1138.7,295500.0,336579000.0,1152.34,1133.5,51.194517275253396,-0.01149523891224169,0.0006008583690988445,0.021929824561403466,92.24,0.786,0.00458756065284521,0.01409542053412559,0.09737390079846599
1138.7,1148.3,1138.0,1147.0,348900.0,399376800.0,1153.74,1136.208,53.72084698601424,-0.01180248199253664,-0.01149523891224169,0.0006008583690988445,92.24,0.786,0.009498260881810298,0.01411860318163465,0.09737390079846599
1141.0,1145.0,1129.7,1139.3,313200.0,355795100.0,1148.6,1138.552,51.07926917433659,0.007289013787652454,-0.01180248199253664,-0.01149523891224169,92.24,0.786,0.0006569748241626622,0.008248160174568633,0.09737390079846599
1126.7,1133.7,1119.3,1128.7,275100.0,309665900.0,1141.2,1140.568,47.608655325322644,-0.006713164777680913,0.007289013787652454,-0.01180248199253664,92.24,0.786,-0.010405341899825296,0.00792256719518401,0.09737390079846599
1133.7,1136.0,1118.7,1125.3,252900.0,284623700.0,1135.8,1141.952,46.51688820694822,-0.009303958571052373,-0.006713164777680913,0.007289013787652454,92.24,0.786,-0.014582048982794412,0.0074545100658395215,0.09737390079846599
1123.3,1126.0,1111.3,1116.7,330900.0,369784600.0,1131.4,1143.392,43.78197433234929,-0.0030123150527155973,-0.009303958571052373,-0.006713164777680913,92.24,0.786,-0.023344574739022142,0.006653975106675686,0.09737390079846599
1115.3,1118.3,1109.7,1111.7,195300.0,217359500.0,1124.34,1144.808,42.227496369121404,-0.007642406469385854,-0.0030123150527155973,-0.009303958571052373,92.24,0.786,-0.028920133332401544,0.002505114280143055,0.09737390079846599
1113.3,1118.7,1104.3,1107.7,181800.0,201599900.0,1118.02,1145.6760000000002,40.97414231652113,-0.004477478284230285,-0.007642406469385854,-0.0030123150527155973,92.24,0.786,-0.03314724232680104,0.002731954366077356,0.09737390079846599
1110.0,1120.7,1110.0,1117.0,188400.0,210222000.0,1115.6799999999998,1143.796,45.05729932501755,-0.0035980930107043507,-0.004477478284230285,-0.007642406469385854,92.24,0.786,-0.023427254510419732,0.006115617108722807,0.09737390079846599
1123.0,1125.0,1110.3,1114.3,165600.0,184644400.0,1113.48,1140.5,44.103424073867195,0.008395775029339969,-0.0035980930107043507,-0.004477478284230285,92.24,0.786,-0.022972380534853173,0.006098384056029148,0.09737390079846599
1111.7,1122.3,1111.7,1118.3,188100.0,210205400.0,1113.8,1137.844,45.92969885779548,-0.002417188898836242,0.008395775029339969,-0.0035980930107043507,92.24,0.786,-0.017176344033101282,0.0055173865230968315,0.09737390079846599
1110.0,1117.0,1106.0,1112.0,261600.0,290818500.0,1113.8600000000001,1134.856,43.518042042931015,0.003589697567979888,-0.002417188898836242,0.008395775029339969,92.24,0.786,-0.020140000140987047,0.005785288956128683,0.09737390079846599
1122.3,1126.7,1114.3,1119.3,191400.0,214504100.0,1116.18,1132.8159999999998,46.99129262176631,-0.0056335509255118765,0.003589697567979888,-0.002417188898836242,92.24,0.786,-0.01193132865354996,0.005958245630589148,0.09737390079846599
1132.0,1143.3,1127.7,1132.3,244500.0,277190000.0,1119.2399999999998,1131.92,52.58324401265297,0.006564748201438819,-0.0056335509255118765,0.003589697567979888,92.24,0.786,0.0003357127712204765,0.006906854927643072,0.09737390079846599
1129.7,1138.7,1123.3,1123.3,174000.0,196433300.0,1121.04,1130.8,48.749114773059006,0.011614401858304202,0.006564748201438819,-0.0056335509255118765,92.24,0.786,-0.006632472585779979,0.008252053273355752,0.09737390079846599
1122.0,1128.3,1121.0,1123.3,159000.0,178727200.0,1122.04,1130.424,48.749114773059006,-0.007948423562660123,0.011614401858304202,0.006564748201438819,92.24,0.786,-0.006302060111958012,0.008195696706032608,0.09737390079846599
1121.7,1132.0,1121.7,1132.0,216000.0,244074000.0,1126.04,1130.116,52.62206248032011,0.0,-0.007948423562660123,0.011614401858304202,92.24,0.786,0.0016670855027271665,0.007689728044896097,0.09737390079846599
1126.7,1127.7,1119.3,1127.7,175500.0,197489600.0,1127.7199999999998,1130.092,50.58729131687324,0.00774503694471651,0.0,-0.007948423562660123,92.24,0.786,-0.002116641830930626,0.00807615024061781,0.09737390079846599
1123.3,1125.3,1102.7,1106.7,390600.0,432858400.0,1122.6,1129.0,42.03807916250446,-0.003798586572438145,0.00774503694471651,0.0,92.24,0.786,-0.01975199291408322,0.0097724307457471,0.09737390079846599
1124.7,1129.3,1110.7,1111.7,195300.0,218203400.0,1120.2800000000002,1128.32,44.44543246994854,-0.01862197392923648,-0.003798586572438145,0.00774503694471651,92.24,0.786,-0.01472986386840603,0.010258767002632643,0.09737390079846599
1119.7,1129.7,1119.0,1122.0,363300.0,408277900.0,1120.02,1127.92,49.13238290268238,0.00451793620674068,-0.01862197392923648,-0.003798586572438145,92.24,0.786,-0.005248599191432081,0.011481366325720763,0.09737390079846599
1133.0,1144.3,1123.7,1139.3,222000.0,253024900.0,1121.48,1127.892,55.8671976807336,0.009265089502563661,0.00451793620674068,-0.01862197392923648,92.24,0.786,0.010114443581477572,0.013190960475201621,0.09737390079846599
1149.7,1160.7,1145.0,1156.0,356700.0,412061300.0,1127.14,1127.532,61.20664876943478,0.015418894830659502,0.009265089502563661,0.00451793620674068,92.24,0.786,0.025248063913042004,0.013948498199539925,0.09737390079846599
1149.3,1171.3,1143.7,1165.3,466500.0,542771300.0,1138.86,1127.516,63.83100457213092,0.01465812340911099,0.015418894830659502,0.009265089502563661,140.83,0.8,0.03351083266224149,0.004603040275032331,0.08914023053247772
1209.7,1211.7,1156.7,1163.7,661800.0,779045400.0,1149.2599999999998,1127.972,63.04085514462823,0.008044982698961922,0.01465812340911099,0.015418894830659502,140.83,0.8,0.03167454511282201,0.006737824895398796,0.08914023053247772
1171.7,1180.0,1164.7,1174.0,543900.0,638068300.0,1159.6599999999999,1129.384,65.96194063300314,-0.00137303698618374,0.008044982698961922,0.01465812340911099,140.83,0.8,0.03950472115772845,0.006739411939652577,0.08914023053247772
1170.0,1182.0,1158.0,1176.7,505200.0,592465800.0,1167.14,1130.572,66.70481438929926,0.0088510784566469,-0.00137303698618374,0.008044982698961922,140.83,0.8,0.0408005858981119,0.00620676222064317,0.08914023053247772
1176.7,1176.7,1164.0,1164.0,334200.0,390465400.0,1168.7400000000002,1131.56,60.0644436982635,0.0022998296422487297,0.0088510784566469,-0.00137303698618374,140.83,0.8,0.02866838700554991,0.008013119104416698,0.08914023053247772
1160.0,1175.7,1159.3,1168.0,310800.0,363067500.0,1169.2800000000002,1133.132,61.368852458521054,-0.010792895385399848,0.0022998296422487297,0.0088510784566469,140.83,0.8,0.03077134879255015,0.007291073560749154,0.08914023053247772
1156.7,1170.0,1155.7,1159.7,444900.0,517300000.0,1168.48,1134.508,57.19430377269305,0.0034364261168384758,-0.010792895385399848,0.0022998296422487297,140.83,0.8,0.022205220236437298,0.00806583052921371,0.08914023053247772
1156.7,1157.0,1145.0,1150.0,358200.0,412335300.0,1163.6799999999998,1135.84,52.68387753613371,-0.007106164383561597,0.0034364261168384758,-0.010792895385399848,140.83,0.8,0.012466544583744263,0.006514808908646168,0.08914023053247772
1150.7,1159.0,1149.3,1150.7,384000.0,442165700.0,1158.48,1137.4,52.97210234548314,-0.00836423212899895,-0.007106164383561597,0.0034364261168384758,140.83,0.8,0.011693335677861749,0.006131775033215469,0.08914023053247772
1150.7,1161.3,1150.7,1156.7,384600.0,444490000.0,1157.02,1139.36,55.47566000223927,0.0006086956521740294,-0.00836423212899895,-0.007106164383561597,140.83,0.8,0.015219070355287308,0.006166646233191645,0.08914023053247772
1156.7,1161.7,1148.7,1157.3,423000.0,487871200.0,1154.8799999999999,1140.972,55.729465765448374,0.0052142174328668744,0.0006086956521740294,-0.00836423212899895,140.83,0.8,0.014310605343514105,0.005736260049097616,0.08914023053247772
1157.3,1165.7,1155.7,1162.7,411300.0,477320900.0,1155.48,1142.9080000000001,58.0473441286263,0.0005187170398546215,0.0052142174328668744,0.0006086956521740294,140.83,0.8,0.01731722938329237,0.005435125087004611,0.08914023053247772
1163.3,1165.3,1150.3,1154.7,720600.0,832518900.0,1156.42,1144.364,53.57230229129343,0.0046660330078631684,0.0005187170398546215,0.0052142174328668744,140.83,0.8,0.009032091187768938,0.004835665820603053,0.08914023053247772
1158.0,1168.0,1156.7,1160.7,486300.0,564627600.0,1158.42,1146.312,56.29377503719528,-0.006880536681861171,0.0046660330078631684,0.0005187170398546215,140.83,0.8,0.012551556644264519,0.0052053339098774324,0.08914023053247772
1162.0,1165.7,1156.0,1160.0,588600.0,682896900.0,1159.08,1147.94,55.882216196170916,0.005196154845414469,-0.006880536681861171,0.0046660330078631684,140.83,0.8,0.010505775563182697,0.004875130807841173,0.08914023053247772
1160.3,1167.3,1160.0,1160.0,495900.0,576528200.0,1159.6200000000001,1149.048,55.88221619617091,-0.0006030843456534818,0.005196154845414469,-0.006880536681861171,140.83,0.8,0.009531368576421523,0.004882260463593748,0.08914023053247772
1169.7,1177.7,1162.0,1165.7,414900.0,485035900.0,1160.2199999999998,1150.744,58.73150441244642,0.0,-0.0006030843456534818,0.005196154845414469,140.83,0.8,0.012996809020946564,0.004936379365989701,0.08914023053247772
1163.3,1173.3,1154.7,1169.3,502200.0,585456800.0,1163.1399999999999,1152.5839999999998,60.468038780694684,0.004913793103448416,0.0,-0.0006030843456534818,140.83,0.8,0.014503064418732278,0.00270735274949997,0.08914023053247772
1171.7,1179.0,1166.3,1166.3,441600.0,516937100.0,1164.26,1153.956,58.26766824003608,0.0030882731406021158,0.004913793103448416,0.0,140.83,0.8,0.010697114967988426,0.0029981976660827174,0.08914023053247772
1166.3,1178.3,1160.7,1170.7,723300.0,846104200.0,1166.4,1155.676,60.535904048896484,-0.0025656375609338644,0.0030882731406021158,0.004913793103448416,140.83,0.8,0.013000183442418217,0.0030633565610206012,0.08914023053247772
1170.0,1180.7,1164.0,1175.3,549300.0,644707900.0,1169.46,1158.42,62.81159331676918,0.0037726142501930404,-0.0025656375609338644,0.0030882731406021158,140.83,0.8,0.014571571623418001,0.0029754842229902426,0.08914023053247772
1170.7,1180.7,1168.7,1172.0,490500.0,575594200.0,1170.72,1160.8319999999999,60.13265936999933,0.003929273084479323,0.0037726142501930404,-0.0025656375609338644,140.83,0.8,0.009620685852905606,0.0034571392490771245,0.08914023053247772
1170.3,1173.3,1163.7,1163.7,607200.0,709147700.0,1169.6,1162.5,53.905318383314416,-0.0028077937547860143,0.003929273084479323,0.0037726142501930404,140.83,0.8,0.001032258064516168,0.004737415088942786,0.08914023053247772
1170.0,1179.3,1170.0,1174.0,489000.0,574561900.0,1171.1399999999999,1163.888,59.50923918219217,-0.007081911262798557,-0.0028077937547860143,0.003929273084479323,140.83,0.8,0.008688121193791911,0.006268388133617495,0.08914023053247772
1177.3,1185.7,1177.3,1181.7,497400.0,588067500.0,1173.34,1164.9160000000002,63.11902736460961,0.0088510784566469,-0.007081911262798557,-0.0028077937547860143,140.83,0.8,0.014407905806083766,0.0066516379765035214,0.08914023053247772
1181.7,1196.0,1181.7,1188.7,495000.0,589077800.0,1176.02,1165.8519999999999,66.07961896078353,0.006558773424190756,0.0088510784566469,-0.007081911262798557,140.83,0.8,0.019597684783317425,0.006861012020952226,0.08914023053247772
1183.3,1203.3,1181.7,1189.3,972300.0,1157898900.0,1179.48,1166.876,66.32911779761974,0.005923669290005984,0.006558773424190756,0.0088510784566469,140.83,0.8,0.019217123327585774,0.0063895842891980425,0.08914023053247772
1186.7,1189.0,1170.3,1179.0,591000.0,697227600.0,1182.54,1167.076,58.38928079785035,0.0005047530916126863,0.005923669290005984,0.006558773424190756,140.83,0.8,0.010216986725800186,0.007017451905011745,0.08914023053247772
1171.0,1185.0,1170.3,1180.7,472200.0,556003200.0,1183.8799999999999,1167.236,59.25617391553381,-0.008660556629950356,0.0005047530916126863,0.005923669290005984,140.83,0.8,0.011534942376691552,0.00609900094744486,0.08914023053247772
1191.7,1191.7,1181.0,1184.0,550200.0,653176100.0,1184.3400000000001,1168.036,60.9565996489521,0.0014418999151823986,-0.008660556629950356,0.0005047530916126863,140.83,0.8,0.01366738696410037,0.005464360183232187,0.08914023053247772
1175.3,1190.7,1172.7,1185.0,823200.0,972397100.0,1183.6,1168.7160000000001,61.481212840563764,0.0027949521470314043,0.0014418999151823986,-0.008660556629950356,140.83,0.8,0.013933239555204067,0.0045818624945509175,0.08914023053247772
1153.0,1157.7,1146.3,1152.3,566100.0,652121500.0,1176.2,1168.42,41.73374648838638,0.0008445945945945166,0.0027949521470314043,0.0014418999151823986,140.83,0.8,-0.013796408825593636,0.012774248595309767,0.08914023053247772
1129.3,1132.7,1109.3,1109.3,483600.0,539056800.0,1162.26,1166.792,28.68581772316726,-0.027594936708860818,0.0008445945945945166,0.0027949521470314043,140.83,0.8,-0.049273563754293793,0.01903082371692691,0.08914023053247772
1127.0,1134.3,1122.7,1130.0,606600.0,685204500.0,1152.1200000000001,1165.964,38.632518965535496,-0.037316671005814483,-0.027594936708860818,0.0008445945945945166,140.83,0.8,-0.0308448631347108,0.023171104086341873,0.08914023053247772
1131.3,1142.3,1123.0,1129.0,571200.0,644639300.0,1141.1200000000001,1164.856,38.35420786890011,0.01866041647886063,-0.037316671005814483,-0.027594936708860818,140.83,0.8,-0.030781487153776942,0.02277685520545241,0.08914023053247772
1115.3,1130.7,1108.3,1128.3,785700.0,881562800.0,1129.7800000000002,1163.696,38.147040633063526,-0.0008849557522123686,0.01866041647886063,-0.037316671005814483,140.83,0.8,-0.030416878634969925,0.02262334483068454,0.08914023053247772
1115.3,1125.0,1091.3,1105.3,765300.0,847799800.0,1120.3799999999999,1161.4,32.026000355165635,-0.0006200177147919206,-0.0008849557522123686,0.01866041647886063,140.83,0.8,-0.04830377131048746,0.021381375920332676,0.08914023053247772
1035.3,1059.7,1016.3,1031.7,1078800.0,1121408700.0,1104.8600000000001,1156.48,20.62246315970718,-0.020384649472657945,-0.0006200177147919206,-0.0008849557522123686,140.83,0.8,-0.10789637520752626,0.03249620336059779,0.08914023053247772
1055.0,1080.0,1051.0,1058.0,848700.0,902620900.0,1090.46,1152.372,30.18839185226932,-0.06658825658192336,-0.020384649472657945,-0.0006200177147919206,140.83,0.8,-0.08189369405018523,0.034304111122519604,0.08914023053247772
1044.0,1054.0,1030.0,1041.7,697500.0,725900900.0,1073.0,1147.64,27.94095591858418,0.025491906561984967,-0.06658825658192336,-0.020384649472657945,140.83,0.8,-0.09231117772123666,0.03367353850661831,0.08914023053247772
1102.3,1108.3,1081.0,1088.0,806400.0,878568400.0,1064.94,1144.76,41.307221376570894,-0.015406427221172025,0.025491906561984967,-0.06658825658192336,140.83,0.8,-0.04958244522869422,0.043306297699912746,0.08914023053247772
1072.7,1093.0,1059.0,1085.7,692400.0,746559000.0,1061.02,1141.56,40.901347841949594,0.044446577709513324,-0.015406427221172025,0.025491906561984967,140.83,0.8,-0.04893303899926408,0.04260574964719269,0.08914023053247772
1094.3,1100.7,1092.7,1094.7,360600.0,395217200.0,1073.6200000000001,1138.576,43.25109739650348,-0.002113970588235259,0.044446577709513324,-0.015406427221172025,140.83,0.8,-0.038535855314006245,0.0234456573990743,0.08914023053247772
1094.7,1103.0,1090.3,1093.3,575100.0,629074600.0,1080.6799999999998,1135.656,42.96492465508375,0.00828958275766789,-0.002113970588235259,0.044446577709513324,140.83,0.8,-0.037296505279767814,0.022678930779550768,0.08914023053247772
1093.3,1097.7,1088.7,1093.3,378300.0,413134400.0,1091.0,1132.56,42.96492465508375,-0.0012788891933863678,0.00828958275766789,-0.002113970588235259,140.83,0.8,-0.034664830119375566,0.019769721906818843,0.08914023053247772
1090.0,1093.3,1087.0,1090.0,432600.0,471824600.0,1091.4,1129.1480000000001,42.20158958922208,0.0,-0.0012788891933863678,0.00828958275766789,140.83,0.8,-0.03467038864701539,0.004561431431605664,0.08914023053247772
1098.3,1111.3,1093.7,1111.3,440400.0,486205200.0,1096.52,1126.72,48.55484071329485,-0.003018384706850785,0.0,-0.0012788891933863678,140.83,0.8,-0.013685742686736786,0.009361612840385267,0.08914023053247772
1110.0,1110.0,1089.0,1098.3,600600.0,659748300.0,1097.2399999999998,1124.104,45.283199543588054,0.019541284403669756,-0.003018384706850785,0.0,140.83,0.8,-0.02295517140762784,0.011477550339708289,0.08914023053247772
1098.3,1107.3,1098.3,1107.3,556200.0,614247300.0,1100.04,1121.4360000000001,47.900482474674845,-0.011698011338072578,0.019541284403669756,-0.003018384706850785,140.83,0.8,-0.012605266818614876,0.011843401646694594,0.08914023053247772
1120.0,1124.7,1115.3,1118.7,407100.0,455903000.0,1105.1200000000001,1118.9160000000002,51.091721818506265,0.008194482381862933,-0.011698011338072578,0.019541284403669756,140.83,0.8,-0.0001930439818539746,0.012168032158851136,0.08914023053247772
1118.7,1127.3,1114.3,1114.3,278100.0,311211500.0,1109.98,1115.94,49.823223183218346,0.010295312923327193,0.008194482381862933,-0.011698011338072578,140.83,0.8,-0.0014696130616342277,0.01231834456451995,0.08914023053247772
1119.0,1130.0,1115.0,1122.0,356400.0,399769500.0,1112.12,1113.248,52.06609773589339,-0.003933136676499638,0.010295312923327193,0.008194482381862933,140.83,0.8,0.007861680416223477,0.009409045018343118,0.08914023053247772
1122.7,1131.3,1120.7,1124.3,312000.0,350794600.0,1117.32,1111.06,52.74556199937902,0.006910167818361401,-0.003933136676499638,0.010295312923327193,140.83,0.8,0.011916548161215425,0.00569995045677335,0.08914023053247772
1124.3,1128.3,1111.3,1123.7,445200.0,498539200.0,1120.6,1108.78,52.536347486573995,0.002049910873440197,0.006910167818361401,-0.003933136676499638,140.83,0.8,0.013456231173001022,0.005699997999247647,0.08914023053247772
1114.3,1126.3,1110.3,1123.0,335100.0,375563600.0,1121.4599999999998,1106.34,52.27582915611804,-0.0005336653917992207,0.002049910873440197,0.006910167818361401,140.83,0.8,0.015058661894173656,0.0040341999093586895,0.08914023053247772
1117.0,1127.0,1116.7,1120.0,520200.0,583735500.0,1122.6,1103.74,51.1061691600428,-0.0006229420663879104,-0.0005336653917992207,0.002049910873440197,140.83,0.8,0.014731730298802245,0.0036910118392504956,0.08914023053247772
1120.0,1121.7,1105.0,1105.3,411900.0,457645300.0,1119.26,1101.86,45.7092760890403,-0.00267141585040076,-0.0006229420663879104,-0.0005336653917992207,140.83,0.8,0.0031219937197103577,0.005913047559261993,0.08914023053247772
1100.0,1102.7,1087.0,1087.0,494100.0,540247900.0,1111.8,1100.968,40.04051014693283,-0.013125000000000053,-0.00267141585040076,-0.0006229420663879104,140.83,0.8,-0.012687017243008037,0.007576555912113244,0.08914023053247772
1092.0,1097.3,1078.3,1084.3,649200.0,706786700.0,1103.92,1099.14,39.266749754767524,-0.016556590970777108,-0.013125000000000053,-0.00267141585040076,338.28,0.809,-0.013501464781556621,0.007221503058344505,0.0875906271378832
1201.0,1234.3,1174.7,1225.7,1877400.0,2284736900.0,1124.46,1103.008,70.93930903548747,-0.0024839006439743017,-0.016556590970777108,-0.013125000000000053,338.28,0.809,0.11123400736894021,0.06252776588983577,0.0875906271378832
1228.7,1232.3,1214.3,1218.0,601800.0,734840500.0,1144.06,1106.596,68.83414211493968,0.13040671400903814,-0.0024839006439743017,-0.016556590970777108,338.28,0.809,0.10067269355754042,0.06286222455051844,0.0875906271378832
1202.7,1213.0,1191.3,1203.0,513900.0,618236700.0,1163.6,1110.504,64.79992468478835,-0.006282124500285535,0.13040671400903814,-0.0024839006439743017,338.28,0.809,0.08329191070000658,0.06276169504770975,0.0875906271378832
1198.3,1203.3,1183.7,1194.7,524400.0,627108500.0,1185.1399999999999,1117.0240000000001,62.613206292951816,-0.012315270935960632,-0.006282124500285535,0.13040671400903814,338.28,0.809,0.06953834474460703,0.061547942066752875,0.0875906271378832
1186.0,1191.3,1169.7,1172.0,491400.0,577904600.0,1202.6799999999998,1121.584,56.952583281013936,-0.006899418121363188,-0.012315270935960632,-0.006282124500285535,338.28,0.809,0.04495071256365991,0.0635011500215672,0.0875906271378832
1167.0,1179.3,1164.0,1164.0,676800.0,790633000.0,1190.34,1126.476,55.06324845044215,-0.019000585921151836,-0.006899418121363188,-0.012315270935960632,338.28,0.809,0.03331096268362565,0.00546652663753041,0.0875906271378832
1172.0,1172.0,1145.3,1153.0,531600.0,613465400.0,1177.34,1129.076,52.485037794490125,-0.0068259385665528916,-0.019000585921151836,-0.006899418121363188,338.28,0.809,0.021189007648732217,0.00505784299194523,0.0875906271378832
1160.0,1160.3,1150.0,1151.7,499500.0,576361900.0,1167.08,1131.7160000000001,52.174118950302656,-0.009450171821305808,-0.0068259385665528916,-0.019000585921151836,338.28,0.809,0.017658140381509074,0.0065336469569823715,0.0875906271378832
1139.0,1148.7,1135.3,1145.0,509700.0,582770600.0,1157.14,1133.728,50.51325885018981,-0.001127493495229781,-0.009450171821305808,-0.0068259385665528916,338.28,0.809,0.009942420051370289,0.006623855509540807,0.0875906271378832
1151.0,1154.0,1140.0,1140.7,341100.0,390012300.0,1150.88,1135.624,49.42580700826584,-0.005817487192845361,-0.001127493495229781,-0.009450171821305808,338.28,0.809,0.004469789296457297,0.0031452427043791994,0.0875906271378832
1156.0,1156.7,1143.7,1153.0,942300.0,1084110500.0,1148.68,1138.012,52.57115385821975,-0.003755458515283805,-0.005817487192845361,-0.001127493495229781,338.28,0.809,0.013170335637937083,0.0077013399226223645,0.0875906271378832
1161.7,1161.7,1152.3,1157.3,437400.0,506017400.0,1149.5400000000002,1140.7040000000002,53.6562757890271,0.010782852634347195,-0.003755458515283805,-0.005817487192845361,338.28,0.809,0.014548910146716216,0.006642481232796191,0.0875906271378832
1163.3,1164.0,1150.3,1150.3,386100.0,445778800.0,1149.2599999999998,1142.2640000000001,51.58712759528479,0.003729401561144874,0.010782852634347195,-0.003755458515283805,338.28,0.809,0.007035151243495226,0.007322294352733198,0.0875906271378832
1151.3,1165.7,1150.0,1156.7,455100.0,526730200.0,1151.6,1144.6,53.35810835789399,-0.006048561306489231,0.003729401561144874,0.010782852634347195,338.28,0.809,0.010571378647562588,0.00690506341502545,0.0875906271378832
1147.7,1159.0,1147.7,1159.0,708600.0,819955000.0,1155.2599999999998,1146.6680000000001,54.009221260756824,0.005563765974093693,-0.006048561306489231,0.003729401561144874,338.28,0.809,0.010754638657396804,0.00613129437695612,0.0875906271378832
1152.3,1173.3,1149.0,1165.0,587700.0,683026000.0,1157.6599999999999,1148.52,55.7448316492682,0.0019884153194431597,0.005563765974093693,-0.006048561306489231,338.28,0.809,0.014348901194580868,0.004757354115740483,0.0875906271378832
1180.3,1181.7,1164.3,1174.7,411900.0,483252900.0,1161.14,1150.936,58.47327137780182,0.0051768766177739955,0.0019884153194431597,0.005563765974093693,338.28,0.809,0.02064754252191271,0.00553578450360854,0.0875906271378832
1171.7,1184.0,1171.7,1175.3,332700.0,391414800.0,1166.14,1153.068,58.64312011935425,0.008326180257510751,0.0051768766177739955,0.0019884153194431597,338.28,0.809,0.01928073626186831,0.0030934192511074044,0.0875906271378832
1165.7,1179.7,1160.0,1174.0,468600.0,549626200.0,1169.6,1155.056,58.08874542739178,0.0005107687069039191,0.008326180257510751,0.0051768766177739955,338.28,0.809,0.01640093640481497,0.0037810206448240543,0.0875906271378832
1183.3,1188.3,1178.0,1186.7,368700.0,436823500.0,1175.1399999999999,1157.576,61.88001051062099,-0.0011061005700672144,0.0005107687069039191,0.008326180257510751,338.28,0.809,0.025159471170791398,0.005051073059281551,0.0875906271378832
1192.3,1197.0,1179.7,1182.0,363000.0,429696400.0,1178.5400000000002,1159.936,59.726727900509026,0.010817717206133004,-0.0011061005700672144,0.0005107687069039191,338.28,0.809,0.01902173913043485,0.006343435984911138,0.0875906271378832
1180.3,1182.3,1166.0,1168.7,406500.0,476551200.0,1177.34,1161.884,54.00028216330373,-0.003960562905536369,0.010817717206133004,-0.0011061005700672144,338.28,0.809,0.005866334332859417,0.00799723227809764,0.0875906271378832
1175.3,1176.0,1161.3,1168.7,460500.0,538064600.0,1176.02,1164.42,54.00028216330373,-0.011252115059221635,-0.003960562905536369,0.010817717206133004,338.28,0.809,0.0036756496796688243,0.007976375754521021,0.0875906271378832
1160.0,1166.3,1152.3,1152.3,291000.0,336266700.0,1171.68,1167.032,47.48894054040936,0.0,-0.011252115059221635,-0.003960562905536369,338.28,0.809,-0.012623475620205762,0.009852915792786417,0.0875906271378832
1151.0,1152.0,1137.0,1145.3,349500.0,400428600.0,1163.4,1169.472,44.995046307619965,-0.014032685890305596,0.0,-0.011252115059221635,338.28,0.809,-0.020669156679253564,0.005626117923442071,0.0875906271378832
1153.3,1158.3,1142.3,1142.3,346800.0,397474500.0,1155.4599999999998,1166.136,43.930272533388106,-0.00607480690792328,-0.014032685890305596,0.0,338.28,0.809,-0.02044015449312946,0.005839013151408678,0.0875906271378832
1142.0,1143.3,1136.0,1136.0,225000.0,256017200.0,1148.92,1162.856,41.69866035171503,-0.0026194010302977855,-0.00607480690792328,-0.014032685890305596,338.28,0.809,-0.023094862992494337,0.005281455181131064,0.0875906271378832
1136.7,1145.7,1136.3,1143.3,307800.0,351449100.0,1143.84,1160.468,45.174083731782915,-0.005515188654468983,-0.0026194010302977855,-0.00607480690792328,338.28,0.809,-0.014794031373549395,0.007368930055041561,0.0875906271378832
1141.7,1143.3,1134.7,1140.0,255300.0,290644300.0,1141.3799999999999,1158.28,43.900081257255046,0.006426056338028063,-0.005515188654468983,-0.0026194010302977855,338.28,0.809,-0.015782021618261536,0.005025899233470803,0.0875906271378832
1135.0,1150.3,1134.3,1145.3,1462200.0,1674437200.0,1141.3799999999999,1157.212,46.50927321294454,-0.002886381527158144,0.006426056338028063,-0.005515188654468983,338.28,0.809,-0.010293705906955714,0.00520859196920038,0.0875906271378832
1137.7,1171.0,1135.3,1150.0,526800.0,607369200.0,1142.92,1156.652,48.78413483405591,0.004649122807017569,-0.002886381527158144,0.006426056338028063,338.28,0.809,-0.005751081569910434,0.0052275991843104925,0.0875906271378832
1162.3,1163.7,1147.0,1149.3,248100.0,285956700.0,1145.5800000000002,1156.504,48.453622552287506,0.0041037282807998565,0.004649122807017569,-0.002886381527158144,338.28,0.809,-0.006229118100758797,0.003909874026369403,0.0875906271378832
1140.7,1145.3,1133.3,1142.3,333300.0,380285100.0,1145.3799999999999,1156.128,45.15877142426209,-0.0006086956521739184,0.0041037282807998565,0.004649122807017569,338.28,0.809,-0.011960613357690476,0.004585686502064758,0.0875906271378832
1143.3,1156.7,1142.0,1154.7,386400.0,445664500.0,1148.3200000000002,1156.5159999999998,51.45605101590023,-0.006090663882363123,-0.0006086956521739184,0.0041037282807998565,338.28,0.809,-0.0015702333560450557,0.006333080820086436,0.0875906271378832
1162.7,1167.0,1159.0,1161.3,493200.0,573193100.0,1151.52,1157.34,54.45386229338835,0.01085529195482815,-0.006090663882363123,-0.0006086956521739184,338.28,0.809,0.0034216392762714816,0.0064372381911071246,0.0875906271378832
1165.0,1170.3,1158.3,1161.7,404400.0,470427500.0,1153.8600000000001,1157.688,54.63670369019955,0.005715770329955738,0.01085529195482815,-0.006090663882363123,338.28,0.809,0.0034655278451533947,0.006465655609469599,0.0875906271378832
1156.7,1156.7,1150.3,1152.7,346500.0,399506800.0,1154.54,1157.504,49.79319410989198,0.0003444415740980755,0.005715770329955738,0.01085529195482815,338.28,0.809,-0.004150309631759251,0.00783977158843627,0.0875906271378832
1150.0,1164.7,1150.0,1160.7,356100.0,412926000.0,1158.2199999999998,1157.92,53.720514699430225,-0.007747266936386277,0.0003444415740980755,0.005715770329955738,338.28,0.809,0.00240085670858088,0.007192294659372333,0.0875906271378832
1169.3,1181.0,1166.0,1178.3,381000.0,447837000.0,1162.94,1158.7839999999999,60.95639025263598,0.0069402272924439234,-0.007747266936386277,0.0003444415740980755,338.28,0.809,0.01684179277587547,0.00847841319939669,0.0875906271378832
1185.3,1188.3,1172.0,1179.3,484200.0,571124300.0,1166.54,1159.596,61.32637976390408,0.015163263547858907,0.0069402272924439234,-0.007747266936386277,338.28,0.809,0.01699212484347993,0.008523407896659223,0.0875906271378832
1244.3,1259.3,1243.0,1255.0,457200.0,572902100.0,1242.94,1215.608,71.12940898665549,0.008288404281000972,0.007621827616962618,0.002112618834809288,53.82,0.818,0.03240518324986349,0.003102104927017227,0.1120953832242075
1187.0,1196.0,1176.7,1195.0,1837500.0,2185786400.0,1235.8,1216.276,43.453388828554736,0.0015961691939345712,0.008288404281000972,0.007621827616962618,53.82,0.818,-0.01749274013464055,0.02377260227925371,0.1120953832242075
1215.3,1228.3,1210.3,1221.3,887400.0,1082159600.0,1233.4,1217.9560000000001,52.22781501507041,-0.047808764940239,0.0015961691939345712,0.008288404281000972,53.82,0.818,0.0027455835843001085,0.02685901087651101,0.1120953832242075
1221.3,1228.0,1216.7,1222.0,614100.0,750610300.0,1229.26,1220.1680000000001,52.439352276440005,0.022008368200836737,-0.047808764940239,0.0015961691939345712,53.82,0.818,0.0015014325896105126,0.026431707875840402,0.1120953832242075
1222.0,1223.7,1215.3,1221.3,477600.0,582237900.0,1222.92,1221.54,52.19047359717484,0.0005731597478098038,0.022008368200836737,-0.047808764940239,53.82,0.818,-0.00019647330418980067,0.02576860945269259,0.1120953832242075
1225.0,1242.0,1218.0,1239.7,592500.0,731534600.0,1219.8600000000001,1223.1680000000001,57.852899636735636,-0.0005728314238953036,0.0005731597478098038,0.022008368200836737,53.82,0.818,0.013515723105901989,0.027270131337738104,0.1120953832242075
1240.0,1252.0,1238.3,1249.7,466500.0,581717900.0,1230.8,1225.288,60.585116741000846,0.015065913370998274,-0.0005728314238953036,0.0005731597478098038,53.82,0.818,0.019923479214682616,0.009611597010496272,0.1120953832242075
1253.3,1259.0,1251.7,1254.3,429000.0,538471800.0,1237.4,1227.06,61.81149016720178,0.00806646769379693,0.015065913370998274,-0.0005728314238953036,53.82,0.818,0.02219940345215394,0.006373018233349716,0.1120953832242075
1255.3,1271.7,1255.3,1268.7,486600.0,616387000.0,1246.74,1229.288,65.43695598652403,0.003680883412018776,0.00806646769379693,0.015065913370998274,53.82,0.818,0.0320608352151815,0.006187787629904162,0.1120953832242075
1270.0,1281.3,1267.7,1278.3,408600.0,521712900.0,1258.1399999999999,1232.22,67.6424227818777,0.01148050705572845,0.003680883412018776,0.00806646769379693,53.82,0.818,0.0373959195598188,0.004301704533175698,0.1120953832242075
1290.3,1295.0,1269.3,1273.0,542100.0,691945500.0,1264.8,1235.288,65.16998440403891,0.00756680066209503,0.01148050705572845,0.003680883412018776,53.82,0.818,0.030528913095569606,0.00597572013466172,0.1120953832242075
1273.3,1286.3,1272.3,1272.7,421200.0,537966700.0,1269.4,1238.344,65.02510140462894,-0.004146131581005963,0.00756680066209503,0.01148050705572845,53.82,0.818,0.027743502613167256,0.006175259391752429,0.1120953832242075
1278.3,1280.0,1263.3,1264.3,741600.0,940175100.0,1271.4,1241.1840000000002,60.939893030361475,-0.00023566378633144147,-0.004146131581005963,0.00756680066209503,53.82,0.818,0.018624152422203118,0.0076950679712566245,0.1120953832242075
1264.3,1274.0,1256.3,1256.3,592200.0,747886000.0,1268.92,1242.864,57.25087571476854,-0.006600141431602147,-0.00023566378633144147,-0.004146131581005963,53.82,0.818,0.010810515068422549,0.005897430162435034,0.1120953832242075
1264.0,1275.0,1259.7,1271.0,1535700.0,1950650500.0,1267.46,1244.532,61.823985469609674,-0.0063276121173772015,-0.006600141431602147,-0.00023566378633144147,53.82,0.818,0.021267432255659215,0.007607059406842113,0.1120953832242075
1272.7,1278.3,1264.3,1269.3,558900.0,710920700.0,1266.72,1245.5559999999998,61.0111366340919,0.011701026824803007,-0.0063276121173772015,-0.006600141431602147,53.82,0.818,0.019062972680473737,0.007429521905162136,0.1120953832242075
1273.3,1276.3,1266.0,1267.3,412500.0,523495600.0,1265.6399999999999,1246.7559999999999,60.01147539891954,-0.001337529504327306,0.011701026824803007,-0.0063276121173772015,53.82,0.818,0.01647796361116377,0.0074390607018923255,0.1120953832242075
1270.3,1288.3,1267.3,1283.3,492900.0,632510200.0,1269.44,1248.74,64.95807104180193,-0.0015756716300322493,-0.001337529504327306,0.011701026824803007,53.82,0.818,0.027675897304482874,0.008589345710562682,0.1120953832242075
1283.3,1298.0,1282.7,1291.3,558300.0,720371900.0,1276.44,1251.032,67.14638145883185,0.012625266314211236,-0.0015756716300322493,-0.001337529504327306,53.82,0.818,0.032187825731076446,0.006829594058557747,0.1120953832242075
1291.3,1296.3,1283.0,1287.3,516600.0,666054400.0,1279.7,1253.072,64.96196829121018,0.006233928153978052,0.012625266314211236,-0.0015756716300322493,53.82,0.818,0.02731526999246657,0.006691607172691684,0.1120953832242075
1295.3,1302.7,1291.7,1300.0,565200.0,733715800.0,1285.8400000000001,1256.032,68.46928078688461,-0.003097653527452948,0.006233928153978052,0.012625266314211236,53.82,0.818,0.03500547756745057,0.006927714980442355,0.1120953832242075
1306.3,1312.7,1299.3,1306.7,473400.0,617806300.0,1293.72,1259.072,70.16597055315364,0.009865610191874596,-0.003097653527452948,0.006233928153978052,53.82,0.818,0.03782786051949385,0.005963495261916966,0.1120953832242075
1306.3,1310.7,1292.0,1295.3,460200.0,598035000.0,1296.1200000000001,1261.552,63.86844896694886,0.0051538461538462865,0.009865610191874596,-0.003097653527452948,53.82,0.818,0.026751176328839436,0.007593945770288311,0.1120953832242075
1286.7,1297.7,1282.3,1288.3,471900.0,608745800.0,1295.52,1263.376,60.290222010682875,-0.00872426723808073,0.0051538461538462865,0.009865610191874596,53.82,0.818,0.01972809361583565,0.007710897048286831,0.1120953832242075
1288.3,1297.7,1285.0,1294.7,488100.0,631034400.0,1297.0,1265.0439999999999,62.36621566977189,-0.005404153477958751,-0.00872426723808073,0.0051538461538462865,53.82,0.818,0.023442662863900527,0.007858496285757174,0.1120953832242075
1298.3,1304.7,1292.3,1292.7,562200.0,729315000.0,1295.54,1266.552,61.28791929244247,0.004967787006132207,-0.005404153477958751,-0.00872426723808073,53.82,0.818,0.020645026812953705,0.0061802325695853675,0.1120953832242075
1296.3,1303.7,1293.0,1300.7,755100.0,980894500.0,1294.34,1270.78,63.97129843369714,-0.001544759403722895,0.004967787006132207,-0.005404153477958751,53.82,0.818,0.023544594658398837,0.006453707338254186,0.1120953832242075
1300.0,1300.0,1285.7,1286.7,502500.0,648480000.0,1292.62,1273.396,56.579993040573434,0.0061885975090894,-0.001544759403722895,0.004967787006132207,53.82,0.818,0.01044765336156238,0.007103242332753618,0.1120953832242075
1289.0,1289.7,1277.3,1285.0,507600.0,652836600.0,1291.96,1275.916,55.73783873220983,-0.010763435073422034,0.0061885975090894,-0.001544759403722895,53.82,0.818,0.007119590944858486,0.0067405098511778595,0.1120953832242075
1282.3,1294.0,1276.7,1276.7,1432500.0,1833346800.0,1288.3600000000001,1278.132,51.69236797102551,-0.0013212092950960486,-0.010763435073422034,0.0061885975090894,53.82,0.818,-0.0011203850619497958,0.006351396831528302,0.1120953832242075
1283.3,1289.7,1283.3,1283.3,814200.0,1046409300.0,1286.48,1279.876,54.519185049696674,-0.006459143968871595,-0.0013212092950960486,-0.010763435073422034,53.82,0.818,0.0026752591657316633,0.007314614420262586,0.1120953832242075
1279.0,1279.0,1267.0,1272.0,868800.0,1107320200.0,1280.74,1280.7679999999998,49.20970592053711,0.005169577817811577,-0.006459143968871595,-0.0013212092950960486,53.82,0.818,-0.0068458924645211335,0.006426321932586968,0.1120953832242075
1272.0,1282.7,1272.0,1276.3,935100.0,1192757900.0,1278.66,1281.648,51.158932849130565,-0.008805423517493915,0.005169577817811577,-0.006459143968871595,53.82,0.818,-0.004172752581051862,0.006046475688383293,0.1120953832242075
1282.3,1295.0,1275.7,1291.7,1513800.0,1948828900.0,1280.0,1282.568,57.4562351656507,0.003380503144654101,-0.008805423517493915,0.005169577817811577,53.82,0.818,0.00712009031879796,0.008620786020379315,0.1120953832242075
1268.0,1279.0,1258.5,1270.0,841300.0,1069098750.0,1278.6599999999999,1282.2359999999999,48.05415336913338,0.012066128653138053,0.003380503144654101,-0.008805423517493915,53.82,0.818,-0.009542705087050962,0.011603093636554323,0.1120953832242075
1270.0,1287.5,1261.0,1287.5,885500.0,1134117700.0,1279.5,1282.8159999999998,54.51797874045721,-0.016799566462801008,0.012066128653138053,0.003380503144654101,53.82,0.818,0.0036513420474956638,0.01326680995064025,0.1120953832242075
1266.5,1274.0,1246.5,1260.5,864700.0,1088666000.0,1277.2,1282.328,45.17746002285335,0.013779527559055094,-0.016799566462801008,0.012066128653138053,53.82,0.818,-0.01702216593570442,0.016234967473372542,0.1120953832242075
1260.5,1269.5,1243.0,1265.0,639800.0,807162150.0,1274.94,1282.356,46.813032929962645,-0.020970873786407718,0.013779527559055094,-0.016799566462801008,53.82,0.818,-0.013534463128803543,0.016250033558447067,0.1120953832242075
1267.0,1286.5,1267.0,1271.5,515000.0,656047150.0,1270.9,1282.964,49.17188281561465,0.0035700119000396935,-0.020970873786407718,0.013779527559055094,53.82,0.818,-0.008935558597123491,0.015035911588759483,0.1120953832242075
1289.0,1292.5,1277.5,1281.5,618600.0,794820050.0,1273.2,1283.384,52.651060887382535,0.005138339920948587,0.0035700119000396935,-0.020970873786407718,53.82,0.818,-0.0014679939908866049,0.01335150735998187,0.1120953832242075
1281.5,1302.0,1277.0,1296.5,613800.0,795126250.0,1275.0,1284.472,57.36530177888639,0.007864726700747227,0.005138339920948587,0.0035700119000396935,53.82,0.818,0.009364158969599976,0.012914213601539366,0.1120953832242075
1296.5,1311.5,1295.5,1295.5,587900.0,764189700.0,1282.0,1285.6,56.958155137732724,0.011705033164260525,0.007864726700747227,0.005138339920948587,53.82,0.818,0.00770068450528943,0.00467116976346615,0.1120953832242075
1295.0,1309.5,1285.5,1301.0,570000.0,741726350.0,1289.2,1286.308,58.69457997553438,-0.0007713073659852965,0.011705033164260525,0.007864726700747227,53.82,0.818,0.011421836760713615,0.004610727324956866,0.1120953832242075
1301.0,1305.0,1265.0,1266.5,539200.0,686353850.0,1288.2,1285.3159999999998,46.12450384404343,0.004245465071401,-0.0007713073659852965,0.011705033164260525,53.82,0.818,-0.014639201565996072,0.01515152092717763,0.1120953832242075
1261.0,1290.5,1256.0,1271.0,863600.0,1098168000.0,1286.1,1284.664,47.69789666908411,-0.02651806302843962,0.004245465071401,-0.0007713073659852965,53.82,0.818,-0.010636244185249985,0.014657209979989799,0.1120953832242075
1278.5,1291.0,1278.5,1286.5,438900.0,563977050.0,1284.1,1284.124,52.81000110576068,0.0035530990919858674,-0.02651806302843962,0.004245465071401,53.82,0.818,0.0018502886014123063,0.014769281179580485,0.1120953832242075
1289.5,1294.0,1282.0,1286.0,392600.0,505010850.0,1282.2,1283.2959999999998,52.63129162995676,0.012195121951219523,0.0035530990919858674,-0.02651806302843962,53.82,0.818,0.0021070742837195617,0.01477472682381011,0.1120953832242075
1278.5,1286.5,1276.0,1280.5,486400.0,622620150.0,1278.1,1282.704,50.602754637841755,-0.0003886513797124458,0.012195121951219523,0.0035530990919858674,53.82,0.818,-0.001718245207000174,0.01445117345024724,0.1120953832242075
1299.5,1299.5,1281.0,1284.5,577900.0,743768000.0,1281.7,1282.552,52.05021782555464,-0.004276827371695213,-0.0003886513797124458,0.012195121951219523,53.82,0.818,0.0015188467991941793,0.006106978816481432,0.1120953832242075
1284.5,1292.0,1277.5,1279.0,505800.0,648705100.0,1283.3,1281.924,49.88566617222379,0.0031237797735259587,-0.004276827371695213,-0.0003886513797124458,53.82,0.818,-0.002280946452363774,0.006839880088168822,0.1120953832242075
1272.5,1292.5,1272.5,1288.0,479300.0,616177650.0,1283.6,1281.7359999999999,53.3074861844377,-0.004281821720513834,0.0031237797735259587,-0.004276827371695213,53.82,0.818,0.004887121841003236,0.004892742854181093,0.1120953832242075
1299.5,1316.5,1288.0,1316.5,563800.0,738360200.0,1289.7,1282.368,62.12646133649543,0.0070367474589523304,-0.004281821720513834,0.0031237797735259587,53.82,0.818,0.026616384688326646,0.010873163127106638,0.1120953832242075
1308.0,1320.0,1300.0,1300.0,584600.0,762664200.0,1293.6,1282.9,55.58125989244953,0.022127329192546563,0.0070367474589523304,-0.004281821720513834,53.82,0.818,0.013329176085431372,0.013004104070300445,0.1120953832242075
1313.5,1323.0,1312.5,1317.0,554200.0,730076300.0,1300.1,1284.18,60.23015702938869,-0.01253323205469048,0.022127329192546563,0.0070367474589523304,53.82,0.818,0.025557164883427505,0.013750096241626455,0.1120953832242075
1318.0,1320.0,1289.5,1291.0,723100.0,942319950.0,1302.5,1284.752,51.374158563271386,0.013076923076922986,-0.01253323205469048,0.022127329192546563,53.82,0.818,0.004863195387125334,0.017586205747235108,0.1120953832242075
1295.0,1308.0,1272.5,1272.5,608000.0,779091500.0,1299.4,1284.32,46.17198167159891,-0.019741837509491322,0.013076923076922986,-0.01253323205469048,53.82,0.818,-0.009203313815871386,0.01861987702243582,0.1120953832242075
1286.0,1301.0,1283.0,1290.5,1952700.0,2521179500.0,1294.2,1285.06,51.335418271493374,-0.014329976762199825,-0.019741837509491322,0.013076923076922986,53.82,0.818,0.004233265372823101,0.016187417530346093,0.1120953832242075
1291.5,1304.5,1289.5,1304.5,750600.0,975079700.0,1295.1,1286.1879999999999,54.954682755392895,0.01414538310412583,-0.014329976762199825,-0.019741837509491322,53.82,0.818,0.014237420968007886,0.016436832838049337,0.1120953832242075
1304.0,1314.5,1291.5,1293.0,581100.0,754689500.0,1290.3,1286.24,51.56237879658967,0.010848508330104645,0.01414538310412583,-0.014329976762199825,53.82,0.818,0.00525562880955342,0.015219641501232041,0.1120953832242075
1287.0,1301.0,1281.0,1300.5,813900.0,1053449550.0,1292.2,1287.46,53.57512450004172,-0.008815638175546203,0.010848508330104645,0.01414538310412583,53.82,0.818,0.010128470010718751,0.012477884869781086,0.1120953832242075
1300.5,1319.5,1298.5,1313.0,613200.0,803345650.0,1300.3,1288.48,56.797308512376674,0.0058004640371229765,-0.008815638175546203,0.010848508330104645,53.82,0.818,0.019030175090028547,0.008971296718726419,0.1120953832242075
1302.0,1320.5,1302.0,1311.5,724200.0,950094900.0,1304.5,1290.52,56.29239701276022,0.009611687812379754,0.0058004640371229765,-0.008815638175546203,53.82,0.818,0.016257012677060423,0.008209532708229134,0.1120953832242075
1323.0,1323.0,1304.5,1307.5,478200.0,626180550.0,1305.1,1292.22,54.89106016905954,-0.0011424219345010922,0.009611687812379754,0.0058004640371229765,46.72,0.81,0.011824611908188986,0.007300628307236413,0.12794199387750022
1332.0,1332.0,1216.0,1258.0,178000.0,224813000.0,1284.0,1311.6,46.71494489736452,0.04212168486739465,0.0015624999999999112,0.012658227848101333,582.08,0.776,-0.040866117718816646,0.037050390115261386,0.12309491001711971
1170.0,1196.0,1102.0,1106.0,108500.0,123519000.0,1252.4,1305.6,34.37435051806774,-0.058383233532934176,0.04212168486739465,0.0015624999999999112,582.08,0.776,-0.15287990196078424,0.06504867038485984,0.12309491001711971
1104.0,1170.0,1082.0,1170.0,175500.0,197014000.0,1230.4,1300.72,41.39440360226031,-0.12082670906200321,-0.058383233532934176,0.04212168486739465,582.08,0.776,-0.10049818562027187,0.07403827854744967,0.12309491001711971
1178.0,1178.0,1078.0,1086.0,64000.0,71559000.0,1191.2,1294.8,35.95762360765865,0.05786618444846292,-0.12082670906200321,-0.058383233532934176,582.08,0.776,-0.16126042632066726,0.07701251082674007,0.12309491001711971
1106.0,1116.0,1070.0,1102.0,60000.0,65700000.0,1144.4,1287.28,37.63777008367277,-0.07179487179487176,0.05786618444846292,-0.12082670906200321,582.08,0.776,-0.14393139021813434,0.0713478074315665,0.12309491001711971
1090.0,1126.0,1084.0,1118.0,33000.0,36575000.0,1116.4,1280.64,39.35127772610969,0.014732965009208066,-0.07179487179487176,0.05786618444846292,582.08,0.776,-0.1269990004997502,0.07297904384308918,0.12309491001711971
1134.0,1148.0,1132.0,1140.0,38000.0,43293000.0,1123.2,1272.56,41.72239737306131,0.014519056261343088,0.014732965009208066,-0.07179487179487176,582.08,0.776,-0.10416797636260762,0.04762632436304821,0.12309491001711971
1134.0,1144.0,1116.0,1116.0,40000.0,45160000.0,1112.4,1263.6,39.89020397205779,0.019677996422182487,0.014519056261343088,0.014732965009208066,582.08,0.776,-0.11680911680911675,0.03881705359312231,0.12309491001711971
1120.0,1130.0,1100.0,1108.0,48500.0,53868000.0,1116.8,1252.96,39.27113513487866,-0.021052631578947323,0.019677996422182487,0.014519056261343088,582.08,0.776,-0.11569403652151708,0.01749224799247565,0.12309491001711971
1116.0,1116.0,1092.0,1092.0,21000.0,23111000.0,1114.8,1241.44,38.00090813351258,-0.007168458781361964,-0.021052631578947323,0.019677996422182487,582.08,0.776,-0.12037633715685014,0.017936159660729166,0.12309491001711971
1082.0,1090.0,1074.0,1074.0,50500.0,54553000.0,1106.0,1231.04,36.56791125074279,-0.014440433212996373,-0.007168458781361964,-0.021052631578947323,582.08,0.776,-0.12756693527423965,0.016205913745297302,0.12309491001711971
1094.0,1096.0,1074.0,1074.0,61000.0,65926000.0,1092.8,1221.12,36.56791125074279,-0.016483516483516536,-0.014440433212996373,-0.007168458781361964,582.08,0.776,-0.1204795597484276,0.008294657498591004,0.12309491001711971
1084.0,1090.0,1066.0,1072.0,52500.0,56295000.0,1084.0,1209.92,36.39107430544794,0.0,-0.016483516483516536,-0.014440433212996373,582.08,0.776,-0.11399100766992865,0.007345285927271649,0.12309491001711971
1070.0,1070.0,1030.0,1036.0,53000.0,55406000.0,1069.6,1199.04,33.27211015066136,-0.0018621973929237035,0.0,-0.016483516483516536,582.08,0.776,-0.13597544702428607,0.013513959244805791,0.12309491001711971
1038.0,1048.0,1028.0,1048.0,83000.0,86431000.0,1060.8,1187.04,35.26381970289816,-0.03358208955223885,-0.0018621973929237035,0.0,582.08,0.776,-0.11713168890686074,0.0174037104162108,0.12309491001711971
1044.0,1076.0,1028.0,1072.0,47000.0,49746000.0,1060.4,1175.2,39.17421800001964,0.01158301158301156,-0.03358208955223885,-0.0018621973929237035,582.08,0.776,-0.08781484002722945,0.021152134176661903,0.12309491001711971
1076.0,1076.0,1056.0,1070.0,22500.0,24067000.0,1059.6,1163.76,38.96300056876112,0.022900763358778553,0.01158301158301156,-0.03358208955223885,582.08,0.776,-0.08056643981576957,0.02116435036474959,0.12309491001711971
1046.0,1054.0,1026.0,1034.0,68500.0,71131000.0,1052.0,1152.4,35.276055812617074,-0.001865671641791078,0.022900763358778553,0.01158301158301156,582.08,0.776,-0.10274210343630691,0.025895321661276737,0.12309491001711971
1026.0,1032.0,1014.0,1018.0,27000.0,27554000.0,1048.4,1142.16,33.74757843205707,-0.03364485981308407,-0.001865671641791078,0.022900763358778553,582.08,0.776,-0.10870631084961833,0.022243287716242146,0.12309491001711971
1016.0,1024.0,1012.0,1012.0,21500.0,21848000.0,1041.2,1130.0,33.16720986229046,-0.015473887814313358,-0.03364485981308407,-0.001865671641791078,582.08,0.776,-0.10442477876106195,0.020634841093062406,0.12309491001711971
1010.0,1028.0,1010.0,1016.0,26500.0,27037000.0,1030.0,1119.36,33.982317511091665,-0.005893909626719096,-0.015473887814313358,-0.03364485981308407,582.08,0.776,-0.09233847913093188,0.014705715656034369,0.12309491001711971
1020.0,1042.0,1014.0,1042.0,33500.0,34608000.0,1024.4,1110.48,39.175151645384695,0.0039525691699604515,-0.005893909626719096,-0.015473887814313358,582.08,0.776,-0.061667026871262895,0.02206193337745304,0.12309491001711971
1042.0,1048.0,1022.0,1026.0,26500.0,27345000.0,1022.8,1100.32,37.23418808274572,0.025590551181102317,0.0039525691699604515,-0.005893909626719096,582.08,0.776,-0.0675439872037225,0.017103708401992004,0.12309491001711971
1026.0,1040.0,1018.0,1028.0,34000.0,34933000.0,1024.8,1090.16,37.65003891918576,-0.015355086372360827,0.025590551181102317,0.0039525691699604515,582.08,0.776,-0.057019153151830995,0.015197287417989215,0.12309491001711971
1028.0,1028.0,992.0,996.0,68000.0,67997000.0,1021.6,1076.56,33.792267998483894,0.0019493177387914784,-0.015355086372360827,0.025590551181102317,582.08,0.776,-0.07483094300364118,0.02141324866454226,0.12309491001711971
1030.0,1034.0,1014.0,1032.0,104500.0,107532000.0,1024.8,1067.52,41.10360682637897,-0.0311284046692607,0.0019493177387914784,-0.015355086372360827,582.08,0.776,-0.03327338129496401,0.02788677270148711,0.12309491001711971
1022.0,1022.0,997.0,1008.0,59500.0,60026000.0,1018.0,1063.6,38.08416889475547,0.03614457831325302,-0.0311284046692607,0.0019493177387914784,582.08,0.776,-0.05227529146295592,0.026718594354166823,0.12309491001711971
1020.0,1026.0,1004.0,1010.0,22000.0,22294000.0,1014.8,1057.2,38.48967521852211,-0.023255813953488413,0.03614457831325302,-0.0311284046692607,582.08,0.776,-0.04464623533863039,0.02637728262368504,0.12309491001711971
1010.0,1018.0,1004.0,1010.0,26000.0,26305000.0,1011.2,1054.16,38.48967521852211,0.001984126984126977,-0.023255813953488413,0.03614457831325302,582.08,0.776,-0.04189117401532982,0.026302706222603275,0.12309491001711971
1010.0,1020.0,996.0,1014.0,55500.0,55763000.0,1014.8,1050.64,39.410115071775216,0.0,0.001984126984126977,-0.023255813953488413,582.08,0.776,-0.03487398157313647,0.021189303775890886,0.12309491001711971
1006.0,1022.0,1004.0,1018.0,73000.0,74106000.0,1012.0,1046.64,40.37103967896691,0.003960396039603964,0.0,0.001984126984126977,582.08,0.776,-0.027363754490560364,0.01162199267929828,0.12309491001711971
1018.0,1020.0,1002.0,1018.0,40500.0,41090000.0,1014.0,1041.76,40.37103967896691,0.0039447731755424265,0.003960396039603964,0.0,582.08,0.776,-0.022807556442942703,0.001976303128491526,0.12309491001711971
1018.0,1040.0,1016.0,1040.0,35500.0,36665000.0,1020.0,1038.72,45.849101287256325,0.0,0.0039447731755424265,0.003960396039603964,582.08,0.776,0.0012322858903265294,0.009000562564218788,0.12309491001711971
1036.0,1054.0,1034.0,1050.0,35500.0,37175000.0,1028.0,1036.4,48.179515635711184,0.0216110019646365,0.0,0.0039447731755424265,582.08,0.776,0.013122346584330286,0.008433286245945727,0.12309491001711971
1056.0,1094.0,1050.0,1080.0,56500.0,60963000.0,1041.2,1035.92,54.50504216847151,0.009615384615384581,0.0216110019646365,0.0,582.08,0.776,0.042551548382114376,0.012028666591845748,0.12309491001711971
1080.0,1080.0,1052.0,1064.0,38500.0,40967000.0,1050.4,1035.52,50.93406584703301,0.02857142857142847,0.009615384615384581,0.0216110019646365,582.08,0.776,0.027503090234857867,0.017252552216771154,0.12309491001711971
1064.0,1064.0,1046.0,1050.0,39000.0,41206000.0,1056.8,1034.56,47.9724101747249,-0.014814814814814836,0.02857142857142847,0.009615384615384581,582.08,0.776,0.014924218991648678,0.01978546828132345,0.12309491001711971
1062.0,1064.0,1032.0,1046.0,36000.0,37685000.0,1058.0,1033.52,47.129205553892135,-0.013157894736842146,-0.014814814814814836,0.02857142857142847,582.08,0.776,0.01207523802151871,0.018081066249836058,0.12309491001711971
1046.0,1056.0,1036.0,1052.0,26500.0,27825000.0,1058.4,1034.16,48.58894027395229,-0.003809523809523818,-0.013157894736842146,-0.014814814814814836,582.08,0.776,0.01725071555658691,0.01771352412904065,0.12309491001711971
1054.0,1084.0,1054.0,1074.0,45500.0,48712000.0,1057.2,1035.2,53.64288634114892,0.005736137667303964,-0.003809523809523818,-0.013157894736842146,582.08,0.776,0.03748068006182376,0.014765573640024456,0.12309491001711971
1074.0,1074.0,1052.0,1068.0,44000.0,46722000.0,1058.0,1035.04,52.13753526754437,0.02091254752851701,0.005736137667303964,-0.003809523809523818,582.08,0.776,0.03184417993507501,0.01309329337294124,0.12309491001711971
1098.0,1098.0,1068.0,1080.0,64500.0,70067000.0,1064.0,1035.44,54.865560550810805,-0.005586592178770999,0.02091254752851701,0.005736137667303964,582.08,0.776,0.04303484509000999,0.010953171759560378,0.12309491001711971
1084.0,1108.0,1072.0,1102.0,51500.0,56385000.0,1075.2,1038.16,59.43091652300632,0.011235955056179803,-0.005586592178770999,0.02091254752851701,582.08,0.776,0.061493411420204896,0.01104371027353555,0.12309491001711971
1106.0,1114.0,1092.0,1106.0,58000.0,63966000.0,1086.0,1041.68,60.2188079584297,0.020370370370370372,0.011235955056179803,-0.005586592178770999,582.08,0.776,0.061746409645956464,0.011309447851370885,0.12309491001711971
1106.0,1132.0,1106.0,1128.0,44500.0,50000000.0,1096.8,1046.32,64.32282380724925,0.003629764065335772,0.020370370370370372,0.011235955056179803,582.08,0.776,0.07806407217677198,0.011072415971004706,0.12309491001711971
1128.0,1158.0,1128.0,1150.0,88000.0,100543000.0,1113.2,1051.68,67.8902340875845,0.019891500904159143,0.003629764065335772,0.020370370370370372,582.08,0.776,0.09348851361630908,0.0073565051819936104,0.12309491001711971
1150.0,1194.0,1142.0,1148.0,129000.0,149470000.0,1126.8,1055.92,67.23207467354035,0.019503546099290725,0.019891500904159143,0.003629764065335772,582.08,0.776,0.08720357602848693,0.010570219302855066,0.12309491001711971
1148.0,1166.0,1144.0,1146.0,31000.0,35738000.0,1135.6,1060.72,66.53741134112788,-0.0017391304347825765,0.019503546099290725,0.019891500904159143,582.08,0.776,0.08039822007692884,0.010983590061155131,0.12309491001711971
1146.0,1146.0,1112.0,1116.0,46500.0,52493000.0,1137.6,1064.24,57.02033469564322,-0.0017421602787456303,-0.0017391304347825765,0.019503546099290725,582.08,0.776,0.04863564609486581,0.01902926101215239,0.12309491001711971
1114.0,1124.0,1096.0,1112.0,49000.0,54439000.0,1134.4,1068.88,55.87281114048032,-0.02617801047120416,-0.0017421602787456303,-0.0017391304347825765,582.08,0.776,0.04034129181947448,0.016177341448982478,0.12309491001711971
1122.0,1138.0,1056.0,1060.0,44500.0,48175000.0,1116.4,1070.0,43.59112576741897,-0.0035842293906810374,-0.02617801047120416,-0.0017421602787456303,582.08,0.776,-0.009345794392523364,0.020067003904656613,0.12309491001711971
1066.0,1076.0,1052.0,1056.0,51500.0,54713000.0,1098.0,1071.92,42.8115475372662,-0.046762589928057596,-0.0035842293906810374,-0.02617801047120416,582.08,0.776,-0.014851854616016187,0.019723200972382064,0.12309491001711971
1056.0,1100.0,1056.0,1082.0,54500.0,59203000.0,1085.2,1074.8,49.174273942677836,-0.0037735849056603765,-0.046762589928057596,-0.0035842293906810374,582.08,0.776,0.006698920729438077,0.026857627414717648,0.12309491001711971
1078.0,1084.0,1066.0,1068.0,61000.0,65440000.0,1075.6,1077.12,46.19397640581955,0.024621212121212155,-0.0037735849056603765,-0.046762589928057596,582.08,0.776,-0.008467023172905425,0.02562834492374267,0.12309491001711971
1068.0,1096.0,1062.0,1066.0,44000.0,47288000.0,1066.4,1079.2,45.767236749500164,-0.012939001848428888,0.024621212121212155,-0.0037735849056603765,582.08,0.776,-0.012231282431430731,0.02572147396222846,0.12309491001711971
1082.0,1104.0,1044.0,1052.0,146500.0,157076000.0,1064.8,1080.56,42.787503891910916,-0.0018726591760299671,-0.012939001848428888,0.024621212121212155,582.08,0.776,-0.026430739616495103,0.015441629129332257,0.12309491001711971
1072.0,1106.0,1048.0,1074.0,258500.0,277668000.0,1068.4,1082.8,48.46555820651716,-0.013133208255159512,-0.0018726591760299671,-0.012939001848428888,582.08,0.776,-0.008127077946065714,0.018200760271596218,0.12309491001711971
1068.0,1148.0,1026.0,1124.0,122500.0,133456000.0,1076.8,1086.16,58.53718151034211,0.02091254752851701,-0.013133208255159512,-0.0018726591760299671,139.94,0.779,0.03483832952787795,0.025669510084941786,0.12318713961209156
1084.0,1106.0,1038.0,1086.0,204000.0,222402000.0,1080.4,1087.6,50.4650074962277,0.04655493482309114,0.02091254752851701,-0.013133208255159512,139.94,0.779,-0.0014711290915777025,0.03104054276854744,0.12318713961209156
1068.0,1100.0,1052.0,1052.0,116500.0,125432000.0,1077.6,1086.48,44.54601763438891,-0.03380782918149461,0.04655493482309114,0.02091254752851701,139.94,0.779,-0.03173551284883294,0.0349179873158691,0.12318713961209156
978.0,988.0,917.0,917.0,129500.0,126008000.0,1050.6,1080.6,29.667087571941607,-0.03130755064456725,-0.03380782918149461,0.04655493482309114,139.94,0.779,-0.15139737183046448,0.0671224847346779,0.12318713961209156
931.0,1004.0,931.0,986.0,61000.0,59164500.0,1033.0,1078.04,40.58965846946965,-0.1283269961977186,-0.03130755064456725,-0.03380782918149461,139.94,0.779,-0.08537716596786758,0.0796769407450878,0.12318713961209156
972.0,1012.0,958.0,983.0,43500.0,42890500.0,1004.8,1075.52,40.296642037577634,0.07524536532170112,-0.1283269961977186,-0.03130755064456725,139.94,0.779,-0.08602350490925319,0.07301072511251451,0.12318713961209156
985.0,987.0,958.0,975.0,42000.0,40854500.0,982.6,1072.44,39.478201090930206,-0.0030425963488843744,0.07524536532170112,-0.1283269961977186,139.94,0.779,-0.09085822983103954,0.07307291889682814,0.12318713961209156
989.0,1006.0,982.0,1000.0,59000.0,58497500.0,972.2,1069.48,43.350336457504945,-0.008138351983723258,-0.0030425963488843744,0.07524536532170112,139.94,0.779,-0.06496615177469425,0.07510710758145246,0.12318713961209156
1000.0,1028.0,1000.0,1028.0,26500.0,27072000.0,994.4,1067.88,47.40873789028291,0.02564102564102555,-0.008138351983723258,-0.0030425963488843744,139.94,0.779,-0.03734502003970493,0.033196020540581204,0.12318713961209156
1032.0,1038.0,1020.0,1026.0,42000.0,43244000.0,1002.4,1065.72,47.148909877687856,0.028000000000000025,0.02564102564102555,-0.008138351983723258,139.94,0.779,-0.03727057763765344,0.017265946579301035,0.12318713961209156
1034.0,1056.0,1026.0,1034.0,38000.0,39413000.0,1012.6,1063.0,48.36787766624063,-0.0019455252918287869,0.028000000000000025,0.02564102564102555,139.94,0.779,-0.027281279397930385,0.016161854744986014,0.12318713961209156
1056.0,1096.0,1044.0,1096.0,43000.0,46120000.0,1036.8,1062.6,56.702525124106174,0.007797270955165692,-0.0019455252918287869,0.028000000000000025,139.94,0.779,0.031432335780161955,0.02370415717091262,0.12318713961209156
1080.0,1098.0,1048.0,1048.0,18000.0,19212000.0,1046.4,1059.4,49.97637931099354,0.05996131528046411,0.007797270955165692,-0.0019455252918287869,139.94,0.779,-0.010760808004530952,0.038280704446780396,0.12318713961209156
1060.0,1066.0,1046.0,1066.0,29500.0,31198000.0,1054.0,1056.04,52.26320512421474,-0.04379562043795615,0.05996131528046411,0.007797270955165692,139.94,0.779,0.00943146092951028,0.037302077824439006,0.12318713961209156
1048.0,1064.0,1044.0,1060.0,15500.0,16386000.0,1060.8,1052.52,51.4193880753698,0.01717557251908386,-0.04379562043795615,0.05996131528046411,139.94,0.779,0.007106753315851497,0.03757892137629159,0.12318713961209156
1062.0,1080.0,1060.0,1080.0,19000.0,20303000.0,1070.0,1049.88,54.080787831550396,-0.0056285178236398226,0.01717557251908386,-0.04379562043795615,139.94,0.779,0.028688993027774497,0.037954390196229135,0.12318713961209156
1074.0,1090.0,1066.0,1074.0,14500.0,15627000.0,1065.6,1048.2,53.1402491612016,0.018867924528301883,-0.0056285178236398226,0.01717557251908386,139.94,0.779,0.02461362335432165,0.025297646816012157,0.12318713961209156
1074.0,1090.0,1068.0,1078.0,21500.0,23217000.0,1071.6,1046.84,53.71812957238093,-0.005555555555555536,0.018867924528301883,-0.0056285178236398226,139.94,0.779,0.029765771273547136,0.011874420605066006,0.12318713961209156
1062.0,1116.0,1062.0,1104.0,51000.0,55892000.0,1079.2,1048.6,57.39592196057051,0.003724394785847407,-0.005555555555555536,0.018867924528301883,139.94,0.779,0.05283234789242809,0.013799405077034747,0.12318713961209156
1094.0,1094.0,1074.0,1076.0,30500.0,32922000.0,1082.4,1049.4,52.5526353127789,0.024118738404452778,0.003724394785847407,-0.005555555555555536,139.94,0.779,0.0253478178006479,0.01984823494268221,0.12318713961209156
1072.0,1110.0,1064.0,1104.0,34500.0,37633000.0,1087.2,1050.28,56.505218122573574,-0.025362318840579712,0.024118738404452778,0.003724394785847407,139.94,0.779,0.05114826522451159,0.021456574090299833,0.12318713961209156
1092.0,1122.0,1092.0,1122.0,10500.0,11723000.0,1096.8,1052.44,58.876886831207756,0.026022304832713727,-0.025362318840579712,0.024118738404452778,139.94,0.779,0.06609402911329856,0.02109669501729627,0.12318713961209156
1124.0,1124.0,1106.0,1110.0,17500.0,19484000.0,1103.2,1054.2,56.65880432780114,0.016304347826086918,0.026022304832713727,-0.025362318840579712,139.94,0.779,0.05293113261240747,0.022900082875936624,0.12318713961209156
1108.0,1116.0,1098.0,1102.0,15000.0,16595000.0,1102.8,1056.2,55.16668629148619,-0.010695187165775444,0.016304347826086918,0.026022304832713727,139.94,0.779,0.043362999431925724,0.020930803833880997,0.12318713961209156
1082.0,1086.0,1060.0,1080.0,40000.0,42981000.0,1103.6,1056.44,51.175387064260214,-0.007207207207207245,-0.010695187165775444,0.016304347826086918,139.94,0.779,0.022301313846503298,0.01939003011303252,0.12318713961209156
1084.0,1096.0,1070.0,1080.0,55000.0,59538000.0,1098.8,1054.68,51.175387064260214,-0.019963702359346636,-0.007207207207207245,-0.010695187165775444,139.94,0.779,0.024007281829559614,0.013580594896634884,0.12318713961209156
1076.0,1076.0,1036.0,1042.0,43000.0,45056000.0,1082.8,1052.92,44.69727157384731,0.0,-0.019963702359346636,-0.007207207207207245,139.94,0.779,-0.010371158302625149,0.01356078514217102,0.12318713961209156
1030.0,1046.0,1010.0,1038.0,39000.0,40234000.0,1068.4,1052.36,44.06494438715863,-0.03518518518518521,0.0,-0.019963702359346636,139.94,0.779,-0.013645520544300335,0.014377713703836295,0.12318713961209156
1018.0,1054.0,1018.0,1052.0,9500.0,9957000.0,1058.4,1057.76,46.89657191996417,-0.0038387715930902067,-0.03518518518518521,0.0,139.94,0.779,-0.005445469671759181,0.018835747315022744,0.12318713961209156
1072.0,1072.0,1016.0,1026.0,33000.0,34007000.0,1047.6,1059.36,42.58497237185455,0.01348747591522148,-0.0038387715930902067,-0.03518518518518521,139.94,0.779,-0.0314907113729043,0.019624152028311328,0.12318713961209156
1040.0,1074.0,1034.0,1050.0,53000.0,55754000.0,1041.6,1062.04,47.39296428312025,-0.024714828897338448,0.01348747591522148,-0.0038387715930902067,139.94,0.779,-0.011336672818349557,0.0247404455916478,0.12318713961209156
1044.0,1066.0,1030.0,1052.0,92500.0,97085000.0,1043.6,1065.12,47.78536862476319,0.023391812865497075,-0.024714828897338448,0.01348747591522148,139.94,0.779,-0.012317860898302438,0.018284854020075514,0.12318713961209156
1072.0,1072.0,1048.0,1066.0,35000.0,37226000.0,1049.2,1067.76,50.5651213740263,0.0019047619047618536,0.023391812865497075,-0.024714828897338448,139.94,0.779,-0.0016483104817561914,0.01851175283581202,0.12318713961209156
1068.0,1076.0,1052.0,1076.0,53000.0,56464000.0,1054.0,1069.68,52.50991510438934,0.013307984790874583,0.0019047619047618536,0.023391812865497075,139.94,0.779,0.0059083090269986685,0.018155073249447855,0.12318713961209156
1078.0,1150.0,1074.0,1150.0,81000.0,90725000.0,1078.8,1074.64,63.84500129848943,0.009380863039399667,0.013307984790874583,0.0019047619047618536,139.94,0.779,0.07012580957343845,0.02654782963082403,0.12318713961209156
1146.0,1156.0,1126.0,1150.0,53500.0,61267000.0,1098.8,1079.28,63.845001298489436,0.06877323420074344,0.009380863039399667,0.013307984790874583,139.94,0.779,0.06552516492476468,0.028526371139686767,0.12318713961209156
1150.0,1162.0,1130.0,1138.0,33000.0,37833000.0,1116.0,1080.96,61.10218020481454,0.0,0.06877323420074344,0.009380863039399667,139.94,0.779,0.052767910005920626,0.030784171382157745,0.12318713961209156
1142.0,1144.0,1134.0,1142.0,15500.0,17687000.0,1131.2,1084.72,61.69294254518405,-0.01043478260869568,0.0,0.06877323420074344,139.94,0.779,0.052806254148536,0.031321454511843656,0.12318713961209156
1142.0,1178.0,1130.0,1178.0,78000.0,90282000.0,1151.6,1089.2,66.60828183677464,0.0035149384885764245,-0.01043478260869568,0.0,139.94,0.779,0.08152772677194267,0.03201906940722035,0.12318713961209156
1166.0,1166.0,1124.0,1124.0,48000.0,54409000.0,1146.4,1091.76,55.17233745524082,0.031523642732049106,0.0035149384885764245,-0.01043478260869568,139.94,0.779,0.029530299699567678,0.027955874953435947,0.12318713961209156
1064.0,1088.0,1032.0,1036.0,71000.0,74901000.0,1123.6,1090.0,42.397448802557435,-0.04584040747028861,0.031523642732049106,0.0035149384885764245,139.94,0.779,-0.04954128440366973,0.04290905891366116,0.12318713961209156
1050.0,1098.0,1050.0,1086.0,34500.0,37129000.0,1113.2,1090.48,49.545788443149874,-0.07829181494661919,-0.04584040747028861,0.031523642732049106,139.94,0.779,-0.004108282591152536,0.05299265048833719,0.12318713961209156
1070.0,1086.0,1066.0,1076.0,49500.0,53297000.0,1100.0,1090.4,48.25596824503899,0.04826254826254828,-0.07829181494661919,-0.04584040747028861,139.94,0.779,-0.013206162876008886,0.05259549638108637,0.12318713961209156
1090.0,1100.0,1082.0,1092.0,33000.0,36068000.0,1082.8,1089.92,50.477388043166634,-0.009208103130755041,0.04826254826254828,-0.07829181494661919,139.94,0.779,0.0019083969465648186,0.0496998441290609,0.12318713961209156
1092.0,1132.0,1092.0,1132.0,37500.0,42009000.0,1084.4,1092.16,55.608324143608016,0.014869888475836479,-0.009208103130755041,0.04826254826254828,139.94,0.779,0.036478171696454655,0.05019081123583661,0.12318713961209156
1140.0,1142.0,1106.0,1106.0,41000.0,45897000.0,1098.4,1092.24,51.848017527133116,0.03663003663003672,0.014869888475836479,-0.009208103130755041,139.94,0.779,0.012597963817476004,0.02996204211129288,0.12318713961209156
1094.0,1094.0,1070.0,1082.0,32000.0,34535000.0,1097.6,1090.64,48.58226136457224,-0.02296819787985871,0.03663003663003672,0.014869888475836479,139.94,0.779,-0.007921954082006986,0.02571455490205467,0.12318713961209156
1088.0,1110.0,1088.0,1094.0,40000.0,43846000.0,1101.2,1090.0,50.26894623457657,-0.02169981916817365,-0.02296819787985871,0.03663003663003672,139.94,0.779,0.003669724770642202,0.025593217738251774,0.12318713961209156
1092.0,1092.0,1044.0,1078.0,39500.0,42284000.0,1098.4,1089.04,48.007663004206535,0.01109057301293892,-0.02169981916817365,-0.02296819787985871,139.94,0.779,-0.010137368691691732,0.02574049721666508,0.12318713961209156
1078.0,1084.0,1058.0,1058.0,33000.0,35289000.0,1083.6,1088.16,45.26654801867102,-0.014625228519195566,0.01109057301293892,-0.02169981916817365,139.94,0.779,-0.027716512277606308,0.014038045954858818,0.12318713961209156
1074.0,1078.0,1056.0,1066.0,40000.0,42724000.0,1075.6,1087.6,46.580445928563584,-0.01855287569573283,-0.014625228519195566,0.01109057301293892,139.94,0.779,-0.019860242736300028,0.015384256785970704,0.12318713961209156
1056.0,1076.0,1048.0,1052.0,52000.0,55096000.0,1069.6,1088.0,44.5643149214437,0.007561436672967936,-0.01855287569573283,-0.014625228519195566,139.94,0.779,-0.03308823529411765,0.01376368766997622,0.12318713961209156
1064.0,1064.0,1030.0,1044.0,53000.0,55316000.0,1059.6,1088.24,43.40811569185271,-0.013133208255159512,0.007561436672967936,-0.01855287569573283,139.94,0.779,-0.040652797177093296,0.010196145957037148,0.12318713961209156
1048.0,1054.0,1026.0,1032.0,39500.0,40968000.0,1050.4,1087.44,41.66204444244853,-0.0076045627376425395,-0.013133208255159512,0.007561436672967936,139.94,0.779,-0.050982123151622205,0.009876225935808645,0.12318713961209156
1026.0,1032.0,1008.0,1032.0,56500.0,57739000.0,1045.2,1087.68,41.66204444244853,-0.011494252873563204,-0.0076045627376425395,-0.013133208255159512,139.94,0.779,-0.05119152691968232,0.008629544204235848,0.12318713961209156
1034.0,1034.0,1012.0,1012.0,23000.0,23451000.0,1034.4,1086.16,38.656445292782834,0.0,-0.011494252873563204,-0.0076045627376425395,139.94,0.779,-0.06827723355675046,0.007163270422294217,0.12318713961209156
1018.0,1028.0,1010.0,1014.0,24500.0,24935000.0,1026.8,1084.64,39.12936022939785,-0.019379844961240345,0.0,-0.011494252873563204,139.94,0.779,-0.06512759994099433,0.00870268097324942,0.12318713961209156
1004.0,1008.0,999.0,1004.0,22000.0,22086500.0,1018.8,1082.16,37.56978099651643,0.0019762845849802257,-0.019379844961240345,0.0,139.94,0.779,-0.07222591853330383,0.008780604719668775,0.12318713961209156
997.0,1002.0,992.0,993.0,68000.0,67857500.0,1011.0,1078.84,35.87589264805577,-0.009861932938856066,0.0019762845849802257,-0.019379844961240345,139.94,0.779,-0.07956694227132839,0.00872640246070357,0.12318713961209156
993.0,1016.0,993.0,1012.0,27500.0,27676500.0,1007.0,1073.32,40.8376669803352,-0.010956175298804771,-0.009861932938856066,0.0019762845849802257,139.94,0.779,-0.057131144486266855,0.014916591947214123,0.12318713961209156
1004.0,1008.0,995.0,997.0,27000.0,26999000.0,1004.0,1067.2,38.31692351956845,0.019133937562940684,-0.010956175298804771,-0.009861932938856066,139.94,0.779,-0.06577961019490258,0.013827329231233948,0.12318713961209156
995.0,1018.0,993.0,1000.0,101000.0,101186500.0,1001.2,1061.68,39.126229238810154,-0.014822134387351804,0.019133937562940684,-0.010956175298804771,139.94,0.779,-0.05809660161253868,0.013925854321415668,0.12318713961209156
998.0,1024.0,985.0,1010.0,61000.0,61433000.0,1002.4,1056.4,41.8643496762438,0.0030090270812437314,-0.014822134387351804,0.019133937562940684,268.12,0.784,-0.0439227565316169,0.01420205521276826,0.12308905339699505
1004.0,1022.0,991.0,1000.0,30000.0,30222000.0,1003.8,1049.28,39.93012170408697,0.010000000000000009,0.0030090270812437314,-0.014822134387351804,268.12,0.784,-0.04696553827386396,0.013981025335987047,0.12308905339699505
1022.0,1022.0,989.0,1004.0,31000.0,31236500.0,1002.2,1044.48,41.102333463743896,-0.00990099009900991,0.010000000000000009,0.0030090270812437314,268.12,0.784,-0.03875612745098041,0.01037880119471816,0.12308905339699505
1002.0,1008.0,984.0,1008.0,70500.0,70427500.0,1004.4,1043.36,42.314604912122824,0.0040000000000000036,-0.00990099009900991,0.010000000000000009,268.12,0.784,-0.03389050759086021,0.007320342770868364,0.12308905339699505
1006.0,1024.0,1002.0,1012.0,34500.0,34925000.0,1006.8,1040.4,43.56552892755031,0.003984063745019917,0.0040000000000000036,-0.00990099009900991,268.12,0.784,-0.027297193387158872,0.007358710976936931,0.12308905339699505
1016.0,1048.0,1016.0,1020.0,36000.0,37209000.0,1008.8,1038.16,46.08378081427341,0.003968253968253954,0.003984063745019917,0.0040000000000000036,268.12,0.784,-0.017492486707251367,0.0068613842942869645,0.12308905339699505
1022.0,1022.0,996.0,996.0,14500.0,14548000.0,1008.0,1034.32,40.27720649910896,0.007905138339920903,0.003968253968253954,0.003984063745019917,268.12,0.784,-0.037048495629979056,0.012855422804188981,0.12308905339699505
1008.0,1024.0,997.0,997.0,33000.0,33248000.0,1006.6,1028.92,40.61297265222125,-0.02352941176470591,0.007905138339920903,0.003968253968253954,268.12,0.784,-0.031022820044318382,0.012647727049520694,0.12308905339699505
1006.0,1006.0,975.0,976.0,27500.0,27150000.0,1000.2,1023.72,36.031705678823684,0.0010040160642570406,-0.02352941176470591,0.007905138339920903,268.12,0.784,-0.04661430860000784,0.014793298988706184,0.12308905339699505
984.0,984.0,963.0,963.0,18000.0,17504000.0,990.4,1018.96,33.51156775938712,-0.02106318956870612,0.0010040160642570406,-0.02352941176470591,268.12,0.784,-0.0549187406767685,0.013765381972388014,0.12308905339699505
974.0,974.0,961.0,968.0,18500.0,17925000.0,980.0,1013.92,35.383517297157525,-0.013319672131147486,-0.02106318956870612,0.0010040160642570406,268.12,0.784,-0.045289569196780774,0.012920515182594352,0.12308905339699505
971.0,978.0,959.0,967.0,17000.0,16500000.0,974.2,1009.48,35.17024320833005,0.005192107995846351,-0.013319672131147486,-0.02106318956870612,268.12,0.784,-0.042081071442723,0.010946981010800228,0.12308905339699505
968.0,984.0,960.0,972.0,34500.0,33554500.0,969.2,1006.04,37.20819882737467,-0.0010330578512396382,0.005192107995846351,-0.013319672131147486,268.12,0.784,-0.03383563277802072,0.011729235530047205,0.12308905339699505
958.0,983.0,958.0,961.0,51500.0,49833500.0,966.2,1001.84,34.62909494608682,0.005170630816959676,-0.0010330578512396382,0.005192107995846351,268.12,0.784,-0.04076499241395835,0.008851353986869153,0.12308905339699505
969.0,972.0,934.0,934.0,56000.0,53233500.0,960.4,997.12,29.26669051502647,-0.011316872427983515,0.005170630816959676,-0.0010330578512396382,268.12,0.784,-0.0633023106546855,0.014064192026657629,0.12308905339699505
939.0,960.0,937.0,960.0,40500.0,38404500.0,958.8,993.76,39.05389470262963,-0.02809573361082207,-0.011316872427983515,0.005170630816959676,268.12,0.784,-0.03397198518757043,0.020670591296296368,0.12308905339699505
963.0,967.0,946.0,946.0,56000.0,53495000.0,954.6,990.32,36.15308398286914,0.027837259100642386,-0.02809573361082207,-0.011316872427983515,268.12,0.784,-0.04475321108328626,0.021468955686601343,0.12308905339699505
948.0,951.0,925.0,932.0,47500.0,44346500.0,946.6,986.32,33.47536472760787,-0.014583333333333282,0.027837259100642386,-0.02809573361082207,268.12,0.784,-0.05507340416903241,0.021145534870964745,0.12308905339699505
940.0,940.0,912.0,916.0,34500.0,31723500.0,937.6,982.48,30.678742080972498,-0.014799154334038,-0.014583333333333282,0.027837259100642386,268.12,0.784,-0.06766549955215376,0.021520261434770333,0.12308905339699505
923.0,936.0,916.0,934.0,38500.0,35754000.0,937.6,979.28,37.050217239257215,-0.01716738197424894,-0.014799154334038,-0.014583333333333282,268.12,0.784,-0.0462380524466955,0.02172149186576145,0.12308905339699505
932.0,952.0,932.0,944.0,21500.0,20331000.0,934.4,976.88,40.331408339881996,0.01965065502183405,-0.01716738197424894,-0.014799154334038,268.12,0.784,-0.03365817705347637,0.01713729864740356,0.12308905339699505
944.0,944.0,932.0,936.0,35000.0,32793500.0,932.4,974.6,38.59809213189747,0.010706638115631772,0.01965065502183405,-0.01716738197424894,268.12,0.784,-0.03960599220192902,0.016324797666793782,0.12308905339699505
942.0,965.0,938.0,965.0,59000.0,56007000.0,939.0,972.72,47.4197420176786,-0.008474576271186418,0.010706638115631772,0.01965065502183405,268.12,0.784,-0.007936507936507964,0.019826657384596748,0.12308905339699505
965.0,975.0,955.0,955.0,33500.0,32219500.0,946.8,971.04,45.017923986898545,0.030982905982905873,-0.008474576271186418,0.010706638115631772,268.12,0.784,-0.0165183720547042,0.017878932398016235,0.12308905339699505
967.0,969.0,957.0,959.0,23500.0,22627500.0,951.8,969.4,46.1919370959442,-0.010362694300518172,0.030982905982905873,-0.008474576271186418,268.12,0.784,-0.01072828553744582,0.016771101107191703,0.12308905339699505
954.0,954.0,941.0,945.0,15000.0,14208000.0,952.0,966.8,42.75119002841671,0.004188481675392763,-0.010362694300518172,0.030982905982905873,268.12,0.784,-0.022548613984277984,0.018501369185572596,0.12308905339699505
953.0,959.0,935.0,945.0,34500.0,32626500.0,953.8,964.6,42.75119002841671,-0.014598540145985384,0.004188481675392763,-0.010362694300518172,268.12,0.784,-0.020319303338171286,0.017868528225129188,0.12308905339699505
945.0,952.0,943.0,945.0,15000.0,14192000.0,949.8,962.24,42.751190028416715,0.0,-0.014598540145985384,0.004188481675392763,268.12,0.784,-0.017916528101097447,0.007933232865091892,0.12308905339699505
947.0,950.0,938.0,943.0,35500.0,33469000.0,947.4,959.64,42.19045613959902,0.0,0.0,-0.014598540145985384,268.12,0.784,-0.017339835771747726,0.00713718200850041,0.12308905339699505
952.0,971.0,947.0,966.0,31500.0,30280500.0,948.8,957.8,50.2687635647535,-0.002116402116402072,0.0,0.0,268.12,0.784,0.008561286281060811,0.014148308016151284,0.12308905339699505
952.0,956.0,936.0,956.0,65500.0,62088000.0,951.0,955.24,47.18166201054668,0.024390243902439046,-0.002116402116402072,0.0,268.12,0.784,0.0007956115740546782,0.013020178122898551,0.12308905339699505
957.0,966.0,948.0,952.0,53000.0,50706500.0,952.4,953.48,45.96566928756004,-0.010351966873705987,0.024390243902439046,-0.002116402116402072,268.12,0.784,-0.0015522087511012483,0.013342211578114226,0.12308905339699505
948.0,953.0,937.0,941.0,30500.0,28815500.0,951.6,951.24,42.70606643430334,-0.004184100418409997,-0.010351966873705987,0.024390243902439046,268.12,0.784,-0.010764896345822304,0.01461701655028982,0.12308905339699505
945.0,945.0,935.0,935.0,11000.0,10325000.0,950.0,949.6,40.998255735517446,-0.011554621848739455,-0.004184100418409997,-0.010351966873705987,268.12,0.784,-0.01537489469250213,0.014838064584315733,0.12308905339699505
934.0,943.0,926.0,939.0,27500.0,25713000.0,944.6,948.64,42.64495837710668,-0.006376195536663132,-0.011554621848739455,-0.004184100418409997,268.12,0.784,-0.010161916006071836,0.006289181085444081,0.12308905339699505
945.0,947.0,931.0,931.0,23000.0,21571000.0,939.6,947.16,40.22682229532664,0.004278074866310266,-0.006376195536663132,-0.011554621848739455,268.12,0.784,-0.01706153131466697,0.005992195031684014,0.12308905339699505
938.0,947.0,933.0,945.0,31500.0,29633500.0,938.2,946.28,45.99777396078303,-0.008519701810436597,0.004278074866310266,-0.006376195536663132,268.12,0.784,-0.0013526651730988426,0.010965860819588516,0.12308905339699505
949.0,951.0,939.0,939.0,12500.0,11779000.0,937.8,944.96,44.03553338733866,0.015037593984962516,-0.008519701810436597,0.004278074866310266,268.12,0.784,-0.006307145275990556,0.009965443083217711,0.12308905339699505
935.0,939.0,925.0,934.0,29000.0,27029000.0,937.6,943.88,42.411832919327786,-0.006349206349206327,0.015037593984962516,-0.008519701810436597,268.12,0.784,-0.010467432300716189,0.009817437833254805,0.12308905339699505
934.0,988.0,934.0,988.0,47500.0,45499000.0,947.4,946.04,59.69630048043071,-0.005324813631522929,-0.006349206349206327,0.015037593984962516,268.12,0.784,0.044353304300029636,0.02808666703843317,0.12308905339699505
990.0,991.0,971.0,991.0,28500.0,28087000.0,959.4,947.28,60.40726902577276,0.05781584582441113,-0.005324813631522929,-0.006349206349206327,268.12,0.784,0.04615319652056417,0.026561024142000223,0.12308905339699505
996.0,996.0,976.0,979.0,19000.0,18650500.0,966.2,948.6,56.14116382376948,0.0030364372469635637,0.05781584582441113,-0.005324813631522929,268.12,0.784,0.03204722749314777,0.028689541300793833,0.12308905339699505
989.0,989.0,958.0,958.0,25000.0,24186500.0,970.0,949.64,49.546695511067675,-0.012108980827447047,0.0030364372469635637,0.05781584582441113,268.12,0.784,0.008803336001010924,0.031186841762489887,0.12308905339699505
959.0,959.0,935.0,935.0,17000.0,16025000.0,970.2,950.4,43.51754670270234,-0.021450459652706866,-0.012108980827447047,0.0030364372469635637,268.12,0.784,-0.01620370370370368,0.03366335152279887,0.12308905339699505
936.0,941.0,928.0,928.0,18000.0,16797000.0,958.2,950.16,41.84847190321758,-0.024008350730688965,-0.021450459652706866,-0.012108980827447047,268.12,0.784,-0.023322387808369083,0.01094502219882179,0.12308905339699505
930.0,930.0,900.0,900.0,61000.0,55736000.0,940.0,948.4,35.91472971454773,-0.007486631016042744,-0.024008350730688965,-0.021450459652706866,268.12,0.784,-0.05103331927456767,0.009164396859541658,0.12308905339699505
898.0,916.0,898.0,908.0,15000.0,13608000.0,925.8,947.28,38.59376348836217,-0.030172413793103425,-0.007486631016042744,-0.024008350730688965,268.12,0.784,-0.04146609239084534,0.01565225047852581,0.12308905339699505
903.0,907.0,881.0,881.0,27000.0,24052000.0,910.4,943.92,33.50321159444613,0.008888888888888946,-0.030172413793103425,-0.007486631016042744,268.12,0.784,-0.06665819137215014,0.01691397342809556,0.12308905339699505
889.0,908.0,875.0,908.0,45500.0,40705500.0,905.0,942.04,41.77404114132686,-0.029735682819383213,0.008888888888888946,-0.030172413793103425,268.12,0.784,-0.03613434673686888,0.026046412568474616,0.12308905339699505
912.0,917.0,903.0,903.0,26500.0,24067500.0,900.0,939.8,40.76291677638915,0.030646992054483624,-0.029735682819383213,0.008888888888888946,268.12,0.784,-0.03915726750372415,0.026025064280532605,0.12308905339699505
902.0,912.0,880.0,901.0,36000.0,32233500.0,900.2,938.04,40.342283873451244,-0.005506607929515406,0.030646992054483624,-0.029735682819383213,268.12,0.784,-0.03948658905803587,0.02200468872770447,0.12308905339699505
926.0,926.0,914.0,923.0,17000.0,15657500.0,903.2,937.16,46.84052791122144,-0.0022148394241418012,-0.005506607929515406,0.030646992054483624,268.12,0.784,-0.015109479704639515,0.024458535819557252,0.12308905339699505
928.0,928.0,896.0,907.0,29000.0,26270500.0,908.4,935.64,43.15857308022225,0.02441731409544956,-0.0022148394241418012,-0.005506607929515406,268.12,0.784,-0.03061006369971355,0.020561305498000546,0.12308905339699505
917.0,917.0,906.0,915.0,7500.0,6850000.0,909.8,934.52,45.466768610917605,-0.017334777898158182,0.02441731409544956,-0.0022148394241418012,268.12,0.784,-0.020887728459530006,0.01578241483983758,0.12308905339699505
909.0,909.0,895.0,900.0,39000.0,35078500.0,909.2,931.88,42.02119173228501,0.008820286659316334,-0.017334777898158182,0.02441731409544956,268.12,0.784,-0.03421041335794308,0.017654204754018663,0.12308905339699505
908.0,914.0,901.0,901.0,20500.0,18644000.0,909.2,929.68,42.3349347483649,-0.016393442622950838,0.008820286659316334,-0.017334777898158182,268.12,0.784,-0.030849324498752207,0.017638025231004828,0.12308905339699505
912.0,916.0,905.0,907.0,23000.0,20933000.0,906.0,927.88,44.283108099746315,0.0011111111111110628,-0.016393442622950838,0.008820286659316334,268.12,0.784,-0.02250290985903349,0.01258846886752808,0.12308905339699505
907.0,925.0,900.0,922.0,24500.0,22494000.0,909.0,927.12,48.92845840760208,0.006659267480577213,0.0011111111111110628,-0.016393442622950838,268.12,0.784,-0.005522478212097684,0.012345198730080156,0.12308905339699505
921.0,932.0,911.0,911.0,25500.0,23477500.0,908.2,926.16,45.90582489407433,0.016538037486218293,0.006659267480577213,0.0011111111111110628,268.12,0.784,-0.0163686620022458,0.013480967163370185,0.12308905339699505
908.0,932.0,908.0,932.0,28500.0,26312500.0,914.6,925.88,52.00201198005951,-0.01193058568329719,0.016538037486218293,0.006659267480577213,268.12,0.784,0.006609927852421485,0.01361757190614939,0.12308905339699505
932.0,932.0,913.0,922.0,15000.0,13790000.0,918.8,925.52,49.16087126476236,0.023051591657519133,-0.01193058568329719,0.016538037486218293,423.48,0.783,-0.0038032673524072756,0.015775032200109652,0.12299311926605505
921.0,922.0,896.0,896.0,52500.0,47338500.0,916.6,923.56,42.638147901518465,-0.010729613733905574,0.023051591657519133,-0.01193058568329719,423.48,0.783,-0.02984104985057814,0.021401859639172273,0.12299311926605505
917.0,918.0,904.0,904.0,13000.0,11804000.0,913.0,922.16,45.053874520195066,-0.02819956616052066,-0.010729613733905574,0.023051591657519133,423.48,0.783,-0.019692894942309327,0.019952984769944705,0.12299311926605505
915.0,924.0,909.0,914.0,22000.0,20143500.0,913.6,921.36,48.00174299063177,0.008928571428571397,-0.02819956616052066,-0.010729613733905574,423.48,0.783,-0.00798819136928021,0.020251042187412884,0.12299311926605505
925.0,925.0,921.0,921.0,4500.0,4151500.0,911.4,918.68,50.02301071670281,0.01106194690265494,0.008928571428571397,-0.02819956616052066,423.48,0.783,0.002525362476596911,0.01692360226770594,0.12299311926605505
921.0,928.0,915.0,927.0,8500.0,7852500.0,912.4,916.12,51.75415346231783,0.007658643326039494,0.01106194690265494,0.008928571428571397,423.48,0.783,0.011876173427061952,0.016517284212027594,0.12299311926605505
923.0,927.0,918.0,927.0,6000.0,5545500.0,918.6,914.04,51.75415346231784,0.006514657980456029,0.007658643326039494,0.01106194690265494,423.48,0.783,0.014178810555336787,0.004175773245229719,0.12299311926605505
930.0,934.0,914.0,914.0,15000.0,13806500.0,920.6,912.28,47.61011752855995,0.0,0.006514657980456029,0.007658643326039494,423.48,0.783,0.001885386065681619,0.00993714887231404,0.12299311926605505
925.0,940.0,923.0,940.0,9000.0,8401500.0,925.8,912.48,55.31634270036679,-0.014023732470334394,0.0,0.006514657980456029,423.48,0.783,0.030159565141153758,0.015357506042658262,0.12299311926605505
929.0,954.0,920.0,937.0,35500.0,33063500.0,929.0,912.84,54.32342331256642,0.02844638949671774,-0.014023732470334394,0.0,423.48,0.783,0.026466850707681486,0.01577581737328636,0.12299311926605505
944.0,958.0,944.0,950.0,21500.0,20416500.0,933.6,914.84,57.853835181110476,-0.0031914893617021045,0.02844638949671774,-0.014023732470334394,423.48,0.783,0.03843295002404788,0.01645055402585802,0.12299311926605505
950.0,960.0,948.0,960.0,11000.0,10479000.0,940.2,916.92,60.3900028902713,0.01387406616862319,-0.0031914893617021045,0.02844638949671774,423.48,0.783,0.04698337913885622,0.016320380836482462,0.12299311926605505
952.0,960.0,921.0,921.0,36000.0,33650500.0,941.6,918.52,48.206441142995686,0.010526315789473717,0.01387406616862319,-0.0031914893617021045,423.48,0.783,0.0026999956451683343,0.026252414850636355,0.12299311926605505
924.0,924.0,900.0,903.0,30000.0,27284000.0,934.2,918.32,43.813000196958214,-0.04062500000000002,0.010526315789473717,0.01387406616862319,423.48,0.783,-0.016682637860440858,0.022595677657664976,0.12299311926605505
903.0,913.0,897.0,911.0,22000.0,19858000.0,929.0,918.64,46.16152233873055,-0.019543973941368087,-0.04062500000000002,0.010526315789473717,423.48,0.783,-0.008316641992510653,0.02381867659730649,0.12299311926605505
920.0,920.0,901.0,910.0,28000.0,25606000.0,921.0,919.0,45.9032387327344,0.008859357696566983,-0.019543973941368087,-0.04062500000000002,423.48,0.783,-0.009793253536452665,0.021633599249087563,0.12299311926605505
910.0,916.0,900.0,906.0,17500.0,15847000.0,910.2,918.32,44.82289660484195,-0.001097694840834218,0.008859357696566983,-0.019543973941368087,423.48,0.783,-0.01341580277027621,0.01927471006104288,0.12299311926605505
916.0,928.0,904.0,928.0,26500.0,24345500.0,911.6,919.16,51.573579729342704,-0.00439560439560438,-0.001097694840834218,0.008859357696566983,423.48,0.783,0.009617476826667862,0.016259513429049587,0.12299311926605505
934.0,960.0,925.0,952.0,34000.0,32124500.0,921.4,920.64,57.65939944682174,0.024282560706401668,-0.00439560439560438,-0.001097694840834218,423.48,0.783,0.03406326034063262,0.014007365094176143,0.12299311926605505
988.0,1010.0,978.0,986.0,71000.0,70190500.0,936.4,924.08,64.47130122009406,0.02586206896551735,0.024282560706401668,-0.00439560439560438,423.48,0.783,0.06700718552506271,0.017767944379266487,0.12299311926605505
976.0,983.0,975.0,978.0,15500.0,15153000.0,950.0,927.16,61.94595979524933,0.03571428571428581,0.02586206896551735,0.024282560706401668,423.48,0.783,0.05483411708874416,0.019641250905591035,0.12299311926605505
974.0,1006.0,968.0,1006.0,25000.0,24895500.0,970.0,931.12,66.84150637807222,-0.008113590263691739,0.03571428571428581,0.02586206896551735,423.48,0.783,0.08041928000687344,0.01700266708498208,0.12299311926605505
1004.0,1044.0,1004.0,1044.0,52500.0,54178000.0,993.2,936.0,72.08934724204994,0.02862985685071573,-0.008113590263691739,0.03571428571428581,423.48,0.783,0.11538461538461539,0.018595106169409004,0.12299311926605505
1028.0,1054.0,1022.0,1032.0,42500.0,43889000.0,1009.2,940.84,68.40745052007411,0.0377733598409542,0.02862985685071573,-0.008113590263691739,423.48,0.783,0.0968921389396709,0.024281603337760617,0.12299311926605505
1046.0,1054.0,1020.0,1040.0,39500.0,41086000.0,1020.0,945.16,69.52492773726189,-0.011494252873563204,0.0377733598409542,0.02862985685071573,423.48,0.783,0.10034279910279745,0.021848651653740787,0.12299311926605505
1000.0,1010.0,992.0,1002.0,37500.0,37486000.0,1024.8,948.36,58.872579385398616,0.007751937984496138,-0.011494252873563204,0.0377733598409542,423.48,0.783,0.05656079969631784,0.030154968923589015,0.12299311926605505
1022.0,1030.0,1014.0,1024.0,17500.0,17920000.0,1028.4,953.48,62.45879796254215,-0.03653846153846152,0.007751937984496138,-0.011494252873563204,423.48,0.783,0.07396064941058017,0.02898497846676933,0.12299311926605505
1024.0,1048.0,1012.0,1038.0,37500.0,38514000.0,1027.2,958.84,64.57568085540427,0.02195608782435121,-0.03653846153846152,0.007751937984496138,423.48,0.783,0.08255809102665718,0.023409024899147247,0.12299311926605505
1007.0,1081.0,992.0,1019.0,103400.0,105982000.0,1009.6,988.8,53.049980979748625,0.0,0.003984063745019917,-0.0049554013875123815,106.95,0.795,0.03054207119741105,0.007997157402742225,0.11694588327084372
1004.0,1019.0,970.0,975.0,57400.0,56645700.0,1002.8,987.56,44.21368882825659,0.010912698412698374,0.0,0.003984063745019917,106.95,0.795,-0.012718214589493243,0.02123108929802847,0.11694588327084372
986.0,991.0,940.0,940.0,29900.0,28776700.0,990.0,985.12,38.692732787331465,-0.04317958783120701,0.010912698412698374,0.0,106.95,0.795,-0.04580152671755726,0.024820562366674268,0.11694588327084372
942.0,950.0,912.0,920.0,34600.0,31909700.0,972.4,984.24,35.931638749289846,-0.03589743589743588,-0.04317958783120701,0.010912698412698374,106.95,0.795,-0.06526863366658539,0.023048576693463708,0.11694588327084372
915.0,916.0,899.0,901.0,33000.0,29861600.0,951.0,985.56,33.48688650775988,-0.021276595744680882,-0.03589743589743588,-0.04317958783120701,106.95,0.795,-0.085798936645156,0.020780384967384852,0.11694588327084372
910.0,915.0,898.0,915.0,28500.0,25904700.0,930.2,984.16,36.89400743715475,-0.020652173913043526,-0.021276595744680882,-0.03589743589743588,106.95,0.795,-0.07027312632092339,0.022633317161027792,0.11694588327084372
915.0,915.0,897.0,903.0,35500.0,32132100.0,915.8,984.44,35.22825925455017,0.015538290788013276,-0.020652173913043526,-0.021276595744680882,106.95,0.795,-0.08272723578887495,0.019001016282640844,0.11694588327084372
910.0,915.0,896.0,897.0,27600.0,24880900.0,907.2,981.48,34.3921415409433,-0.013114754098360604,0.015538290788013276,-0.020652173913043526,106.95,0.795,-0.08607409218730898,0.015089986619039231,0.11694588327084372
904.0,907.0,899.0,904.0,25900.0,23395900.0,904.0,978.96,36.2919169043231,-0.006644518272425293,-0.013114754098360604,0.015538290788013276,106.95,0.795,-0.07657105499713986,0.01488895283434097,0.11694588327084372
890.0,897.0,881.0,886.0,38900.0,34478400.0,901.0,976.04,33.59780033601359,0.0078037904124861335,-0.006644518272425293,-0.013114754098360604,106.95,0.795,-0.09225031760993399,0.014676739863118855,0.11694588327084372
887.0,906.0,887.0,897.0,19300.0,17317300.0,897.4,973.16,36.690788396645665,-0.019911504424778736,0.0078037904124861335,-0.006644518272425293,106.95,0.795,-0.07826051214599858,0.013711138097719204,0.11694588327084372
902.0,915.0,902.0,907.0,12600.0,11430100.0,898.2,970.76,39.451926352931274,0.01241534988713311,-0.019911504424778736,0.0078037904124861335,106.95,0.795,-0.0656804977543368,0.013922210350018416,0.11694588327084372
918.0,918.0,903.0,905.0,25500.0,23154500.0,899.8,967.88,39.08477637089019,0.011148272017837302,0.01241534988713311,-0.019911504424778736,106.95,0.795,-0.06496673141298508,0.013449338105718784,0.11694588327084372
917.0,917.0,894.0,899.0,25700.0,23153600.0,898.8,962.64,37.9439392294926,-0.0022050716648290836,0.011148272017837302,0.01241534988713311,106.95,0.795,-0.0661098645391839,0.013400911110310994,0.11694588327084372
904.0,905.0,894.0,905.0,36700.0,33080700.0,902.6,957.84,39.835165238981425,-0.006629834254143652,-0.0022050716648290836,0.011148272017837302,106.95,0.795,-0.05516578969347702,0.008369129954877687,0.11694588327084372
897.0,907.0,887.0,907.0,27600.0,24741800.0,904.6,952.92,40.48625362229895,0.006674082313681939,-0.006629834254143652,-0.0022050716648290836,106.95,0.795,-0.0481887251815472,0.00702587930562047,0.11694588327084372
899.0,905.0,881.0,881.0,36800.0,32667400.0,899.4,946.76,35.1594431772061,0.0022099447513812542,0.006674082313681939,-0.006629834254143652,106.95,0.795,-0.0694579407664033,0.013749504919870573,0.11694588327084372
880.0,881.0,865.0,872.0,42300.0,36862300.0,892.8,941.36,33.5155995985435,-0.02866593164277842,0.0022099447513812542,0.006674082313681939,106.95,0.795,-0.07368063227670606,0.013703685937953335,0.11694588327084372
878.0,879.0,870.0,873.0,27400.0,23965000.0,887.6,935.4,33.88547678490191,-0.010215664018161208,-0.02866593164277842,0.0022099447513812542,106.95,0.795,-0.06670942912123154,0.014233449046524101,0.11694588327084372
873.0,880.0,867.0,870.0,28800.0,25130600.0,880.6,928.96,33.287174502261564,0.0011467889908256534,-0.010215664018161208,-0.02866593164277842,106.95,0.795,-0.06346882535308306,0.012654120282069919,0.11694588327084372
879.0,881.0,871.0,878.0,18300.0,16037800.0,874.8,923.32,36.50667534404606,-0.0034364261168384758,0.0011467889908256534,-0.010215664018161208,106.95,0.795,-0.049083741281462596,0.014311570966208633,0.11694588327084372
887.0,887.0,866.0,873.0,30200.0,26370200.0,873.2,917.88,35.358168288675884,0.009195402298850519,-0.0034364261168384758,0.0011467889908256534,106.95,0.795,-0.04889528042881422,0.007386692187226391,0.11694588327084372
877.0,877.0,861.0,862.0,37700.0,32665700.0,871.2,912.2,32.90550827082083,-0.005694760820045608,0.009195402298850519,-0.0034364261168384758,106.95,0.795,-0.0550317912738435,0.008107600737633695,0.11694588327084372
870.0,875.0,865.0,875.0,29500.0,25716000.0,871.6,906.88,38.34837236298377,-0.012600229095074411,-0.005694760820045608,0.009195402298850519,106.95,0.795,-0.03515349329569513,0.011332560501605138,0.11694588327084372
873.0,888.0,861.0,865.0,31200.0,27079700.0,870.6,901.16,35.93356620542792,0.015081206496519783,-0.012600229095074411,-0.005694760820045608,106.95,0.795,-0.04012605974521724,0.012528693800227999,0.11694588327084372
857.0,857.0,843.0,853.0,68200.0,58052100.0,865.6,894.52,33.2294553517732,-0.011428571428571455,0.015081206496519783,-0.012600229095074411,106.95,0.795,-0.04641595492554664,0.012032075941972963,0.11694588327084372
866.0,866.0,851.0,859.0,29800.0,25623800.0,862.8,889.88,35.829692616545486,-0.01387283236994219,-0.011428571428571455,0.015081206496519783,106.95,0.795,-0.034701308041533686,0.013312692646804963,0.11694588327084372
864.0,864.0,854.0,858.0,23900.0,20496000.0,862.0,886.6,35.580990474598266,0.00703399765533419,-0.01387283236994219,-0.011428571428571455,106.95,0.795,-0.03225806451612906,0.012222497379427676,0.11694588327084372
854.0,860.0,852.0,860.0,21800.0,18683000.0,859.0,884.2,36.52989030975561,-0.0011641443538998875,0.00703399765533419,-0.01387283236994219,106.95,0.795,-0.027369373444922015,0.008956113837841593,0.11694588327084372
862.0,862.0,851.0,857.0,26700.0,22806300.0,857.4,882.44,35.680870713331146,0.002331002331002363,-0.0011641443538998875,0.00703399765533419,106.95,0.795,-0.02882915552332176,0.007811973928585591,0.11694588327084372
860.0,860.0,851.0,851.0,39100.0,33348700.0,857.0,879.88,33.97986536515238,-0.0034883720930232176,0.002331002331002363,-0.0011641443538998875,106.95,0.795,-0.032822657635132056,0.005394520135438896,0.11694588327084372
854.0,855.0,842.0,846.0,33300.0,28211300.0,854.4,877.6,32.58574174976998,-0.007001166861143493,-0.0034883720930232176,0.002331002331002363,106.95,0.795,-0.036007292616226094,0.0037516031206647803,0.11694588327084372
861.0,861.0,843.0,848.0,20100.0,17078300.0,852.4,875.64,33.75650092287425,-0.005875440658049347,-0.007001166861143493,-0.0034883720930232176,106.95,0.795,-0.031565483532045115,0.004457883356535144,0.11694588327084372
848.0,852.0,830.0,846.0,63800.0,53713000.0,849.6,873.32,33.136759495707864,0.0023640661938533203,-0.005875440658049347,-0.007001166861143493,106.95,0.795,-0.031282920349929064,0.003651408877996903,0.11694588327084372
846.0,852.0,840.0,852.0,32600.0,27628000.0,848.6,871.96,36.880637161206636,-0.002358490566037763,0.0023640661938533203,-0.005875440658049347,106.95,0.795,-0.02289095830083953,0.005880236493938676,0.11694588327084372
854.0,862.0,852.0,858.0,35700.0,30611100.0,850.0,870.4,40.47029178997229,0.007092198581560183,-0.002358490566037763,0.0023640661938533203,106.95,0.795,-0.014246323529411738,0.005742473881650213,0.11694588327084372
865.0,866.0,853.0,854.0,24400.0,20940300.0,851.6,868.28,38.88269629768859,0.007042253521126751,0.007092198581560183,-0.002358490566037763,106.95,0.795,-0.016446307642695873,0.005357508873214052,0.11694588327084372
858.0,858.0,842.0,842.0,39200.0,33321500.0,850.4,865.76,34.50906067950034,-0.004662004662004615,0.007042253521126751,0.007092198581560183,106.95,0.795,-0.027444095361301043,0.00887424215672861,0.11694588327084372
841.0,848.0,840.0,841.0,22000.0,18541200.0,849.4,863.44,34.16418644843404,-0.014051522248243575,-0.004662004662004615,0.007042253521126751,106.95,0.795,-0.025989066987862564,0.008857647398616678,0.11694588327084372
843.0,868.0,843.0,863.0,34300.0,29460100.0,851.6,861.76,46.76813574136088,-0.001187648456057011,-0.014051522248243575,-0.004662004662004615,106.95,0.795,0.001438915707389539,0.015158446300842255,0.11694588327084372
868.0,868.0,853.0,857.0,19100.0,16386700.0,851.4,859.76,44.27841976199891,0.026159334126040434,-0.001187648456057011,-0.014051522248243575,106.95,0.795,-0.0032101981948450624,0.015436495324422067,0.11694588327084372
859.0,865.0,849.0,849.0,23400.0,19964600.0,850.4,858.48,41.13411034162765,-0.006952491309385911,0.026159334126040434,-0.001187648456057011,106.95,0.795,-0.01104277327369306,0.015912906988825373,0.11694588327084372
853.0,854.0,847.0,851.0,28200.0,23995000.0,852.2,857.64,42.2384350942288,-0.009334889148191361,-0.006952491309385911,0.026159334126040434,106.95,0.795,-0.00774217620446806,0.014163081804326313,0.11694588327084372
851.0,867.0,851.0,854.0,28800.0,24729200.0,854.8,856.88,43.93739188986244,0.002355712603062443,-0.009334889148191361,-0.006952491309385911,106.95,0.795,-0.003361030716086261,0.014036861817548546,0.11694588327084372
856.0,858.0,850.0,850.0,47900.0,40776500.0,852.2,856.08,42.15691781177297,0.003525264394829586,0.002355712603062443,-0.009334889148191361,106.95,0.795,-0.007102139986917158,0.005697574743818783,0.11694588327084372
860.0,877.0,860.0,870.0,56200.0,48742800.0,854.8,855.76,52.51760742926735,-0.004683840749414525,0.003525264394829586,0.002355712603062443,106.95,0.795,0.016640179489576527,0.012582805489698952,0.11694588327084372
870.0,884.0,870.0,879.0,34800.0,30566100.0,860.8,856.0,56.31002564519015,0.0235294117647058,-0.004683840749414525,0.003525264394829586,106.95,0.795,0.026869158878504672,0.010660248983751206,0.11694588327084372
879.0,886.0,876.0,883.0,40000.0,35213300.0,867.2,856.84,57.918724275946765,0.010344827586206806,0.0235294117647058,-0.004683840749414525,106.95,0.795,0.030530787544932506,0.010463836157912838,0.11694588327084372
885.0,885.0,867.0,872.0,64000.0,56208800.0,870.8,856.72,52.22390883173432,0.004550625711035261,0.010344827586206806,0.0235294117647058,106.95,0.795,0.01783546549631148,0.01385539516051602,0.11694588327084372
869.0,874.0,861.0,870.0,25100.0,21818500.0,874.8,856.92,51.237469604609494,-0.01245753114382786,0.004550625711035261,0.010344827586206806,106.95,0.795,0.015263968631844328,0.01350664751402817,0.11694588327084372
882.0,882.0,862.0,863.0,13900.0,12059900.0,873.4,857.32,47.832034994476516,-0.002293577981651418,-0.01245753114382786,0.004550625711035261,106.95,0.795,0.006625297438529311,0.00922530243502,0.11694588327084372
864.0,885.0,858.0,878.0,34800.0,30350600.0,873.2,858.08,54.76940800315729,-0.008045977011494232,-0.002293577981651418,-0.01245753114382786,106.95,0.795,0.02321461868357258,0.011703139467120944,0.11694588327084372
888.0,898.0,885.0,896.0,44000.0,39343700.0,875.8,859.6,61.40250306241416,0.017381228273464666,-0.008045977011494232,-0.002293577981651418,106.95,0.795,0.04234527687296414,0.015017314854463223,0.11694588327084372
896.0,908.0,896.0,903.0,42700.0,38526700.0,882.0,861.32,63.63590530336596,0.0205011389521641,0.017381228273464666,-0.008045977011494232,106.95,0.795,0.04839084196349783,0.012282483220997694,0.11694588327084372
905.0,909.0,896.0,897.0,29500.0,26600800.0,887.4,862.92,60.40927418719353,0.0078125,0.0205011389521641,0.017381228273464666,106.95,0.795,0.039493811709080846,0.013229437857693933,0.11694588327084372
896.0,899.0,890.0,891.0,17400.0,15531200.0,893.0,864.52,57.28142648418434,-0.006644518272425293,0.0078125,0.0205011389521641,106.95,0.795,0.03062971359829734,0.01287321779268839,0.11694588327084372
888.0,890.0,881.0,883.0,18700.0,16536800.0,894.0,866.0,53.31741854878547,-0.006688963210702337,-0.006644518272425293,0.0078125,106.95,0.795,0.019630484988452657,0.01268499867974861,0.11694588327084372
889.0,903.0,885.0,897.0,25300.0,22680100.0,894.2,867.96,58.703321737578776,-0.008978675645342271,-0.006688963210702337,-0.006644518272425293,106.95,0.795,0.03345776303055436,0.010972220537129344,0.11694588327084372
897.0,904.0,896.0,902.0,27500.0,24788000.0,894.0,870.2,60.45796698923606,0.015855039637599155,-0.008978675645342271,-0.006688963210702337,22.67,0.791,0.036543323373936974,0.010627862098597849,0.09866861207368229
907.0,925.0,907.0,921.0,40000.0,36693000.0,898.8,872.96,66.3150156845063,0.00557413600891854,0.015855039637599155,-0.008978675645342271,22.67,0.791,0.05503115835777122,0.013300298856189103,0.09866861207368229
911.0,918.0,896.0,900.0,25600.0,23103800.0,900.6,874.64,56.37558948074648,0.021064301552106368,0.00557413600891854,0.015855039637599155,22.67,0.791,0.028994786426415457,0.01805351970678525,0.09866861207368229
911.0,923.0,901.0,911.0,22600.0,20693700.0,906.2,876.92,59.77644341272091,-0.0228013029315961,0.021064301552106368,0.00557413600891854,22.67,0.791,0.03886329425717288,0.01726075363944903,0.09866861207368229
920.0,936.0,917.0,936.0,44100.0,40900200.0,914.0,880.68,66.22155034503604,0.012222222222222134,-0.0228013029315961,0.021064301552106368,22.67,0.791,0.06281509742471733,0.019485004395812817,0.09866861207368229
932.0,936.0,924.0,929.0,19200.0,17838200.0,919.4,884.2,63.16944556815026,0.027442371020856227,0.012222222222222134,-0.0228013029315961,22.67,0.791,0.050667269848450526,0.02083610314320617,0.09866861207368229
929.0,938.0,929.0,931.0,21200.0,19778900.0,921.4,886.92,63.68444812123236,-0.007478632478632452,0.027442371020856227,0.012222222222222134,22.67,0.791,0.04970008568980296,0.01908080021491534,0.09866861207368229
928.0,935.0,919.0,929.0,31200.0,28980500.0,927.2,889.8,62.73967383337395,0.0021528525296017342,-0.007478632478632452,0.027442371020856227,22.67,0.791,0.044054843785120305,0.013787669158910753,0.09866861207368229
929.0,938.0,926.0,926.0,26800.0,24946200.0,930.2,892.88,61.27132946486257,-0.002148227712137518,0.0021528525296017342,-0.007478632478632452,22.67,0.791,0.03709345040766957,0.013898310854465497,0.09866861207368229
925.0,926.0,919.0,924.0,17600.0,16232000.0,927.8,895.8,60.25881857616922,-0.0032292787944026013,-0.002148227712137518,0.0021528525296017342,22.67,0.791,0.031480241125251225,0.0034344124875683173,0.09866861207368229
929.0,932.0,921.0,932.0,23200.0,21520000.0,928.4,898.92,62.89978851933893,-0.002159827213822907,-0.0032292787944026013,-0.002148227712137518,22.67,0.791,0.03679971521381218,0.004928505578502993,0.09866861207368229
934.0,938.0,929.0,933.0,27500.0,25671800.0,928.8,902.24,63.228735531212855,0.008658008658008587,-0.002159827213822907,-0.0032292787944026013,22.67,0.791,0.03409292427735413,0.004869751775159115,0.09866861207368229
922.0,930.0,921.0,926.0,25100.0,23236000.0,928.2,904.48,59.26734416854796,0.0010729613733906351,0.008658008658008587,-0.002159827213822907,22.67,0.791,0.023792676454979636,0.006031117316276957,0.09866861207368229
929.0,929.0,919.0,919.0,16300.0,15052400.0,926.8,906.08,55.521262267870334,-0.007502679528403,0.0010729613733906351,0.008658008658008587,22.67,0.791,0.014259226558361246,0.006763672410905245,0.09866861207368229
919.0,923.0,913.0,917.0,17600.0,16171800.0,925.4,907.44,54.46207530395725,-0.0075593952483801186,-0.007502679528403,0.0010729613733906351,22.67,0.791,0.010535131799347555,0.00676407872912019,0.09866861207368229
920.0,922.0,913.0,916.0,19400.0,17791400.0,922.2,909.2,53.908312576001045,-0.0021762785636560977,-0.0075593952483801186,-0.007502679528403,22.67,0.791,0.007479102507699026,0.003903782161153565,0.09866861207368229
917.0,922.0,914.0,920.0,19300.0,17731200.0,919.6,911.2,55.84241523092422,-0.0010905125408942062,-0.0021762785636560977,-0.0075593952483801186,22.67,0.791,0.009657594381035946,0.004986013517662784,0.09866861207368229
920.0,920.0,905.0,905.0,27500.0,24993700.0,915.4,912.88,47.750508553983984,0.004366812227074135,-0.0010905125408942062,-0.0021762785636560977,22.67,0.791,-0.00863202173341512,0.007815581586631584,0.09866861207368229
904.0,908.0,900.0,904.0,21000.0,18989300.0,912.4,913.92,47.25885039672881,-0.016304347826086918,0.004366812227074135,-0.0010905125408942062,22.67,0.791,-0.010854341736694634,0.007727362578990859,0.09866861207368229
904.0,909.0,902.0,904.0,14000.0,12668500.0,909.8,914.24,47.2588503967288,-0.0011049723756906271,-0.016304347826086918,0.004366812227074135,22.67,0.791,-0.01120056002800141,0.007863881592994846,0.09866861207368229
902.0,907.0,900.0,902.0,14100.0,12728800.0,907.0,914.2,46.1565054123547,0.0,-0.0011049723756906271,-0.016304347826086918,22.67,0.791,-0.013345001093852598,0.007817833125600158,0.09866861207368229
902.0,916.0,902.0,906.0,21300.0,19351500.0,904.2,914.56,48.73219645694105,-0.0022123893805309214,0.0,-0.0011049723756906271,22.67,0.791,-0.009359692092372229,0.007833952610282389,0.09866861207368229
904.0,924.0,904.0,908.0,21900.0,20007300.0,904.8,915.24,50.01960070565559,0.0044345898004434225,-0.0022123893805309214,0.0,22.67,0.791,-0.007910493422490285,0.0026666236790519873,0.09866861207368229
922.0,942.0,921.0,921.0,47200.0,43834800.0,908.2,916.76,57.49169076807171,0.002207505518763808,0.0044345898004434225,-0.0022123893805309214,22.67,0.791,0.004624983638029593,0.006405580453649011,0.09866861207368229
917.0,934.0,915.0,932.0,18900.0,17526100.0,913.8,918.16,62.5883258134565,0.014317180616740144,0.002207505518763808,0.0044345898004434225,22.67,0.791,0.015073625511893387,0.006868090744733948,0.09866861207368229
928.0,942.0,925.0,936.0,18100.0,16931000.0,920.6,919.52,64.2661317485379,0.011943539630836053,0.014317180616740144,0.002207505518763808,22.67,0.791,0.01792239429267446,0.005336193458381365,0.09866861207368229
943.0,950.0,942.0,950.0,13900.0,13168100.0,929.4,920.68,69.43312965326774,0.0042918454935623185,0.011943539630836053,0.014317180616740144,22.67,0.791,0.03184602684971983,0.005900291474814619,0.09866861207368229
955.0,970.0,942.0,955.0,34300.0,32742400.0,938.8,922.88,71.04351829346109,0.014957264957264904,0.0042918454935623185,0.011943539630836053,22.67,0.791,0.03480409153952844,0.005047055313676574,0.09866861207368229
958.0,958.0,941.0,943.0,23800.0,22571600.0,943.2,924.16,62.52905092278764,0.0052631578947368585,0.014957264957264904,0.0042918454935623185,22.67,0.791,0.020386080332410007,0.010679761268492214,0.09866861207368229
942.0,964.0,942.0,957.0,33700.0,32114500.0,948.2,925.0,67.43296368809845,-0.012565445026177957,0.0052631578947368585,0.014957264957264904,22.67,0.791,0.034594594594594595,0.011231296221669572,0.09866861207368229
952.0,961.0,950.0,961.0,31500.0,30079600.0,953.2,926.28,68.69362232072201,0.014846235418875864,-0.012565445026177957,0.0052631578947368585,22.67,0.791,0.03748326639892908,0.011234070067477514,0.09866861207368229
963.0,963.0,952.0,957.0,21300.0,20445100.0,954.6,927.32,65.94457010781227,0.004179728317659448,0.014846235418875864,-0.012565445026177957,22.67,0.791,0.03200621144804377,0.010360529468370471,0.09866861207368229
950.0,960.0,933.0,948.0,40700.0,38479200.0,953.2,928.08,60.115243576557944,-0.004162330905306932,0.004179728317659448,0.014846235418875864,22.67,0.791,0.021463666925265017,0.011084213447707414,0.09866861207368229
951.0,960.0,945.0,955.0,21800.0,20789200.0,955.6,929.24,62.86481583682261,-0.009404388714733591,-0.004162330905306932,0.004179728317659448,22.67,0.791,0.027721578924712657,0.009554864044191624,0.09866861207368229
955.0,972.0,950.0,960.0,38100.0,36680400.0,956.2,930.68,64.73489512770516,0.007383966244725704,-0.009404388714733591,-0.004162330905306932,22.67,0.791,0.03150384664976152,0.007125346139057008,0.09866861207368229
955.0,970.0,954.0,960.0,28100.0,27011300.0,956.0,931.8,64.73489512770516,0.005235602094240788,0.007383966244725704,-0.009404388714733591,22.67,0.791,0.030264005151320075,0.006846944452558712,0.09866861207368229
956.0,966.0,956.0,961.0,18700.0,17970400.0,956.8,932.92,65.14206483432201,0.0,0.005235602094240788,0.007383966244725704,22.67,0.791,0.03009904386228191,0.006477614052756001,0.09866861207368229
961.0,974.0,961.0,974.0,21800.0,21147800.0,962.0,934.84,69.99257139680344,0.0010416666666666075,0.0,0.005235602094240788,22.67,0.791,0.04188952120148899,0.005435268412609742,0.09866861207368229
973.0,977.0,970.0,977.0,42200.0,41165500.0,966.4,937.16,70.99559685783558,0.013527575442247697,0.0010416666666666075,0.0,22.67,0.791,0.04251141747407063,0.005390612936753671,0.09866861207368229
970.0,970.0,951.0,955.0,40500.0,38761100.0,965.4,938.68,56.168338290995216,0.0030800821355236874,0.013527575442247697,0.0010416666666666075,22.67,0.791,0.01738611667447911,0.013189797223481781,0.09866861207368229
954.0,976.0,939.0,960.0,52200.0,49874800.0,965.4,940.44,58.299902987312784,-0.022517911975434957,0.0030800821355236874,0.013527575442247697,22.67,0.791,0.020798775041469892,0.013490813743672088,0.09866861207368229
953.0,960.0,921.0,927.0,70500.0,66034100.0,958.6,940.72,43.32464751407191,0.005235602094240788,-0.022517911975434957,0.0030800821355236874,22.67,0.791,-0.014584573518156334,0.020389305358519235,0.09866861207368229
934.0,952.0,926.0,940.0,37000.0,34736700.0,951.8,942.12,48.89385764065605,-0.034375000000000044,0.005235602094240788,-0.022517911975434957,22.67,0.791,-0.0022502441302594198,0.020515065715439526,0.09866861207368229
940.0,952.0,940.0,947.0,29000.0,27464600.0,945.8,943.84,51.64900097272098,0.014023732470334505,-0.034375000000000044,0.005235602094240788,22.67,0.791,0.0033480250889981016,0.021130430308498278,0.09866861207368229
947.0,970.0,945.0,959.0,54400.0,52038200.0,946.6,946.04,56.02561969930182,0.007446808510638281,0.014023732470334505,-0.034375000000000044,22.67,0.791,0.013699209335757512,0.02010432798190168,0.09866861207368229
956.0,1013.0,954.0,999.0,132600.0,131266600.0,954.4,949.92,66.81016397560418,0.012671594508975703,0.007446808510638281,0.014023732470334505,22.67,0.791,0.05166750884284997,0.027340405874844483,0.09866861207368229
1005.0,1011.0,975.0,998.0,84000.0,83907700.0,968.6,953.6,66.37192482367003,0.04171011470281538,0.012671594508975703,0.007446808510638281,22.67,0.791,0.04656040268456373,0.016069249416245872,0.09866861207368229
989.0,1019.0,989.0,1009.0,55600.0,55784800.0,982.4,957.64,68.7965707695614,-0.0010010010010009784,0.04171011470281538,0.012671594508975703,22.67,0.791,0.05363184495217411,0.016169210819448807,0.09866861207368229
988.0,1010.0,986.0,995.0,55700.0,55411900.0,992.0,960.6,62.609221158493405,0.011022044088176308,-0.0010010010010009784,0.04171011470281538,22.67,0.791,0.0358109514886529,0.020644013968977845,0.09866861207368229
980.0,1009.0,974.0,988.0,68600.0,67944700.0,997.8,962.84,59.71726019036096,-0.013875123885034646,0.011022044088176308,-0.0010010010010009784,22.67,0.791,0.02613102903909265,0.021876064728376617,0.09866861207368229
997.0,1006.0,994.0,997.0,43900.0,43864600.0,997.4,965.28,62.13872684271163,-0.007035175879396949,-0.013875123885034646,0.011022044088176308,22.67,0.791,0.03286093154317921,0.010569367778659267,0.09866861207368229
1000.0,1017.0,982.0,1003.0,66200.0,66304900.0,998.4,967.4,63.70511136712213,0.009109311740890691,-0.007035175879396949,-0.013875123885034646,22.67,0.791,0.036799669216456506,0.010922512296419957,0.09866861207368229
1006.0,1013.0,996.0,996.0,35300.0,35323600.0,995.8,969.04,60.55735203892062,0.006018054162487463,0.009109311740890691,-0.007035175879396949,22.67,0.791,0.027821348963923097,0.00971265803845496,0.09866861207368229
996.0,1005.0,990.0,999.0,23400.0,23340400.0,996.6,971.28,61.43679615280728,-0.006979062811565351,0.006018054162487463,0.009109311740890691,22.67,0.791,0.028539659006671637,0.007467706702329143,0.09866861207368229
999.0,1003.0,976.0,998.0,71600.0,71039300.0,998.6,972.92,60.94896230766162,0.003012048192771122,-0.006979062811565351,0.006018054162487463,22.67,0.791,0.025778070139374297,0.00627167863705179,0.09866861207368229
998.0,1011.0,989.0,1008.0,63200.0,63398200.0,1000.8,974.8,64.02524274337968,-0.0010010010010009784,0.003012048192771122,-0.006979062811565351,22.67,0.791,0.034058268362741125,0.006536256688938549,0.09866861207368229
996.0,1015.0,996.0,1001.0,27300.0,27472800.0,1000.4,976.56,60.43624222320761,0.01002004008016022,-0.0010010010010009784,0.003012048192771122,22.67,0.791,0.02502662406815767,0.0071883937047527635,0.09866861207368229
998.0,1007.0,991.0,1007.0,24600.0,24675700.0,1002.6,978.92,62.38271199431155,-0.00694444444444442,0.01002004008016022,-0.0010010010010009784,22.67,0.791,0.028684672904833942,0.006520600075236642,0.09866861207368229
1007.0,1014.0,1004.0,1009.0,28100.0,28344500.0,1004.6,981.08,63.03553874002528,0.005994005994006013,-0.00694444444444442,0.01002004008016022,22.67,0.791,0.02845843356301215,0.006505417263841441,0.09866861207368229
999.0,999.0,974.0,979.0,48600.0,47778400.0,1000.8,981.84,49.2334039952594,0.0019860973187686426,0.005994005994006013,-0.00694444444444442,22.67,0.791,-0.002892528314185643,0.015833125184618973,0.09866861207368229
975.0,981.0,958.0,971.0,94500.0,91795500.0,993.4,982.28,46.32074434630445,-0.02973240832507429,0.0019860973187686426,0.005994005994006013,22.67,0.791,-0.011483487396668947,0.013847690402754378,0.09866861207368229
956.0,990.0,956.0,977.0,232500.0,227251500.0,988.6,982.92,48.76874116697479,-0.008171603677221695,-0.02973240832507429,0.0019860973187686426,22.67,0.791,-0.006022870630366621,0.015133440655906251,0.09866861207368229
992.0,992.0,947.0,961.0,66500.0,64008700.0,979.4,982.4,43.12132403020043,0.006179196704428458,-0.008171603677221695,-0.02973240832507429,41.82,0.8,-0.021783387622149816,0.014454996437483155,0.09563688520797668
961.0,971.0,923.0,937.0,79900.0,75181000.0,965.0,980.8,36.32610976895258,-0.016376663254861867,0.006179196704428458,-0.008171603677221695,41.82,0.8,-0.04465742251223487,0.014255385331335888,0.09563688520797668
940.0,942.0,903.0,934.0,67200.0,61977700.0,956.0,979.96,35.57152463637894,-0.024973985431841816,-0.016376663254861867,0.006179196704428458,41.82,0.8,-0.046899873464223064,0.011977275991834745,0.09563688520797668
931.0,998.0,922.0,981.0,154600.0,149413300.0,958.0,980.8,52.29180699901515,-0.0032017075773745907,-0.024973985431841816,-0.016376663254861867,41.82,0.8,0.00020391517128879027,0.02934280322452755,0.09563688520797668
972.0,999.0,939.0,970.0,127700.0,123300300.0,956.6,982.52,49.08138534542594,0.05032119914346889,-0.0032017075773745907,-0.024973985431841816,41.82,0.8,-0.012742743150266644,0.029808445246756576,0.09563688520797668
985.0,985.0,960.0,972.0,44100.0,42835000.0,958.8,983.8,49.68622096353588,-0.011213047910295648,0.05032119914346889,-0.0032017075773745907,41.82,0.8,-0.011994307786135347,0.028558655502863604,0.09563688520797668
